mutated_sequence,Expression,Expression_continuous_score
SRPDLTNVPGLLGEIARWRASVIVPHPLPCPPKRPSFATALLRPGLAIIATYMNKAPDGLSVNIHHGEYAKTAAKIAAALIIVTDEKYFNGSAETLRKIASSVDIPILHWEFIVDPTIIYAAAADNAAAVILIAQILDDDQFRQLAAVAHALKLDVVVDITSEEDWEKIASVIRPKIIVIVTTDLATLETDKSILWKLMKLIPPNTILAAAGGYSRKEELKALEGIFDAVMISTSIMRAPDPEAFIRKLLG,0.0,0.3769067767275933
REMWLIMKQVAEDITQMQAENMIPEIRNHLFLQHLSGKYRVKIIAVYMNKAMDGLSANIDHIEYAKTAAKIAAALVILTDEKYFNGSAETLRKIASSVDIPILHWHFIIDPTAIRAAAADKADAVVLIASILDDDQYRQLAAVAHALHLDVVLDITSEEDWEKIASVIRPKIIVIVTQDLDTFKIDKSILWKLMKLIPPNTVVIAASGIKDPRELKDLRGKVNAVIISTSIMKAPDPKAFLEKAEKHSE,0.0,0.42049466003188224
PSAMDAAVAGAREDVAAREARVSFDELKERAARAPPPRDVLAALRAPGVAVIALVARASPSDGAIRPLDPVEAAREYEKGGASAISVITDPRYFGGSLEYLKAIRSAVDLPILCVNWIVDPAQIYLARAYQADAIVLFLSVLDDEQARQLAAVAHSLNMGVIVVVHDEEDLEKVFSVIKPKIIAIDNLDLDTFEVDLNTTEKLLKLIPPDTIVISVGGIYTYQQVRELSHYANGFWIGSALMSEDDLHAAVRRVALGDNKA,0.5,0.6230416324045602
PRYLKGWLRDVVQTALRRPSIEDQPQKPAISIASAIEEAKKRNKPAIIALYTRKSPSGLDVERDPIEYAKFMEKYAVALVVLTDQKYFNGSPEDLKKIASAVSIPILCFDFIVDEYQIYEAYALGADAILLIVAILDDEQLRELYEAAKELGMDVLVDVHTEEELERALRAGAEMIGINNQDLKTLEVDPNTAERLGRLARERGFTGVLVAISGISTAEDIKRLRKAGVDAFLIGSSLMRNPDKAKKFRE,1.0,0.7761182087479428
MEEVLAKIVRDKRIWVEERQQQQPLESFQNTVQPSTRNFYDALQGDKAVFIAVYMRKSPSGLDVERDPIEYAKFMEKYAAGLIVLTDEKYFNGSYEDLRKIASAVSIPILMYDFIVDEYQIFQARALGADAVVLFVAILSEEELKSLLEYARSYGMEPLIDIFDEEDLEIALKIGARLIGVGSMDLKTNRVDLETQKRLISLIPSDVIIVAIGGISEPEQVKELRKLGVDAFIIGSTLMRNPEKIKELTE,0.5,0.617304607369355
MEEVLAKIVRDKAIWVEARKQQQPIESFRDELQPSTRNFYQALTGDRTAFILPCIKASPSKGLIREDFDPVRIASVYRHYASAIAVLTDEKYFQGSFDFLRQVRAVAPQPVLMFDFIIDEYQIYQAALAGADAVLLIVAILSDEELKHLYEFARSLGMDVLVDVHTEEELERALRLGARVIGIGNTDLRTMEVDPNTAERLGRLARERGFTGVLVAISGIYDPQQLKDLRGYFDAVLVGTSLMRAEDPKKACKEMVAWAE,1.0,0.7703806398102218
PTALDAIVAGAREDLAAREAHVSFDELKERAERAPPPRDVLAAFRAPGVCLILVCLKASPSKGLIREDFDPARIAAVYRHFADAITVLTDEKYFQGSFDFLRIVRNVAPQPIICWDFIIDEAQIYEAKAYGADCILLIAAILDDDQLKHLYEAAKELGMDVEVIVHTEEELERALKAGAEIIGILNRDLKTFEVDRNTFERLGRLARERGFTGVLVALIGVRGPEDLLHYAAAGADAVVVGQGLVTHGDPKQALADLVTAGTHPSCPR,1.0,0.7148571474254901
PSAADAIVAGVREDVAAREAVVSFDEMKERAERAPPPRDALAVLRAPGVAVIAIFLKASPSKGDINPDADPEEIIRIYNKYADAITILTEKDYFKGSPDYIKQARKITNLPIICWDFIIDEYQIYEARAAGADAILLIAAILDDDQMKTLYEAAKELGMECIVDVHTEEELERALRAGAEIIGILNRDLKTFEVDRNTAERLARLARERGFTGVLIAIGGISEPEEIKRLAKLGVDAVLIGETLMKNPDKAQEFRE,1.0,0.7828549354888579
PSVLDDAVAGAREDVAAREARLSFDELKEQAERAPPPRDALAALRAPGVQVIAICLKATPSSGLIREDFDPARIASVYRHYASAITVLTNEKYWQGSFDFIRIVRAVAPQPVLAVDFIVDESQIAEAAAAGADAVELIVAILSPEELASLIEYAQSYGMEPLVIVHTEEEAERALAAGAKVIGVLAWDLKTMEVDPSAFARIADRLPDDVVKVALAGVRGPEDLLAAAAAGADAVLVGLGLVTHGDPRQALADLVTAGTHPSCPR,0.5,0.6261171576044205
MRKLEKILEEAKKFKQSIEYENIQFQEKNKNFLKAMLGSERIRIILLCIKASPSKGLIREDFDPVRIAALYRHYADAIAIITDEKYYQGSFSFLRQVAAVATQPIICVDFILDKSQILQAAAAGADAVWLIVKILSPDQLKSLYEYAESYGMQPLITIHDEEDLEIALRIGAKIIEISSVDLDTFSVDLELQKKLMKLIPPEIVIIALTGITGPEDLMEYAKWGADAVLVGIGLITDGDPRQALADLVTAAQHPSCPS,0.5,0.5589502063090652
MDDADLRNVKGVIAEIAKSVYKDQRPYPLPEPPPGKDYEAAMRRPGVALICLFIKASPSKGDINPDADLEKIIRIYDKYADAIVILTDPHYWKGDDQYIQRAKNYTELPIIRMNWIVTEYQVYEARAHGADAVILVVAALEQEVLESLYELIESLGMVAVVEVHTEEELERALRAGARVIGILNVDMRTMEVDRSVAEHLGRLARKRGFTGVLVTIGGVSSKEEIKRLEKAGVDAILIGDTLMKNPSKAEEFRE,0.5,0.5129994116786455
MEEVLAKIVKDKAIWVEARKQQQPIESFRDELQPSQRNFYQALTGDRTAFIAICLKASPSKGLIREDFDPVRIASVYRHYADAIIVLTDEKYFQGSFDFLRQVAKVVPQPILCFDFIIDPYQIYLARYHQADAILLMLSILNDEQYRQLAAVAHSLNMGVLVDVHDEEDLEKVFSHVRPKIIGISNTDLKTLETDLNTTEKLLKLIPPDTVVVSSSGIYNPEQLKDLRGKVDAVLVGTALMRAEDPKKFCKDMIAAAE,1.0,0.7987487100337536
MDDADLRNVTGELAKIAKTIAKSIRPYPLPEPPPGPSFESALRRPGIAIICLFIKASPSKGDINPNLDLESVIRMYDKYADAIEILTEPHYQKGSPDYIKQARKYTNLPILRWDFIVTEYQIYEARAHGADAILLIVALLEQEVLESLIALIESLGMVPVVIVHTEEEADRALKAGARIIAILTEDLKTGDVDKTLFERIADLLPDEVVRICVGGIYDPQQLKDLRGKADAVLIGEALMRAEDPKKMLQDFLAYAE,0.5,0.5732650666538299
RKYEEIIEEAKKKKQELEEENIQFQPKNHSFLKALLGKERIALICVYARKSPSGLDVERDPIEFAKTAEKYADALAVITDEKFFNGSLEDLRRIRSAVSIPIERLDFIVDPAQIFEAAAHGADAIWLIVAVLGDRLAEFYKIAQELGLDVIVLVHDEEDLEKVFSYCKPKLIAILNRDLDTFEVDLNTTEKLLKLIPPDCVIIVVGGYSTKEQLKSLKGLADAVLIGESLMRAPDIHKAIAELVG,0.5,0.6162660979851045
PSVLDSIVAGAREDAAARRAQVSLDEMKERAAKAPPARDAMAAFRAPGVAVIALVGRASPSEGDIRPLDPVEAARTYEEAGADAITVLTDPRYFGGSLEDLRAIREAVDLPIIRYDFIVDESQILEAKAAGADAVLLIVAILTEEELKHLYEFARSLGMEVIVDIHDEEDLEIALRIGARLIGINSKDLKTNEVDLETQKRLISLIPSDVVIVALSGIYNPQQLKDLRGYVDAVLVGTAIMRAEDPKKFLKEMKAWAE,1.0,0.8526299499318339
MDDADLRNVPGELAKIAKTILADVRPDQLPEPPPIPSFEDALKQPGVALIALYARKSPSGMDVERDPIEYAKMMEKYVTALVVLTDPKYYNGSLEDLQKIRSAVSIPVIRQDFIVTEYQVYEARAHGADLVPLIVALLEEEVLRRLYELIQSLGMVALVLISTEEELKRAIKLGARVVGILNVDERDNSIDLNRTKHLAPQLGPGIIIEALGGIYDPRQLKDLRGLVDAVFIGEALMTAEDPKKTLQEMFKYAK,0.5,0.5531682578735277
PSVLDALVAGAREDVAAREARLSFDELKEQAARAPPPRDALAALRAPGVSVILICLKAQPAKGLIREDFDPVRIASVYRHYASAIAVITDEQYLQGSFDFLRQVSAVAPQPILAIDFVVTPYQIHEARAHGADMVELIAAALEDAQMEELYERTESLGMHALVVVHDEEDLEKVFSHIKPKIIGIWNRDLDTFEVDLNTTEKLLKLIPPDTIVVSIGGIYTYQQVRELSHYANGFLISSALMSEDDLEAAVRRVTLGDNKA,0.5,0.5613210319282353
PTASDDHITNVRKIQAKREAKVSYNDLKAIAASAPPPCDVLAALRSPGLVIIAVLIKASPSTGLILDDFDPKRIAALYRQYAVAIIVATDRSVFQADFNFIRIIAQIAPQPIIAWNYYTHIAQIAWAAAAGADAIVLITATQTEDLLATLHKYAKKYKMDTFVDIFSEEDWEKVASVIRPKIIVIVTTDLDTFKTDKSILWKLMKLIPPNTIIVAVSGISEAEELEELRKLGVNAAVISETLMRNPEKIAELNR,0.0,0.29560617505937525
DAAIIKHVKGEQAEIAKAVYLNIKPKPLAEPPPGRSFEAALRRPGVAIIAIFLKASPSKGDINPDADPEEIIKIYNKYADAITVLTEEHFFKGSPSYIQQARKHTNLPILRWDFIVDERQILEARALGADAILLIVAILTPKALKSLYEYARSLGMEVLVDVHTEEELERALKAGAKIIGILNRDLRTFEVDPNTAERLGRLARERGFTGVLVSIGGIYNPQQLKDLRGYFDAVLVGESLMRAEDPKKFLEEMIAWAE,1.0,0.7645370184791446
MEEVLAKIVRDKKIWVETRKQQQPLESFRDTIQPSTRNFYDALQGDRTAFIALFTKASPSEGDINPDADPVEIIKIYNKYADAIAVLTDEKYFKGSPEYLKEIRKHTNLPLLCIDFIVTPYQIWEARAHGADVVVLYVAALDQDQMRRLLELIHSLGMTALVDIHDEEELEIALRLGARIIAIGNRDLKTNEVDLETAKKLASLIPSDVIIISFSGIYDPRQLKDLRGVYDAFCIGTALMRAEDPHKFLKELIAWIE,1.0,0.6976899439169801
PSVADAAVAGAREDLAAREARLSFDELKEQAARAPPPRDALAALRAPGVAVIAICMKASPSKGLIREDFDPARIASVYRHYASAIAVMTDEKYFQGSFDFLRIVRAVAPQPIEAVDFIIDPAQIYLARAHQADAILLIASVLDDEQARQLAAVAHSLNMGVFILVHDEEDLEKVFSVIKPKIIAILNTDLDTFETDLNTTEKLLKLIPPDTIVITVGGIYDPRQLKDLRGKVDAVFVGESLMRAEDPKKFLKEMIAWAE,0.5,0.5832139652560628
MEEVLAKIVRDKKIWVEERKQQQPLESFRDKVQPSTRNFYDALQGDKTAFILVCLKASPSKGLIREDFDPVRIAAVYRHYANAITVLTDEKYFQGSFDFLRQVSQVAPQPILCFDFIVDEWQLYLAALFGAAAILLIVAILGDRTKEFIDMARELGLDVLVDVHDEEDLEKVFSYCRPKIIGVVNTDWRTMETDLNTTEKLAKLIPPDTIVIAISGISEPEQVKRLRKAGVDGVLIGSTFARNPDKAAEAKE,0.5,0.6026764549487342
SRADLTNVPGAVGEFARARASVIVPHPVPCPPKVPSFYEALLRPGAAIIALFTRASPSKGDINAHANLEAFIRWYAELADAISIMTEKHYNKGDPAFIKHARNLVSFPILRFDFVDDPFMLYAARAFGAAAIVLIVALTGHRTGEYLEIAARYDLDVLIDITSEEDWEKVASVARPPIWVIVTTDLATFETDKSILWKLMKLIPPNTVILVVGGIYVAAIIEEQASGADGFIISEALMAHDDLHSALRRLLEANQNR,0.0,0.2849783445452
PSVLDEIIAAARKDAAARRAQVSLDELKEQAERAPPPRDAMAAFRAPGCAVILLCEKASPSKGLIREDFDPVRIASVYRHYADAIYVITDEKYFQGSFDFLRQVSAVVPQPIYCYDFIVDEYQIAEARAAGADAVLLIVAALSEEELKSLYEYARSLGMDVLVDIHDEEDLEKVLSVIRPKLIGIVNTDWKTFETDLNTTEKLAKLIPPDTILVAISGISEPEQIKRMRKAGVDAVLIGSTFARNPDKAAEAKE,1.0,0.751918238943189
PSVLDAIVAGVRADVAAREARVSFDELKRRAERAPPPRDVLAALRAPGVSLICVFLKASPSKGDINPDADPEEIIKIYNKYADAITVLTEKDYFKGSPDYLKQARKATNLPIIRWDFIIDEIQIYEARAAGADAILLIAAILDKDQIKELYETAKELGMDVEVVVHDEEDLRKVFSVIKPKIIAIINQDLDTFRVDLNTTEKLLKLIPPDTIVVCIGGIYTYNQVRELSRYANGFVISSALMSEDDLEAAVRRVLLGDNKV,1.0,0.6718548923842991
PTALDDHNTDARKEQARREAKVSYNDFVAIAALAPPPCDIMAVLRSPGIAIIALFKRASPSKGDINAHANLEKFIRWYDEFADAIQIMTEKHYFKGDPAFIRHARNLTNRPIIMFNYITHEAQIATAAAVGADAVILITASLTDDELRTLIEYAKKYKMDTMVDVHTEEEAKRALKAGVKVICVVPVVIWTDEVDEEALKKIARNLPPEVIIILVSGINVAAIVEELAHHADALVISDAIMAHDDIHSALAKVMKHNQNR,0.0,0.3519590501546016
GSVLDEILAGVREDLAARKAVVSFDEIKERAARAPPPLDVMAALRAPGVGVIALFTKASPSKGDINPDADPEEIIRAYNDYADAIVVATEERFNKGSPEYLKQARKVTNLPIIRWDFIIDEYQIYEARAAGADAILLIAACLDDEQMKRLYETARNLGMDVWVDIHDEEDLEKALKAGARVIGVVSKDLKTNSVDLETTKRLISLIPSDVIIIAMFGVRGPEDLLAFAAWGADAVLVGDGLVTHGDPRQAVADLVTAGTHPSCPR,1.0,0.7112883320657115
GSVLDEILDGVRKDVAAREALVSFDEIKERAARAPPPLDVMAALRAPGVGVIAWFTKASPSKGDINPDADPAEIIKAYNEYADAITVTTEERFFKGSPEYLKEARKITNLPILRFDFIIDEYQIYEARAAGADAILLIAACLDDEQMKRLYEAARELGMDVWVDVHTEEELERALRAGAEVIMILNFDQRTAEVDLNTFERLGRLARERGFTGVLIAAGGVRGPEDLLHYAAAGADAVLVGDGLVTHGDPRQAVADLVTAGTHPSCPR,1.0,0.7124168761054946
MDLPDLRNIPGEVAKIAKAVKKSLRPYPLPEPPPVRSVEEALRRPGVAIVALFLKASPSKGDINPDADPAKIIKIYDKYVDAIAILTEKHYHKGDMSYIQKARQYTNLPIIRQDFIVDPYQLYEARAHGASAILLIVRLLGDKLEDFIKLAHELGMDVFTLISTEEEMKRAIALGAKIVAILNIDYRDNSIDLNRTKHLAPQLGPGVVIEAVGGIYDPRQLKNLRGKVDAVLVGEALMRAEDPKAFLAEMLKCAE,0.5,0.5469450967168412
PSVMDAIIAGVREDVAAREARLSFDEIKEQAERAPPPRDGLAALRAPGVGVIAWVMRASPSEGAIRPLDPVEAARTYEEAGASAIFVLTDPRYFGGSDEDLKAVRSAVDLPILCVNFIVDPAQIYLARAHQADAIVLIASVLDDEQYRQLAAVAHSLNMGVFVDVHTEEEAERALQAGAKVIAVLARDLKTFEVDRSAFARIADLLPDDVVRVAIGGIRGPEDLLAAAAWGADAVLVGEGLVTHGDPRQALADLATAGTHPSCPR,1.0,0.7964138929618247
PSVADAIVAAVREDVAARKAQVSFDELKARAAKAPPPRDVLAALRAPGVGIIALFLKASPSKGDINPDADPEEILKIYNKYADAIDVLTEKKYFKGSPEYIKQARKVTDLPILCWNWIVDPAQIYLARAYHADAIVLLLSVLDDEQARQLAAVAHSLNMGVLVFIHDEEELEIALRIGARLIGILSRDLKTFEVDLETQKKLISLIPSDVIVVAIGGISEPEQIKELAKAGVDAVLIGETLMKNPDKIQEFTE,0.5,0.6082347213981345
PSVLDEIIAGVREDAAARAAQVSLDELKERAARAPPPRDVMAAFRAPGVAVILVCLKASPSKGLIREDFDPARIAAVYRHYANAIVVLTDEKYFQGSFDFLRIVSSQAPQPIICYDFIVTPYQIYEARAHGADLVLLIVAALDQEQLRSLLELVHSLGMTAVVDIFDEEDLEKVLSHVRPKIIGITNTDYKTFETDLNTTEKLAKLIPPDTIVISFSGIYTYQQVRELSHYANGFLIGSALMAEDDLEAAVRRVLLGDNKI,1.0,0.7393608475227124
MEEVLAKIVKDKAIWVEARKQQQPLESFRDSIQPSQRNFYQALTGDRTAFIAVYTRKSPSGLDVERDPIEYAKTMEKYAAALIVVTDEKYFNGSLEDLRKIRSAVSIPILRWDFIIDEWQIYEAAAAGADAIVLLAAILDDDQLKELYEAAKALGMDCLVDVHTEEELERALKAGAEVIGIINMDLRTMEVDRNTAERLGRLARERGFTGVLVAISGISTPEDLKRLKKAGFDAAIIGSSLMRNPDKAEEFIE,1.0,0.727603230619686
MIRELKGWLKEVAEMAKNRPPFDAQREKPVISLASRILEAKKRGKLALICLYVRKSPSGLDVERDPIEFAKLMEKYAVALAVLTDEKFYKGSLEDLRRIRSAVDIPIIMVDFIVDESQIYEAYAAGADAILLIVSILTDDELKRLYEYARSYGMEPIIIVHTEEEADRALKAGAKIIAINAQDWRTGDVDQSLFERIADRLPDEVIKEAVGGISEPEQLKRLRKLGVDAVFIGETLMRNPSKIEKFRE,0.5,0.6394143928299278
MEEVLARIVKDKEIWVETRKQQQPLESFRDKLQPSTRNFYQALTGDRTAFIAVYLRKSPSGLDVERDPIEYAKTMEKYADALVVLTDEKYFNGSLEDLRKIRSAVSIPILRFDFIVDSYQIWEARAHGADAVVLIVAALDDEQLRELYERIESLGMTAHVDVHTEEELERALKLGARIIGIVNTDLRTMEVDRNTAERLGRLARERGFTGVLVAISGIHEPEEVERLRKAGVDAVIIGSTLMRNPDKAKEFKE,1.0,0.7425624148692223
RKEEEIIEAAKKKKQELLEENIQFQRRNHAFLKALLGKERVKLIADILKASPSKGDINPDFDLEEIIRIYNKYADAITVLTEEDFFKGSPEYLQQARKITNLPILRWDFVVDPAQIWEAAAHGADAILLIVRVAGDRTAEFYKLASELGLDVLVLVHDEEDLEKVFSYLKPKIIAIINRDLDTFEVDLNTTEKLLKLIPPDCIVIAIVGVRGPEDLLRYAAQGADAVVVGEGLVTHGDPRQALADLVTAGTHPSCPR,1.0,0.6747858870212264
PRELKGWLKEVVQRAKRRPSIEAQRKKPIISLASRILEARKRGKLAIICIVIKASPSKGDINPDADPEEIIKIYNKYAAAITVLTEEDFFKGSPEYLKQARKITDLPLLCWDFIVDEKQIYEAYALGADCILLIAAILDDEQIKKLYEAAKELGMDVLVDVHDEEDLEKVFSVIKPKIIAILNRDLKTFEVDLNTTEKLLKLIPPDTIVVAIGGYSTKEQLKSLEGLADAVLIGESLMRAPDIAAALRELIG,1.0,0.7413635044165766
GRPDLTNVPGLLGEFARARASVIIPHPVPCPPKVSSFYEALLRPGLALILVIIKASPSEGLIRDDFDPRRIAALYRQYAAAIIVATDRQVFQGDNNFLRIIAQIAPQPIGAFDFIVDPFMLYAFRAFGAAVVVLIVALLGELTGEYLEIAARYDLDVLIDITSEEDWQKVASVARPKIIVIVTMDLATMTIDKSILWKLMKLIPPNMVIILAGGIEDPRELKDLRGKVNAVIVSTSIMKAEDPRAFLEEMEKHAH,0.0,0.23052994878366878
DHPSTGWLKDVILMAKHMPMFIDEVEKPIRKLAETILEFNKRNITAIIALYTNKAPDGLSTNMHHQEYALTAAKYAAALVIITDEKYFNGSYETLRKIASSVDIPLIHWHFIVDPALIVAAFAANATAIVLILSILDDDQYRKLAAVAHALDMDVLVDVTTEEQAKRALKLGAKVIVVVPLVSDTGEADEEAIKKIARNLPPEVLIIVAGGIHNAEDLKKAMAAGAHAVIIGHGLVTNGDPRAAFIRLFLAGTDPSCPY,0.0,0.4598796082509259
MPSALDEIISGVRQDVAARESKVSFDEMKERAERAPPTLDVLAALRAPGIALICLYIRKSPSGLDVERDPIEWAKIAEKYAAALVVLTDEKHHNGSLEDLKKIRSTVTIPVIMADFIIDEYQIYEARAMGADAILLIVAILDDEQLKKLYETAKKLGMDVIVLVHTEEELERALRLGAEIIGILNIDLRTFEVDRSVAEHLGRLARKQGFTGVLEAVGGYSTPEELKSLRGIFDAVFIGESIMRAPDIEDKIRKLVG,0.5,0.6256788115446064
PSALDALIAGVREDVAAREADVSFDEIKEQAERAPPPRDALAALRAPGVGVILICLKASPSKGLIREDFDPLRIASVYRHYASAIAVVTDEKYFQGSFDFLRIVRAVVPQPILCVDFIVTPYQIHEARAHGADLVWLIVAALEQEQLEELYERVESLGMHALVVVHTEEELERALRAGAEIIGIDNIDLHTFEVDPNTTERLARLARERGFTGVLISIGGIYNPQQLKDLRGYVDAVLVGESLMRAEDPKKFLKEMIAWSE,1.0,0.6793233248057882
DLPSDGWLKNVILAAAHRPMLIDELKRPIRKLAETILEFNKRNITAIIAVIIKASPSTGLIRDDFDPVRIAALYAQYAAAIAVAADEKAFQAAPYFIRIIAQIAPQPIIKWDFVTNPEMLEAAWRLGAAAIVIIVALTGHRTGEYLEIARRLDLEVLVDIYSEEDWEKVASVARPKVWVIVTTDPETFETDKSIVWKLLKLIPPNTVKLLVSGTNVARIAIEQAHCVDGFFISSALMAHDDLHAAMAKIARANKNA,0.0,0.2322115835725425
MDRPDLRNVKGEIAEIAKQILKDLRPSPIAPPPPGLDFEAALRKPGVSILAMVYRASPSQGNIKPLDPVQQAQTYEKAGADAIVVLTDPKYWGGSMEDLKKIAQAVSLPIECVDFIVDPWQIYLARHYQADAILLMLSILSDETYKQLASVAHALNMGVIVIVHTEEEAERALKLGARVIAILAQDWKTGKIDRSAFERIAGRLPDEVVRIAAAGITGPEDLLHYAAAGADAIFVGIGLITDGDPRQAIADLVTAAFHPSCPK,0.5,0.6075158732120357
MEEVLAKIVKDKRIWVEARKQQQPLESFQNEVQPSTRNFYQALQGDKTAFILVCIKASPSKGLIREDFDPARIAAVYRHYADAIAVLTDEKYFQGSLDFLRIVSAVAPQPILCYDYIVDSYQIHQARAYGADAVLLLVAALDQDQLRELLERVHSLGMTAVVDVHTEEELERALRAGAEVIGINNTDYKTMEVDPNTAERLGRLARERGFSGVLISISGIYTYQQVRELSHYADGFLIGSALMAEDDLEAAVRRVLLGDNKI,1.0,0.7521026372724204
PSALDAIIAGIREDLAAREARVSFDELKEQAERAPPPRDAMAVLRAPGVAVIAIFIKASPSKGDINPDADPEEILRIYNKYADAITVLTEKDYFKGSPEYLQQARKVTNLPIECVDFIVTPYQIYEARAHGADMVWLIVAALEQEQLEELYERVESLGMHAIVTVHTEEELERALRAGAEIIGILNTDLRTFEVDLNTAERLGRLARERGFTGVLIVIGGYSTPEELKSLEGIFDAVLIGESLMRAPDIAAAIRELIG,0.5,0.6206687158205972
PRYAEGWLKIVIQHALRRPSIEAQRDRPIINLAERILEANKRNKVAIIALFTKASPSKGDINPDADPEEIIKIYNKYADAISVLTEEKFNKGSPEYIRQARQATNLPILMWDFIVKEIQIYDAYALGADCVLLIVAILTEEELKSLYEYAKSYGMDPLVDIHDEEDLRQVLSALRPKLIGINNTDLKTFQTDLNTTKKLAKLIPPDTIIVAISGISSKEEIERLRKLGVNAFLIGETLMKNPEKAKEFKE,1.0,0.6959186967751699
PSALDAAVAGAREDLAAREARVSFDEMKERAERAPPPRDALAALRAPGVGVIAVVARASPSEGAIRPLDPVEAARAYEQAGASAISVITDPKYFGGSFEDLKAVRSAVDLPIEAVDFIIDEAQIYEAKAAGADAILLIAKILDKEQIKELYEAAKELGMDVIVLISNEEEMERAIALGAKVVAILNRDLRDLSIDLNRTRQLAPQLGHGVIVISVGGIYTYQQARELSHYANAFYIGSALMSEDDLEAAARRVALGDNKA,1.0,0.7687228800263812
DEAILKHVKGALAAIAKAVKEQLKPKPLPEPPPGRSFEAALRQPGIAIIAMFVKASPSKGDINPDADPEEIIRIYNKYADAIEVLTEEHYFKGSPDYIKQARKVTNLPILRWDFIVHEWQIYEAAAAGADAILLIAAILTDKALKDLYEAARELGMDCLVVIHDEEELERALRAGARIIGILSQDLHTFEVDLETFEKLISMIPPDIIIVAVWGIYDPRQLKDLRGYVDAVLVGESLMRAEDPKKFLAEMIAWAK,1.0,0.7087143683089462
METVLAKIVRDKAIWVEARKQQQPLESFRDKLQPSTRNFYQALTGDRTAFIAWVGRASPSEGNIRELDPVEAARTYEEAGADAITVLTDPKYFGGSDEILKAVRSAVDLPILCFDFIIDPWQIYLARYYQADAVTLILSILDDEQYRQLAAVAHSLNMGVLVDVHTEEELERALRAGAEVIGIGNTDYRTLEVDRNTAERLGRLARERGFTGVLVAIGGISEPEELKRLKKAGVDAVLIGSTLMRNPDKIKEFRE,1.0,0.706802146406531
MEEVLAKIVKDKAIWIEERKQQQPLESFRDSIQPSTRNFYDALTGDRTAFILECIKASPSKGLIREDFDPARIAAVYRHYASAIAVLTDEKYFQGSFDFLRIVRSQVPQPILCFDFIIDPIQIYLAAAYGADAILLIVAILDDEQMKELYELARELGMDVLVTVFDEEDLEKVFSVMRPKIIGIANTDLRTMEVDLNTTEKLAKLIPPDTILIAWGGVRGPEDLLRAAAWGADAVLVGQGLVTDGDPRQAVADLVTAGSHPSCPR,1.0,0.7552487008937332
PSVLDAIVAGAREDMAAREARLSFDELKEQAARAPPPRDALAALRAPGVAVIAMFIKASPSKGDINPNADPEEVIRIYNKYADAIAVITEKDYFKGSPEYIQQARKATNLPILAIDFVVDAYQIHEARAHGADLVLLIAAALEDAQLEELIERVHSLGMVAIVTVHTEEEAERALAAGAKVIAVFAMDFKTAEVDREAFARIADRLPDDVVRIAVVGIRGPEDLLAAAAWGADAVEVGDGLVTHGDPRQALADLVTAGTHPSCPR,1.0,0.7281267229040609
PSAMDAIVAGAREDVAAREARLSFDELKEQAARAPPPRDALAALRAPGVQVILVCQKASPSHGLIREDFDPVRIASVYRHYASAIAVITDEKYFQGSFDFIRQVSAVAPQPILAVDFIVTPYQIHEARAHGADMVWLIVAALEDAQLEELYERVESLGMHALITVHDEEDLEKVFSHIKPKIIAIDNVDLDTFEVDLNTTEKLLKLIPPDTIVISVGGIYTYQQVRELSHYANGFIISSALMSEDDLEAAVRRVTLGDNKA,0.5,0.5988050148077102
MPSVLDAILSGVLEDVAARKAKVSLEELKERAKRAPPPLDALAVLLAPGIAIICIIVKASPSKGDINPDADPEKIARIYDKYADAIIVLTEERYWKGSLSYIQRIRSTTNLPIICWDFIIEPYQIYEARAHGADLVILIVSALDEEQLRRLYELIESLGMVAIVDISTEEEMKRALALGAKVIAIINIDQRDFSIDLNRTKHLAPQLGPGVIIIAIGGIYDPRQLKDLRGLVDAVLVGEALMRAEDPKKFLQDLLAYAH,0.5,0.5711087926248601
IHPNTGWLKYVILAALHCPKFIDEMERPIRKLCEVILEFNKRNITAIIAVCMKASFSKGLIVDDFDPRRIAALYRQYAAAIAVMADEIIFQAAPLFIRIIAQIAPQPILMLDFIVKEEQIERAYAAGADAIVLITEIQTEDLLKTLIKFAKKFDMVPMIEVHTERDLEIAIRAGAKVLAIWNMDQKTMRENVETARDLGRLARKRGFNGVLVAISGISEAEQLEELRKLGVNAFMISETLLKNPEKIKELNR,0.0,0.43513536719888635
PSVLDEIIAGVREDVAARAAQVSLDELKERAARAPPPRDAMAAFRAPGVAVLLVCLKASPSKGLIREDFDPARIAAVYRHYADAIVVLTDEKYFQGSFDFLHIVSQVAPQPILCADFIVDEYQVHEARAHGADMVLLMVALLDQDQLRSLLELIHSLGMTAIVDVHDEEELERALRAGARVIGINNTDLKTNEVDLETTKKLASLIPSDVIIISWSGIYDPRQLKDLRGYFDGFLIGTALMRAEDPKKFLRELKAYAE,1.0,0.8340973001097352
MKKLEKIIEAAKKKKQELEEENIQPQMKNHNFLKALLGKEKIRIILLCIKASPSKGLIRDDFDPLRIAAIYRHYADAITVLTDEKYGQGSFSFIRLVAAVAPQPIICWDFIIDKIQILQAAAAGADAILLIVSILSDDQLKELYETAKKLGMDVETLISTEEEMKRALKLGAKIIAILNVDLRDFSIDLNRTKHLAPQLGPGIIVIAVGGIYDPRQLKDLRGLVNAVLVGAAIMQAEDPKKFLADLLKYAE,0.5,0.5756738642199599
PSVLDEIIAGAREDVAARRAQVSLDELKEQAARAPPPRDAMAAFRAPGCAVILVCLKASPSKGLIREDFDPVRIASVYRHYADAIVVLTDEKYFQGSFDFLRQVSQVAPQPILCYDFIVDEYQVWEARAHGADMVLLIVAALDQDQLRSLLELIHSLGMTALVDVHTEEELERALKAGAEVIGINNMDYRTMEVDLNTAERLGRLARERGFSGVLVAISGISEPEQIKRLRKAGVDAVLIGATFVRNPDKAAEAKE,1.0,0.8367724765367188
MPSVLDAIVSGAREDARAREAKVPLDELRERAKRAPPPRDVLAALLKPGVAIILLCVKASPSKGLIRDDFDPVRIAAIYRHYADAIAVLTDEKYYQGSLSFLRQVRAVAPQPILCVDFIIDESQIYQAKAYGADAVWLIVAILSPDQLKKLYEIAKSLGMDPIITVHDEEDLEKVFSVIRPKIIEIVNTDLDTWSTDLNTTEKLLKLIPPETIIIAVGGIEDPRQLKDLRGKVDAVLVGVSIMRAEDPKKFLADMLAYAK,0.5,0.5837904693783484
DRPILKHVKGEAAKIAKAVAENQKPKPLPEPPPIRSFEAALRQPGVAIIAIYARKSPSGMDVERDPIEYAKTMEKYAAALAVITDEKFFNGSLEDLRKIRSAVDIPIERLDFIVDPYQIEEARAHGASAIWLIVAILGDRIKEFYEYARELGLDVLVLVHDEEDLEKVFSHCKPKIIAILNQDLHTFEVDLNTTEKLLKLIPPDCVIICVGGIYDPRQLKDLRGKVDAVLIGEAIMRAEDPKKFLKEMFAYSQ,0.5,0.560357250542943
PSAMDAAVAGAREDMAAREARLSFDELKEQAERAPPPRDALAALRAPGVQVIALVARASPSQGNIRPLDPVEQAKEYEKAGASAISVITDPRYFGGSDEDFKAIRSAVDLPIEAVDFIVDPAQIYLARAYQADAVLLLLSVLDAEQARQLAAVAHSLNMGVVVVISNEEEMERAIALGAKVVAILNRDLRDLSIDLNRTRQLAPQLGHGVIVISAGGIKEPEQIKRMAKLGVDAVWIGETLVRNPDKIKEFKE,1.0,0.7066526212656294
PRELKGWLKEVVQIAKRRPSLEAQRKKPIISLASRILELRKRGKLAIIALYMRKSPSGLDVERDPIEYAKTMEKYAVALAVITDEKFFNGSLEDLKKIRSAVDIPILRVDFIVDEKQIYEAYALGADAIWLIAAILDKDEIKELYEIAKSLGMDVLVLVHDEEDLEKVFSVIKPKVIAIDNRDLKTFSVDLNTTEKLLKLIPPDCVIVAVGGISEPEQLERLRKLGVDAVLIGETLMRNPDKIKKFQE,1.0,0.744982296036959
GRPDLTNVPGLLGEFARARASVIIPHPVPCPPKVPSFYEALLRPGLALILVILKASPSEGLIRDDFDPRRIAALYRQYAAAIIVATDRQVFQGDNNFLRIIAQIAPQPIGAWDFILDPFMLYAFRAFGAAVVVLIVNLLGHLTGEYLEIAARYDLDVLIDITSEEDFQKVASVARPKIWVIVTMDLTTMTIDKSILWKLMKLIPPNMVIILAGGIKDPRELKDLRGKVNAVIVSTSIMKAEDPRAFLEEMEKHAH,0.0,0.19125877638060002
RKEEEIIEAQKKKKQELLEENIQFQRKNHSFLKALLSKERLKIIAVFVKASPSKGDINPNADPEEIIRIYNKYADAIEVATDEDFFKGSPEYLQQARKATNLPILAWDFIIDPAQIYLAAHYQADAVVLILSVLDAEQYRQLAAVAHSLNMGVLVVVHDEEDLEKVFSVIKPKIIAILNRDLDTFEVDLNTTEKLLKLIPPDTIVVAIGGYSTKEQLKSLKGLFDAVLIGESLMRAPDIAAAIRELIG,0.5,0.6391474542539959
PSVLDSIVAGAREDAAARRAAISLDELKARARKAPPARDVLAALRAPGVAVILVCLKASPSKGLIREDFDPVRIASVYRHYADAIVVLTDEKYFQGSYDFLRQVSAVVPQPIICFDFIVDEVQIAQAKLAGADAVLLIVAILTDEELKRLYEYARSLGMEVIVDVHTEEELEKALRLGARIIGINNTDLHTMEVDPNTAERLGRLARERGFTGVLIAHSGIYDPRQLKDLRGYFDAVLVGTALMRAEDPKKFLKEMLAWAE,1.0,0.7501697461419106
MARELKGWLKEVVDRAKNRPTIETERKKPVISLASRILEIKKRGKLAIIALIVKASPSKGDINPNADPVKIAKIYSKYAAAIAILTERDFHKGSPSYIQEIRQHTDLPLICVDFIVDERQILEAYALGADAILLIVAILTEDELKHLYKAAKKLGMDVIIDVHTEEEADRALKVGAKMIAVNALDYRTGEVDMSAFERIIDRLPDEVVKITVGGISEPEQLKELRKLGVDAVFIGETLMRNPSKIQEFIK,0.5,0.6293287681166394
MEEVLAKIVKDKAKWVEARKQQQPLESFRDEVQPSTRNFYQALQGDRTKFIALYLRKSPSGLDVERDPIEYAKEMEKYAAALVVLTDEKYFNGSYEDLRKIASAVNIPILCWDFIIDEIQIYQAAAAGADAILLIAAILDDEQLKELYEAARELGMDCLVDVFTEEELERALRAGARIIGIGNMDLKTMEVDLNTAERLGRLARERGFSGVLVAISGISEPEQIERLRKAGVDAVLIGSTFVKNPEKAKELKE,1.0,0.7571830492846127
PRELKGWLKDVVQLALRRPSIEAQRDKPIINLAERILEANKRNKVAIIALFTKASPSKGDINPDADPAEIIKIYNKYADAIWVTTEEAFNKGSPEYIREARQHTNLPIMMFDFIVKEFQIYDAYALGADAVLLIVAILTDEELKRLLEYARSYGMEPLVDVHTEEELERALRAGARIIGIGNVDNKTARVDRNTAKRLGRLARERGFSGVLVALLGISEPEEIEELRKAGVNAFLIGETLMKNPEKAKEFKE,0.5,0.5427944644747975
PSVLDAIIAGVREDVAARKAKVSFDELKERAARAPPPRDVLAALRAPGVAVIAIFLKASPSKGDINPDADPEEIIKIYNKYADAITVLTERRYFKGSPEYIQQARKFTNLPILRWDFIVDPAQIYEAKAHGADAILLIVAVLGDRLKEFLKLARELGLHVLVDIHDEEELEIALRCGARLIGILNVDLKTFRVDLETFKKLISMIPPDVIRVAIGGIKNPQQLKDLRGYVDAVLVGEALMRAEDPEKFLKEMRAYAE,1.0,0.7478932894926249
RKEEEIIEAAKKKKQELDEENIQPTRKNHDFLKALLGKERIRIIALFLKASPSKGDINPDADPEEIIRIYNKYADAITVLTEEDFFKGSPDYIKQARKITNLPILRWDFIIDERQILEAAALGADAVLLIVAILTDEQLKSLYEYARSLGMTVETVVSNEEEMKRAIALGAKIIAILNRDLRNMSIDLNRTRQLASQLGPGVVVIAILGIRGPEDLLAAAAAGADAVVVGEGLVTHGDPRQALADLVTAGTHPSCPR,1.0,0.6988467714698201
MEEVLAKIVKDKKKWVEARKQQKPLESFQNTVQPSTRNFYDALQGDKTAFILVCLKASPSKGLIREDFDPARIASVYRHYASAIVVLTDEKYFQGSFDFLRIVSQVAPQPILCFDYIVEPYQIHLARAHGADAVLLMVAALDQDQLRSLLELIHSLGMTALTDVSNEEEAERAIALGAKVIGILNIDLRDLSIDLNRTRQLAPKLGPGVTVISLSGIYNPQQLKDLRGYVDGFLIGTALMRAEDPEKAAREFKAWAE,1.0,0.736738440399664
DPPILKHVKGVAAEIAKAVKDKQKPKPLPEPPPVRSFEAALRQPGLAIIAIFLKASPSKGDINPDADPEEIIRIYNKYADAITVLTEEDYFKGSPSYIQQARKITNLPILRWDFIVDPYQIYEARVHGASAILLIVAVLGDRLREFIEYARELGLDVLVDVHTQEEAERALAAGAKIIAVLAKDLKTAEVDRSAFDRIADRLPDDVVRVAIGGIYDPRQLKDLRGKFDAVLVGEALMRAEDPKKFLEEMIAWAK,1.0,0.7154613242083867
DNPIVKHVKGEIAAIVKAVLAELKPDQLPEPPPVRSFEAALRKPGVSIICDYARKSPSGMDVERDPIEYAKTAEKYAAALAVLTDEKYFNGSLEDLRKIRSAVDIPVIRLDFIVDPYQIYEARAHGASAIWLIVAVAGDKLKDFYEYARELGLHVIVVVHTEEELERALRAGADIIGILNVDLRTFEVDPNTAMRLGRLARERGFTGLLICIGGIYTYQQVRELSQYADGAVISSALMSQDDLEAALRRVLLGDNKV,0.5,0.6276574048282275
MDQPDLRNVKGEEAKIAKTVKKKLRPKPLEPPPPGRDFEAALRRPGVAIICVYLRKSPSGLDVERDPIEWAKMAEKYAAALAVLTDEDYYNGSLEDLKKIASAVDIPVECMNFIVDPWQIYLARHYQADAIVLILSILSDEAYRQLASVAHALNMGVIVVVHTEEEAERALKLGARIIAIVTLDPKTGDVDRSTFARIADRLPDEVVRICYGGIKDPQELKDLRGKFDAVLVGEALMRAEDPEKFLQDMVKYSQ,0.5,0.48315413019087106
PSAMDAIVAGIREDVAAREARVSFDEAKERAARAPPPRDALAALRAPGVRVIAVVARASPSEGAIRPLDPVEAAREYEKAGASAICVLTDPHFFGGSPEYLKAIRSAVDLPIICFDFIVDPAQIYLARAYQADAIVLIASVLDDEQARQLAAVAHSLNMGVIVDVHDEEDLEKVFSVIKPKIIAILNQDLDTFEVDLNTTEKLLKLIPPDTIVIAVGGIYTYQQVRELSHYANGFFISSALMSEDDLHAAVRRVALGDNKA,1.0,0.6670859865523875
DEAILKHVKGALAEAAKQVALDQKPDQAAEPPPGRSFEAALRRPGVAIIAVYIRKSPSGLDVERDPIEYAKTAEKYAAALAVLTDEKYFNGSLEDLRKIRSAVDIPVERVDFIVDEYQILEAAAAGADCVLLIVAILTPKALASLYEYARSYGMDVIVLVHTEEELERALRLGAKIIGILNQDLRTFEVDRNTFERLGRLARERGFTGVLIATLGARGPEDLLHYAAAGADAVYVGQGLVTHGDPRQALADLATAGTHPSCPR,1.0,0.6998015720664916
RKLEEIIEAMKKKRQEIPEENIQPQRSNHAFYKALLGKERLKIILICLKASPSKGLIREDFDPVRIASVYRHYADAITVLTDEKYFQGSFDFLRQVAAVAPQPILCWDFIIDPAQIYLAAHHQADAVVLILSVLSDEQYRQLAAVAHSLNMGVVVDVHDEEDLRKVFSVLKPKIIAILNRDLDTFEVDLNTTEKLLKLIPPDTIVIAVGGYSTPEQLKSLEGLADAVLIGESLMTAPDIAAKLRELVG,1.0,0.6670118894515273
MDAADLRNVKGLLAKIAKTIYKKLRPYPLPEPPPGRDFEAALRRPGVAIICAYARKSPSGLDVERDPIEWAKLMEKYAAALAVLTDEDYYNGSLEDLQKIRSAVDIPVERVDFIVTEYQVYEARAHGADVVLLIVAALEEEALRSLYELIQSLGMVAIVLIHDEEDLEIALRAGAQMIGIVAQDKRTQQVDLETFKRLISLIPPEIIIIAVGGVSEPEQLKELAKLGVDAVYIGETLMRNPEKIKEFHK,0.5,0.6294287974670731
PRSLEGWLKEVVQRAMRRPSYEAQRKKPIISLASRILEAKKRGKIAIIAIFLKASPSKGDINPDADPEEIIRIYNKYVDAITVLTEEDFFKGSPEYIKQARKATDLPIIRWDFIVDPYQLYEAAAIGADVVLLIVAVLGDRTAEFYKYAKELGLDVEVLVHDEEDLEKVFSYCKPKVIAILNEDLKTFKVDLNTTEKLLKLIPPDCVIIAIGGIYDPRQLKDLRGKVDAVLIGEAIMRAEDPKKFLREMIAWAE,0.5,0.6244757469585709
MEEVLAKIVRDKAIWVEARKQQKPIESFRDTVQPSTRNFYQALTGDRTAFIALYLRKSPSGLDVERDPIEYAKTMEKYAAALIIVTDEKYFNGSLEDLRKIRSAVSIPILRWDFIIDEWQIYEAALAGADCVLLIVAILDDEELKSLYEIARSLGMDVLVDVHTEEELERALKAGAKVIGINNTDLRTMEVDRNTAERLGRLARERGFTGVLVAISGIYNPQELKDLRGYFDAVLIGTSLMRAEDPKKALKELVAWAE,1.0,0.7471415964478678
MEEVLAKIVKDKAIWVEARKQQQPLESFQNKVQPSTRNFYDALQGDRTAFIALYLRKSPSGLDVERDPIEYAKIMEKYAAALIVLTDEKYFNGSFEDLRKIASAVNIPILRWDFIIDEYQIWQAAYYGADAILLIAAILDDEQLKELYEIARELGMDVIVDVHTEEELERALKAGARVIGIGNMDYKTMEVDLNTSERLGRLARERGFSGVLISFSGIYNPQQLKDLRGKFDGVLIGTALMRAEDPKKKAAEMVAWAE,1.0,0.6652843578487575
RKLEEIIEAAKKKKQELPEENIQFQLKNHAFLKALLGKERIKIIAIFLKASPSKGDINPDADPEEIIRIYNKYVDAITVLTDEDFFKGSPEYIKQARKATNLPILRWDFIIDESQILEAAALGADAILLIVAILSPEQLKSLYEYARSYGMEPIIDVHDEEDLEKVFSVIKPKIIAIINRDLDTFEVDLNTTEKLLKLIPPDTIVIAVGGIYDPRQLKDLRGKVNAVLVGEALMRAEDPKKFLKEMIAYAE,1.0,0.7222426995976061
MPSVMDSIVSGAKQDMSAREAKISFDELKELAERAPPPLDVMAHLRAPGLQIICVYVRKSPSGLDVERDPIEWAKMVEKYAVALVILTDEKYYNGSLEDLKKIRSAVNIPIICADFIVDESQILQAKVAGADAVWLIVAILSPDQLKRLIEFARSLGMQPLIMVHTEEEADRALKAGARVIEINAQDIHTGDVDQSAFERIADLLPDEVVRICVGGIKDPQQLKDLRGKADAVLVGEALMRAEDPKKFLQDMLKYAH,0.5,0.5899340639110127
HHPSTGWLKTVALLAAHRPKFIDEMEKPIRKLLEAVLEANKRNITAIIALFTRATPSEGDINAHANLEKFIRMYAELARAISIMTEKHYNKGDPAFIKHARNLTNRPIIMFDFIIHEDQIESAYNVGADLIVLIMSLLTDDLLATLIKYAKKYKMVPLIDVHTEEEAKRALKIGVKVIVVVPIVLDTGDVDEEAIEKIARNLPPEVQIIAAGGIKDPRELKDLRGKVNAVIVGTSIMKAEDPRAFLEKMRKHSH,0.0,0.43062800051384065
PSALDAIVAGAREDLAAREARLSFDELKEQAARAPPPRDALAALRAPGVSVIADYMRKSPSGVDVERDPIEYAKTAEKYAAALAVLTDEKWFNGSLEDLRKIASAVSIPVIAVDFIVDPAQIYLARAYQADAIWLILSVLDDEQARQLAAVAHSLNMGVLVVIHDEEDLEIALRIGARLIGILSRDLKTFEMDLETTKKLISMIPPDVIIITIGGIYTYQQVRELSHYANGFIISSALMSEDDAEAAIRRVALGDNKA,0.5,0.6343845496225899
PSIMDAIVAGVREDVAAREARLSFDELKEQAERAPPPRDALAALRAPGVSVIAVVTRASPTAGAIRPLDPVEAARIAEEGGASAIAVLTDPKYFGGSDEYLKAIRSAVDLPILCINMIVDPAQIYLARAHQADAIILIASVLDDEQYRQLAAVAHSLNMGVLVIVHTEEEAERALAAGAKVIGVLARDWKTAEVDRSAFARIADRLPDDVVRISEGGIYTYQQARELSHYANGFLIGSALMSEDDLEAAVRRVALGDNKA,1.0,0.7554778925046637
MDQPDLRHVPGEQAEIAKTIKKSLRPKPLPPPPPGPSVESALRRPGIAIICLFIKASPSKGDINPDADLESIIRMYDKYADAIVILTEPHYGKGSLEYIKKARNYTNLPIIRQDFIVDESQIYEAKAAGADAVLLIVSILEPKALKDLYEYARSYGMDPYTLISTEEEMKRALALGAKIIAILNIDLRDNSIDLNRTKHLAPQLGPGIVIEAVGGIYNPQQLKDLRGLVDAVLIGEAIMRAEDPKKFLQDLLKYAE,0.5,0.5716175217276599
MEEVLAKIVRDKAIWVEARKQQQPIESFRDELQPSTRNFYQALTGDRTAFILVCIKASPSKGLIREDFDPVRIASVYRHYADAIVVLTDEKYFQGSFDFLRQVSKVAPQPVLCWDFIIDEYQIRLAAAAGADAILLIAAILDKDQLKELYEAAKELGMDCLVDIHDEEDLERALRAGARLIGINSTDLKTNEVDLETTKRLISLIPSDVVIVSISGIYNPQQLKDLRGYVDAVLVGTAIMRAEDPKKFCKEMVAKAE,1.0,0.7877194589466352
PSAADAAVAGAREDVAAREARVSFDELKERAARAPPPRDALAALRAPGVAVIALFVKASPSKGDINPNADPEEIIRIYNKYADAIVVLTEKDYFKGSPEYIQQARKATNLPIICWDFIVDPAQIYLARAYHADAIVLMASVLDDEQYRQLAAVAHSLNMGVFVDVHTEEEAERALALGAKIIAVLARDLKTAEVDPSAFARIADRLPDDVVRLAVGGIYTYQQVRELSHYANGFFIGSALMSEDDAEAALRRVALGDNKA,1.0,0.6675723842311845
PSALDALVAGAREDVAAREARVSFDELKERAARAPPPRDVWAALRAPGVQVIAICLKATPSKGLIREDFDPARIAAVYRHYASAIAVITDEKYWQGSFDFLRIVRNVAPQPILCLNMIVDPAQIYLARAYQADAVLLIASVLDAEQARQLAAVAHSLNMGVLVVVHDEEDLEKVFSVIKPPLIGIENLDLDTFEIDLNTTEKLLKLIPPDTIVVAIGGISEPEQIKRLAKLGVDAVMIGETLARNPDKAAEFKE,0.5,0.6135446245603087
PTALDDINTNVRKEQSRRNAKVSYNDFKAAAALAPPPCDVQAALRSPGLVIIVVCLKASPAEGLVRDDFDPRRIAALYRQYAVAIVVTTDPTAFQADFSFIRIIAQIAPQPIIAYDFYIDTVQVYAAKAFGADAIVIIVRILTEEQIKNIYEAAEELGMDPFVDIFSEEDWEKVASVIRPKIIVIVTTDLDTFKTDKSILWKLMKLIPPNTIILATGGIEDPRELKDLRGKVNAVFISTSIMRAPDPRAFLEKLEKHAH,0.0,0.3368297470431888
PRYAKGWLKDVIQHALRRPLIEAQRDRPIISLAERILEANKRNKVAIILVCLKASPSKGLIREDFDPLRIASVYRHYASAIVVLTDEKYFQGSFDFLRIVSQVVPQPVLCFDFIVDEYQIYLAYALGADAILLIVAILTDEQLKELYEIARSLGMDALVDVHDEEDLEKVFSVMRPKLIGITNTDWKTFETDLDTTKKLAKLIPPDTIIVAISGISEPEQIERLRKLGVNAFLIGTTLMRNPDKASEFKE,1.0,0.7336208144715883
SEKWKIMKQVAEDFTQMEAENMIPQIRNHLFLQHLSGKYRVKIIAVYTNKAPDGLSSNMDHIEYAKTAAHIAAALVIVTDEKHFNGSRETLRKIASSVDIPLLHWYFIIDPTAIRDAAANNVDAVVLILDILDDDQYRQLWAVAAALHLDVVVDIMCEKYMHRAIALGARDVAILNIDLENQQIDLNWTRKLANKLGHNVTVIAVSGISEAEQLEELRKLGVNAAVISATLMNNPEKIWELNR,0.0,0.3681133879874754
RKKEEIIEAQKKKKQNLEEENIQPQRTNHNFLKALLGKERICIIAIFIKASPSKGDINPDADPEEIIRIYNKYADAITVLTEEDFFKGSPSYLQQARKYTNLPILCWDFIIDPAQIYLAAHYQADAIVLILSVLNDEQARQLAAVAHSLNMGVLFDVHDEEDLEKVFSVIKPKIIAIINHDLDTFEVDLNTTEKLLKLIPPDCLVICIGGIYDPRQLKDLRGKVNAILIGEAFMRAEDPKKFLQDLLAYAE,0.5,0.5726514007065879
MEEVLAKIVKDKAIWVEARKQQQPLESFRDEVQPSTRNFYQALTGDRTAFIAWVGRASPSEGDIRPLDPVEAARTYEEAGADAIAVLTDPKYFGGSLEDLKAVRSAVDLPILCIDFIIDPYQIYLARYYQADAILLMLSILDDEQYRELAAVAHSLNMGVLVEVHDEEDLEKVFSVMRPKIIGINNTDLATFETDLNTTEKLLKLIPPDTVVISWSGIYDPRQLKDLRGKVDAVLVGTAIMRAEDPKKFCKEMIAWAE,1.0,0.8121847864305403
PSVLDEIIAGAREDVAARAAYLSMDELKELAARAPPPRDAMAAFRAPGVAVILLFTKASPSKGDINPDADPAEIIKIYNKYADAIVVTTDEKYFKGSPEYLKEARKHTNLPLLCFDYIVDPYQVHEARAHGADMVLLIVAALDQDQLRSLLELVHSLGMTALVDVHDEEELERALRAGARVIGILSRDLKTNEVDLETSKKLASLIPSDVIIISISGIYNPQQLKDLRGYFDAFIVGTALMRAEDPDKKCREMRAWAE,1.0,0.7439076934992735
SRPDLTNVPGDLGEWARARASVCKPHPVPCPPDCSSFYEALLRPGLALIAVCLKASPSTGLVRDDFDPVRIAAIYRQYAAAIIVATAREVFQADNNFIRIIAQIAPQPIIKWDFITDPFMLEAAWAFGAAAIVLIVALAGHLTGEYLEIANRYDLFVLVDINDEHDLELALRAGAPIIVINAKDLATNEIDKENQKKLISMIPPNVMVIAAGGYSRKEELKSLEGLADAVIISTSIMKAPDPEAFMRKLLG,0.0,0.3421401084163111
MPSVLDAIISGVRADVSARKAKVSFDELKERAERAPPPRDALAVLLAPGVQIILVCLKASPSKGLIREDFDPLRIAAVYRHYASAIAIITDEKYHQGSFDFLRLVRSVAPQPIICIDFIVDPAQIYEAKAHGADAILLIVAVAGDRLKEFYDLARKLGLDVIVLVHTEEELERALRAGARIIEISNVDLRTGEVDISVFEHLARLARERGFTGVLISYGGIYTYQQLKELSKLADGFVISEALMSEEDLETAVRRLLLGDNKV,0.5,0.5954961993470106
RKWEEIIEAQKKKKQELLEENIQFQRKNHSFLKALLDKSRIKIIAMFLKASPSKGDINPNADPEEIIKIYNKYADAIEVLTEEDFFKGSPDYIKQARKATNLPILCWDFIIDEAQIYEAAAAGADAILLIAAILDKDQMKELYEAAKELGMDVLVAVHTEEEAERALAAGAKIIAVIALDLKTAEVDRSAFARIADRLPDDVVVIAYAGIRGPEDLLAAAAAGADAVIVGEGLVTHGDPRQALADLVTAGTHPSCPR,1.0,0.7352471112282535
PSALDAAVAGAREDVAAREARLSFDELKEQAARAPPPRDVLAALRAPGVAVIAVVIRTSASKGPLASIADPAALAREYEAAGAHAIEVITERRRYKGSLEDLDAVRAAVDVPVLCFDFIVDPAQIYMARAYHADAILLMLSVLDDEQARQLAAVAHSLNMGVLVQVHDEEDLEKVFSVIKPKIIAILNRDLDTFEVDLNTTEKLLKLIPPDTIVISISGIYTYQQARELSHYANGFIIWAALMSEADAHAALRRVTLGDNKA,1.0,0.6880908337170349
PRYLKGWLKEVVQHAKRRPSEEAQRKKPIISLASRILEVNKRGKIAIIAMVARASPSEGAIRPLDPVEAAKTYEEAGAAAISVATDPKFFGGSDEYLKAVRSAVDLPIIAVDFIVDPYQIYLARHAQADAILLILSVLDDEQARQLAAVAHSLNMGVEVIVHTEEEAERALAIGAKVIAVWARDMKTFEVDRSAFARIADRLPDDVVRIALGGIYDPRQLKDLRGKFNAVLVGEALMRAEDPKKFMKDMVAWSE,1.0,0.687623070572677
PSAMDAAVAGAREDMAAREARLSFDELKEQAERAPPPRDALAALRAPGVGVIALFVKASPSKGDINPNADPEEIIKIYNKYADAIIVATERDYFKGSPEYIRQARKATNLPIIAWDFIVDPAQIYMARAYQADAIILIASVLDDEQARQLAAVAHSLNMGVIVDVHDEEDLEKVFSVIKPKIIAIINRDLDTFEVDLNTTEKLLKLIPPDTIVIAVVGARGPEDLLHYAAAGADAVIVGQGLVTHGDPRQALADLVTAGTHPSCPR,0.5,0.5893510795470287
DAAILKHVKGALAAAAKQVKLDLKPKPAAEPPPGRSFEAALRQPGVAIIAVFLKASPSKGDINPNADPEEIIRIYNKYADAITVITEEHYFKGSPEYIQQARKATNLPILCWDFIVDPAQIYLARAYHADAIVLMLSILDDEAYRQLAAVAHSLNMGVLVIVHTEEELERALKAGARIIGIENQDLRTMEVDRNTAERLGRLARERGFTGVLVALGGYSTKEELKSLEGIFDAVLIGESLMRAPDIAAAIRELIG,1.0,0.6748808910150224
DAAIIKHTKGAAAAIAKQVALDQKPKPAAEPPPGRSFEAALRRPGVAIILLCLKASPSKGLIREDFDPVRIASVYRHYADAIVVLTDEKYFQGSFDFIRQVRAVAPQPILCADFIVDEYQIYEAAAAGADAIFLIAAILTDKAIKDLYEAAKELGMDVLVIVHDEEDLEKVFSVIKPKIIGINNRDLATFEVDLNTTEKLLKLIPPDTVVVAEGGYSTKEQLKSLEGLADAVLIGESLMRAPDIAAALRELRG,1.0,0.8588661511751386
MEEVLAKIVRDKRIWVEARQQQQPLESFQNQVQPSTRNFYDALQGDKAVFIAVYMRKSPSGLDVERDPIEYAKFMEKYAAGLTVCTDEKYWNGSYEDLKKIASAVSIPILMFDFIVDEYQIFDARALGADAVVLFVAILSEEELKSLLEYARSYGMEPLIDIHDEEDLEIALKIGARLIGVGSRDLKTNKVDLETQKRLISLIPSDVIIVAIGGISEPEQVKELRKLGVDAFLIGSTLMRNPEKIKELTE,0.5,0.6265070760579537
PSVLDAIIAGVREDIAAREARVSFDELKERAARAPPPRDVMAALRAPGVAVIALFIKASPSKGDINPDADPKEIIRIYNKYADAITVLTEKDYFKGSPEYLRQARKHTNLPLICLDFIIDPAQIYLARAYQADAIVLILSVLDDEQYRQLAAVAHSLNMGVFVDVHTEEEAERALAAGAKVIAVLAWDLKTAQVDKSAFKRIADRLPDDVVRVAIGGYSTKEELKSLEGVFDAVFVGESLMRAPDIAAALRELIG,0.5,0.6548707343052829
MEEVLAQIVKDKAIWVEKRKQQQPLESFRDTLQPSTRNFYQALTGDRTAFIAIYLRKSPSGLDVERDPIEYAKTMEKYADALIVSTDEKYFNGSLEDLRKIRSAVSIPILCYDYIVDSYQIWEARAHGADAVLLIVAALDDEQLRELYERIESLGMDALVDVHTEEELERALKLGARIIGIGNMDLRTMEVDRNTAERLGRLARERGFTGVLVAISGISEPEEVERLRKAGVDAVMIGSTLMRNPDKAKEFKE,1.0,0.7338499876486837
PSVLDEIIAGARADVAARRAQVSLDELKEQAARAPPPRDAMAAFRAPGVAVILDCLKASPSKGLIREDFDPARIASVYKDYADAIAVITDEKYFQGSFDFLRIVSQVAPQPILCFDFIVDEYQVWEARAHGADMVLLVVAALDDDQLRSLLELIHSLGMTALVIIHDEEDLEKVLSHCRPKLIGIANTDWKTFETDLNTTEKLAKLIPPDTILIAVGGIYNPQQLKDLRGYVDGVIVGTALMRAEDPEKAARELRAWAE,1.0,0.6838999494320039
PSALDAIVADVREDVAAREAVVPFDEIKERAARAPPPRDVLAALRAPGVGIIAIYLRKSPSGLDVERDPIEYAKTAEKYAVALTVLTDEKYFNGSYEDLEKIRSAVDIPVICFDFIVDPYQIYLARAYQADAIVLLLSVLDDEQYRQLAAVAHSLNMGVIVDVHTEEELERALKAGAEIIGILNQDLKTFEVDRNTAERLGRLARERGFTGVLLAIGGYSTKEELKSMRGLFDAVLIGESLMRAPDPEKAIRELVG,0.5,0.6427947109302226
PSALDAIVAAVREDVAAREAYVSFDEMKERAARAPPPRDALAALRAPGLGVIAIYIRKSPSGLDVEQDPIEFAKTMEKYANALAVVTDEKYFNGSLEDLRKIASAVSIPVIRIDFIIDEYQIYEAKAMGADAIWLIAAILDDEQLKKLYELAKELGMDVLIAVHTEEELERALRAGAEIIGIDNRDLKTFEVDPNTTERLGRLARERGFTGVLIAVGGIYDPRQLKDLRGYFDAILVGEALMRAEDPKKFLKELKAWAE,1.0,0.7487535242150469
MEEVLAKIVRDKKIWVEERKQQQPLESFRDKVQPSTRNFYDALQGDRTAFIALFTKASPSKGDINPDADPVEIIKIYNKYADAISVLTDEKYFKGSPEYLKEIRKHTNLPLICANFIVTPYQIWLARAHGADVVLLIVAALDQDQMRALLELIHSLGMTAVVDIHDEEELEIALRLGARIIGIGNRDLKTNEVDLETTKKLISLIPSDVIIISFSGIYDPRQLKDLRGYVDAFLIGTALMRAEDPEKFLKELIAWIE,1.0,0.7678388450208418
PSVLDEIIAGVREDAAARKAKVSYDELKERAARAPPPRDVMAAFRAPGVAVILVCLKASPSKGLIREDFDPARIAAVYRHYANAIVVLTDEKYFQGSFDFLRIVSSQAPQPILCFDFIVTPYQIWEARAHGADLVLLIVAALDQEQLRSLLELVHSLGMTAIVDIHDEEDLEKVLSHVRPKIIGIHNTDYKTFETDLNTTEKLAKLIPPDTIVISFSGIYTYQQVRELSHYANGFLIGSALMAEDDLEAAVRRVLLGDNKI,1.0,0.7456555183300478
METVLAKIVKDKKKWVETRKQQQPIESFRDELQPSTRNFYQALTGDRTAFILDCIKASPSKGLIREDFDPARIASVYRHYADAIAVLTDEKYFQGSFDFLRIVRNVAPQPVLCIDFIVDEYQIHQARAHGADAVLLIVAAAEDAQLVSLYQRIESLGMTAMVMIHDEEDLEIALRAGARIIGIGSTDLKTNEVDLETTKKLISLIPSDVVIVAFSGIYDPRQLKDLRGYVDAVLIGTALMRAEDPKKFCKELVAYAE,1.0,0.7834334682345032
MEEVLAKIVKDKKIWVEARKQQQPLESFQNKIQPSTRNFYDALQGDKTAFILVCLKASPSKGLIREDFDPVRIAAVYRHYASAIAVLTDEKYFQGSLDFLRQVSSVAPQPILCYDFIVDEIQIYQAALHGADAILLIVAVVGDRLKEFIDVARSLGLDVIVDIHDEEDLEKVLSYCRPKIIGITNTDYRTMETDLNTTEKLAKLIPPDTILISFSGIYTYQQVRELSHYANGFLIGSALMAEDDLEAAVRRVLLGDNKI,1.0,0.7456729222497528
MEEVLAKILKDKAKWVEERKQEQPLESFRDKVQPSTRNFYDALQGDKTVFILVCLKASPSKGLIREDFDPVRIAAVYRHYADAIAVLTDEKYFQGSFDFLRQVSSQAPQPILCWDFIIDEWQIWQARAAGADAVLLIAAALSDEELKSLLEAAKSLGMDVLVDVHDEEDLERALKIGARLIGISSHDLKTNEVDLETTKKLASLIPSDVIIISFSGIYTYQQVRELSHYANGFLIGSALMAEDDLEAAVRRVLLGDNKI,1.0,0.7643989113279266
PRYLEGWLKDVVQLALRRPSIEAQRDRPIINLAERILEANKRNKVAIILVCEKASPSKGLIREDFDPARIAAVYRHHASAIVVLTDEKYNQGSFDFLRIVSQVAPQPVIMYDFIVDPYQIYQAAAHGAAAILLIVAVLGDRLAEFLELAKSLGLEVLVDIHDEEDLEKVLSHCRPDLIGINNTDLKTFETDLNTTKKLAKLIPPDTIIVAISGISEPEQIERLRKLGVNAFLIGSTLMRNPEKAKELKE,1.0,0.7431296585213335
RKEEEIIEAQKKKKQELLEENIQFQRKNHSFLKALLSKERLKIIAIFVKASPSKGDINPNADPEEIIRIYNKYADAISVITDEDFFKGSPEYLQQARKATNLPIECVDFIIDPAQIYLAAHYQADAIWLMLSVLDDEQARQLAAVAHSLNMGVIVLISNEEEMERAIALGAKIVAILNVDLRDFSIDLNRTRQLAPQLGHGVIVISVGGIYNPQQLKDLRGYVNAVLVGEALMRAEDIKKFLQDMIAWAE,0.5,0.6196749842869754
ASVLDEIIAGAREDLAARRAEVSLDEVKERAERAPPPRDAMAAFRAPGVAVILVCLKASPSKGLIREDFDPARIAAVYRHYANAITVLTDEKYFQGSFDFLRIVSSQAPQPIICWDFIVDEYQLAEARAHGADAVLLIVAVAGDRTKEFIDYARELGLDVIVDVHDEEDLEKVFSYCRPKIIGVTNTDWKTFETDLNTTEKLAKLIPPDTIVISVSGIYTYEQVRELSHYANGFLIGSALMAEDDLEAAVRRVLLGDNKI,1.0,0.7143789703861702
PSAMDAIIKGVREDVAAREARVSFDELKEQAARAPPPRDALAHLRAPGVSIIAMFIKASPSKGDINPDADPEEIIKIYNKYADAIAVLTEKRYFKGSPDYLKQARKITNLPLIRVNFIVTPYQIWEARAHGADIVILLVAALEQEQLEELLERVHSLGMHAIVDVHTEEELERALRAGAEIIGILNRDLRTFEVDRNTSERLGRLARERGFTGVLISLGGISSAEEIKRLAKAGYDAVFIGETLMKNPNKIQEFTE,1.0,0.6994971493090784
PSMMDQAVAGAREDMAAREARLSFDELKEQAARAPPPRDVLAALRAPGVAVILLCLKASPSKGLIREDFDPARIAAVYRHYASAIVVITDEKYFQGSFDFLRIVSKVAPQPIICWDFIVDPAQIYLARAHQADAIVLMASVLDDEQARQLAAVAHSLNMGVIVDISNEEEMERAIALGAKVVAIINKDLRDMSIDLNRTRQLAPQLGHGVIVIAISGIRGPEDLLAAAAAGADAVIVGEGLVTHGDPRQALADLVTAGTHPSCPR,1.0,0.7131019260513973
PSALDAIIKGVREEVAAREALVSFDEIKERAARAPPPRDALAALRAPGVALILDCLKASPSKGLIREDFDPVRIASVYRHYASAIAVLTDEKYFQGSFDFLRQVRAVAPQPILCWDFIVDPYQLYEARAYGADAVLLIVAVLGDRLEEFYRLARELGMDVLVIIHDEEELEIALRCGARLIGILNRDLKTFRVDLETFLKLISLIPPDVLIIAILGVRGPEDLLRYAAAGADAVVVGEGLVTHGDPRQALADLVTAGTHPSCPR,1.0,0.8183589903100608
PSVLDSIIAGAKEDIAARRAQVSLDEIKARAAKAPPARDVVAALRAPGVAVILVCEKASPSKGLIREDFDPARIASVYRHYADAIVVLTDEKYFQGSFDFLRIVRKVAPQPILCFDFILDPYQIYLARYYQADAILLMLSILDDEQYRQLAAVAHSLNMGVLVDVHDEEDLEKVFSHVRPKIIGINNTDLKTMETDLNTTEKLLKLIPPDTVVVSSSGIYDPRQLKDLRGYVDAVLVGTALMRAEDPKKFLKEMIAWAE,1.0,0.8549638394149859
MEEVLAKIVKDKAKWVEARKQQQPIESFRDELQPSQRNFYQALTGDRTAFIALFTKASPSKGDINPDADPEEIIKIYNKYADAISVITDEDFYKGSPEYIAQARKHTNLPILCWDYIIDPYQIYLARYYQADAILLMLSILDDEQYRQLAAVAHSLNMGVLVEVHTEEELERALKAGAEVIGIGNFDLRTLEVDRNTAERLGRLARERGFTGVLVAWSGIYNPQELKDLRGYFDAVLIGTSLMRAEDPKKACEEMIAWAE,1.0,0.717381184885348
PSALDAIVADVREDVAARKAKVSFDELKERAARAPPPRDAEAALRRPGVAVIAIFIKASPSKGDINPDADPEEIIRIYNKYVDAIAVITEREYFKGSPEYIKQARKLTNLPILRIDFIIDEYQIYEAKALGADAIWLIVAILDKDQIKELYEAAKELGMEVIITVHDEEDLEKVFSVIKPKIIAIDNRDLDTFSVDLNTTEKLLKLIPPDTIIIAVGGISEPEQIKRLAKLGVDAVLIGETLMKNPNKIQEFTE,1.0,0.7561817845872878
MPSALDEIVSGAREDMAQREAKVPYEELKERAERAPPPRDVLAHLRSPGLSLLCLYVRKSPSGLDVERDPIEWAKLAEKYADALVVITDEKHYNGSLEDLKKIASAVTIPIIRADFIVDESQIAEAKAAGADAIWLIVAILSPDQLKRLYKYAKSYGMDPLILVHTEEELKRALKLGAEIIEVSNIDLRTHRVDLSVAEHLGRLARKQGFTGVLICVGGIYDPRQLKDLRGLFDAFLVGAALMTAEDPKKFLQDLVAYAK,0.5,0.5002851040825105
PRYLKGWLKDVVQLALRRPSTEAQRDRPIINLAERILEANKRNKVAIIAIYLRKDPSGLDVERDPIEYAKFMEKYAVALIVLTDEKYFNGSMEDLRKIASAVSIPILMYDFIVKEYQIYEAYALGADCVLLIVAILTEEELKSLLEYARSYGMEPIIDIFDEEDLEIALKIGARFIGVTSRDLKTNEVDLETQKKLISLIPSDVVIVAISGISEPEQIEELRKLGVNAFLIGSTLMRNPDKIKKFHE,1.0,0.6835815404765644
PSVLDEIIANVRKDVAARRAQLSLDEVKERAERAPPPRDAMAAFRAPGCAVILICLKASPSQGLIREDFDPARIAAVYRHYADAIVVPTDEKYFQGSFDFLRIVSSQAPQPILCFDFIIDEYQIYEARAAGADAILLIAAVLDREQLKRLYEAARELGMDVLVDVHDEEDLEKVFSAIRPKIIGIVNTDWKTFETDLNTTEKLAKLIPPDTIVIAISGISEPEQIKRMRKAGVDAVMIGSTFARNPDKAAEAKE,1.0,0.7217987788591281
SRADLTNVPGDVGEFARDRASVIKPHPVPCPPKRPSFYEALLRPGLAIIAAYTNKAPDGLSSNIHHQEYALTAAHIAAALVITTDEKYFNGSRETLRKIASSVDVPLIHWDFPMDAAQLLEAAADGVAAVVIDVSALEPKVWAEMFKRTISYGMVPLIDIMCEKYMHEAIALGVRVVVILTIDLENQRIDFNWIRELANKLGGNITVIAVSGISEAEQLEELRKIGVNAVIIGQTLMSNPEKIWELNR,0.0,0.3100887937861608
PSVLDEIIAGVRADVAARAAVVSLDELKERAARAPPPRDAMAAFRAPGVAVLLLCLKASPSKGLIREDFDPTRIAAVYRHYADAIVVMTDEKYFQGSFDFLRIVSQVAPQPILCADFIVDEYQVHEARAHGADMVLLIVALLDQDQLRSLLELIHSLGMTAIVDVHDEEELERALRAGARVICIGNKDLKTNEVDLETAKKLASLIPSDVIIISWGGIYDPRQLKDLRGVYDGFLIGTALMRAEDPEKFLRELKAYAE,1.0,0.7645962685173725
MARELKGWLKDVVEMAKRRPTFLAERKKPIINLAKRILELKKRGKLALIALYMRKSPSGLDVERDPIEWAKFMEKYVVALVVLTDEKYYNGSLEDLRKIRSAVDIPIICVDFIVDPYQIYLARHYQADAIILMLSVLTDEEYRQLASVAHALNMGVIVLVHTEEELERALRLGASMIGIMNTDLRTFEVDRNVAEHLGRLARERGFTGVLEAVGGVSEPEELKRLRKLGFDAVFIGETLMRNPSKIQEFQE,0.5,0.6121836734100435
MEEVLAKIVKDKKIWVEERKQQQPLESFQNQVQPSTRNFYDALQGDKTAFILVCLKASPSKGLIREDFDPVRIAAVYRHYASAIAVLTDEKYFQGSFDFLRQVSQVAPQPILCFDFIVDEIQIYQAALHGADAILLIVAVVGDRLKEFIDVARELGLDVIVDIHDEEDLEKVLSYCRPKIIGINNTDYRTMETDLNTTEKLAKLIPPDTILVSISGIYTYQQVRELSHYANGFLIGSALMAEDDLEAAVRRVLLGDNKI,1.0,0.7420348188413048
MEEVLAKIVRDKAIWVEARKQQQPIESFRDKVQPSQRNFYQALTGDRTAFIALFSKASPSKGDINPDADPAEIIKIYNKYADAIVVLTDEDFNKGSPDYIKEARKHTNLPILMFDFILDPYQIYLAALWGASAVLLIVAVAGDRTAEYYKLAEELGLDVLVDVFDEEDLEKVFSYCRPKIIGIVNTDFATFETDLNTTEKLLKLIPPDTIVVSLSGIYDPRQLKDLRGKVDAFLVGTSLMRAEDPKKAMEEMIAWAE,0.5,0.533069010023814
PTMLDDMNTEVRKDLAKRNATVSYNDLLALAALAPPPCDVMAALRSPGVGIIAQIIKASPSTGLIRDDFDPKRIAAIFRQYAVAILVTADRSVFQADFNFIRIIAQIAPQPVLALFLIIDPAAIAAAKAAEADAIFLLLSMLDDDQYRQLWAVAAALKMYVLTEVTTEEQAKRALKIGAKVIGVWPIVIWTGDIDLEAIKRIARNLPPEVIIILFQGILVAAIAEELAHHADALIIGKAIMAHDDLHAAMAKIARANKNK,0.0,0.30053228200152654
MEEVLAKIVKDKAIWVEERKQQQPIESFRDTLQPSTRNFYQALTGDRTAFIALVTRASPSQGNIRPLDPVEAAKTYEEAGADAITVLTDPKYFGGSDEYLKAVRSAVDLPILRYDFIIDEIQIYLAALYGADAVLLIVAILSPEELKHLYEAAQSLGMDVLVDVHTEEELERALRAGARIIGIGNTDLRTMEVDRNTAERLGRLARERGFTGVLVAISGISTAEDIKRLRKAGVDAFLIGSTLMRNPDKIKELKE,1.0,0.8310349536209545
RKEEEIIEAAKKKKQELLEENIQFQRHNHRFLKALLGKERIRIIALILKASPSKGDINPDFDPETIIRIYNKYADAITVLTEEDFFKGSPEYLQQARKITNLPILRWDFVVDPAQIWEAAAHGADCIDLIVRVAGDRTAEFYKLASELGLDVLVIVHDEEDLEKVFSYLKPKIIAILNRDLDTFEVDLNTTEKLLKLIPPDTIVVALVGVRGPEDLLRYAAQGADAVVVGEGLVTHGDPRQALADLVTAGTHPSCPR,0.5,0.6038607873109205
PSALDAIVAAVREDVAAREAKVSFDELKERAARAPPPRDVLAALRAPGVQVILVCLKASPSKGLIREDFDPVRIASVYRHYASAITVLTDEKYFQGSFDFLRQVSAVAPQPILCWDFIIDEAQIYEARAYGADAILLIAAILDDDQLKRLYEAAKELGMECEVLVHTEEELERALRAGAEIIGILNVDLKTFEVDRNTALHLGRLARERGFTGVLICVGGIYTYQQVRELSHYADGFVISSALMSEDDLEAAVRRVLLGDNKV,1.0,0.6882705012621574
MEEVLAKIVKDKAIWVEARKQQQPLESFRDEVQPSTRNFYQALQGDRTAFILDCIKASPSKGLIRDDFDPARIAAVYRHYASAIAVLTDEKYFQGSFDFLRIVSSQAPQPIICFDFIIDPYQIYLARYHQADAILLMLSVLDDEQYRQLAAVAHSLNMGVLVTIHDEEDLEKVLSVCRPKIIGIGNTDYRTMETDLNTTEKLAKLIPPDTILISISGIYDPRQLKDLRGYVDGILVGTALMRAEDPGKFCRELVAWAE,1.0,0.774996896624742
MDQPDLRNVKGEAAKIAKTLRKDLRPDQLPEPPPVKSLESALRRPGLAIICQYIRKSPSGLDVERDPIEWAKLMEKYAAALVVLTDPKYYNGSLEDLRKIRSTVDIPIIRQDFIVDPYQLYEARAHGASAILLIVAILGDKLKDFIKIARELGLDVYVLVHTEEELERALKAGARIIGISNTDLRTHTVDMSVAEHLGRLARKRGFTGLLECVGGIYDPRQLKDLRGLFDAFLVGEAIMRAEDPKKFLQDLVKYAK,0.5,0.6430748200975275
RKMDLIMKQVATDITQMQAENMIPEIRNHLFLQHLSGKYRVKIIAVYTNKAPDGLSANIDHIEYAKTAAKIAAALIILTDEKHFNGSAETLRKIASSVDIPILHYHFIIDPTAIRAAAADKADAVVLIASILDDDQYRQLAAVAHALHLDVVLDITSEEDWEKIASVIRPKIIVIVTQDLDTFTIDKSILWKLMKLIPPNTVVIAASGIKDPRELKDLRGKVNAVIISTSIMKAPDPKAFLEKAEKHSE,0.0,0.4083802793762161
MEEVLAKIVRDKAIWVEARKQQQPLESFRDEVQPSQRNFYQALTGDRTAFIAFYTRKSPSGLDVERDPIEYAKEMEKYAAALVVLTDPKYFNGSMEDLRKIRSAVSIPILRFDFILDPYQIYEAAAMGASAVLLIVAVLGDRTAEFYKLARELGLDVLVDVFDEEDLEKVFSYCRPKIIGIVNTDLATFETDLNTTEKLLKLIPPDVIVVSISGIKNPQQLKDLRGKFDAVLIGTSLMRAEDPGKFLKDMFAWAE,1.0,0.6835078993524091
PRYLKGWLKEVVQHALRRPSVEAQRDRPIINLAERILEALKRNKLAIIAFCLKASPSKGLIREDFDPARIASVYRHYASAIIVLTDEKHYQGSYDFLRIVKQVAPQPVIMYDFTVKEYQIYDAYALGADCVLLIVAILTEEELKRLLEYARSYGMEPIVDIFDEEDLEKVFSACRPKLIGITNTDLKTLETDLNTTERLAKLIPPDTIIIAAGGIRGPEDVLRAAAAGADAVVVGDGLVTHGDPAQALADLVTAGAHPSCPR,0.5,0.606251861500599
MEEVLAKIVKDKAIWVEARKQQQPLESFQNKIQPSTRNFYDALQGDKTAFILVCIKASPSKGLIREDFDPARIAAVYRHYADAITVLTDEKYFQGSFDFLRIVSQVAPQPILCWDFIIDEIQIYLAALAGADAILLIAAMLDDEQLKELYELARELGMDCLVDVHDEEELERALKIGAKIIGVGNQDLKTNEVDLETSKKLASLIPSDVTIISISGIYTYQQVRELSHYANGFLIGSALMAEDDLEAAVRRVLLGDNKI,1.0,0.7866144009170946
PRDLKGWLRDVVQAALRRPSFEAEPKRPAISIASAIEEAKKRNKAAIIAICEKASPSQGLIREDFDPARIAAVYRHYAAAIYVLTDEKYLQGSFDFLRIVSNVAPQPILCFDFIVDEYQIYRARAYGADAILLIAAILDDDQLKRLYEIAKELGMDVLVEVHTEEELERALRAGARMIGISNMDLRTMEVDRNTAERLGRLARERGFTGVLVAWGGYSTKEQLKSLEGLFDAVLIGTSLMRAPDIEKAARELLG,1.0,0.7347601396661394
DAAIIKHTKGAVAAMAKAVALKQKPEPAAEPPPGRSFEAALRRPGVAIIAVYLRKSPSGVDVERDPIEFAKTAEKYAAAIVVITDEKYFNGSLEDLRKIRSAVDIPVLAYDFIVDPAQIYLARAYAADAIVLILSVLDDEQYRQLAAVAHSLNMGVEVIVHTEEEAERALALGARIIAVLAIDFKTMEVDRSAFARIADRLPDDVVRLAIGGIYTYQQVRELSHYANGAFIGSALMSEDDLEAAIRRVALGDNKA,0.5,0.6144715430971851
MMDADLRNVKGLAAEIAKQIYKDIRPKPLPEPPPGFDFEAALRKPGIAIIAVVLRASPTTGDIKPLDPVEVARIYEKAGADAIEVLTDEKYLGGSLEFLKKIASAVSLPILRWDFIVTPYQIYEARAHGADAVLLIVSALEDEALKDLYARVESLGMVAVVLVHTEEELEKALRIGAKIIGILNMDLRTLEIDRSVALHLGRLARERGFTGVLIALGGYETKEQLKSLEGLFDAVLIWYALVRAPDIETKLRKLIG,1.0,0.6684891162431834
MEEVLAKIVKDKKKWVEARKQKQPLESFRDSLQPSQRNFYQALTGDRTAFIASCEKASPSKGLIREDFDPARIAAVYRHYADAIVVLTDEKYFQGSFDFLRIVRKVAPQPILCWDFIVDSYQIWLARYHGADAVLLIVAALDDEQLRELYERVESLGMTALVDVHTEEELERALKLGAKIIGIGNTDLRTMEVDRNTAERLGRLARERGFTGVLVAFSGIYDPRELKDLRGYFDAVLVGTSIMRAEDPKKACKDMVAWAE,1.0,0.7595669990769585
MDRADLRNIEGRLAEIAKTIAADLQPKPLPPPPPGRNFEAALRRPGIALILACLKATPAKGLLREDFDPVRIAAIYRHYADAIAVITDEKYLQGSMSFLRQVRAVAPQPILCVDFIVDPSQIDEARAAGADAILLIVAILTPEALKKLYEYAKSLGLDPIVEVHTEEELKRALKLGARIIGILNIDLRTGTIDRNVAEHLMRLARKQGFRGVLIAIGGYSTKEELKSLEGLADAVLIWEAIMTAPDIAKKLAKLRG,0.5,0.6297315907503178
PSVLDEIIANARTDAAARRAQVSLDELKEQAERAPPPRDAMAAFRAPGCAVILFCIKASPSQGLIREDFDPVRIASVYRHYADAIVVPTDEKYWQGSFDFLRQVSQVVPQPIFCYDFIVDEYQIAEARAAGADAVLLIVAALSEEELKSLYEFARSLGMDVLVDIHDEEDLEKVLSVIRPKLIGIINTDYKTFETDLNTTEKLAKLIPPDTILVAYGGISEPEQIKRMRKAGVDAVLIGSTVARNPDKAAEAKE,0.5,0.6509005769106324
MHPSKGWLKNVALLALHRPKFIDEMEKPIRKLAETILEANKRNITAIIALFTRATPSEGDINAHANLEKFIRWYAELADAITIMTEKHYFKGDPAFIKHARNLTNFPIIAYDFYHKEEQIESAYNAGADAIVLLTSQQTEDLLATLHKYAKKYKMDTLVDIFSEEDWEKVASVIRPKIIVIVTQDLETFTIDKSILWKLMKLIPPNTVILAAGGYSRKEELKSLEGVFDAVFISTSIMKAPDPRAFMQKLLG,0.0,0.30218208175287276
DHPSTGWLKYVMLAAKHRPMFIDELERPIRRLAETILEFNKRNITAIILVILKASFSTGLDLDDFDPRRIAAIMAQYAAAIVVIADEKWFQQPPLAIRIVAQIAPQPIIAWDFYVDTKQVYAAWAWGADAIVIIVKLLTEEQIKNIYEAAEELGMDTLVDVTTEEEAKRALKAGAKIIVVQPIVDATSEVDEEAIKRIMRNLPPEVIILVAGGIRNAEDLAKAMAAGADGVFIGHGLVTNGDPRAAFQHLVEEGTHPSCPY,0.0,0.4421967666299066
VRELKGWLKDVVQLALRRPSIEAQRDKPIINLAERILEANKRNKVAIIALFTKASPSKGDINPDADPAEIIKIYNKYADAICVLTEEAFNKGSPEYIREARQHTNLPILMWDFIVKEVQIYDAYALGADAVLLIVTILTDEELKRLLEYARSYGMEPLVDVHTEEELERALRAGARIIGIVNTDLKTAEVDRNTAKRLGRLARERGFSGVLVAIGGISEPEEIEELRKAGVNAFIIGETLMKNPEKAKEFKE,0.5,0.5977042505551207
PSAMDAAVAGVREDVAAREARLSFDEIKEQAARAPPPRDALAALRAPGVGVIAVVFRASPSQGAIRPLDPVEAARTYEEGGASAISVITDPKYFGGSDEYLKAVRSAVDLPIERVDFIIDEAQIYEAKAAGADFILLIAAILDAEQIKRLYEAARELGMEVIVLVHDEEDLEKVFSVIKPKIIAILNRDLDTFEIDLNTTEKLLKLIPPDTLVIAVGGIYDPRQLKDLRGKVDAVWVGESLMRAEDPKKFIKEMVAWAE,1.0,0.7164772671521199
PSVLDEIIAGAREDVAARRAQVSLDEIKEQAARAPPPRDAMAALRAPGVAVILVCLKASPSKGLIREDFDPVRIAAVYRHYANAIAVLTDEKYYQGSFDFLRQVSSQAPQPILCEDYIVDEYQVWEARAHGADMVLLIVAALDQDQLRSLLELIHSLGMTAVTAVSNEEELERAIALGAKVVGIPNIDLRDQSIDLNRTRQLAPRLGPGVIVIAWGGIRGPEDLLRAAAAGADAVVVGQGLVTDGDPRQAVADLVTAATHPSCPR,1.0,0.7589837007162882
PSALDAAVAGAREDLAAREARLSFDELKEQAARAPPPRDGLAALRAPGVAVIAVVVRSSASKGPLASIADPAALAREAEAAGAHMIAVLTERRRFKGSLEDMDAVRAAVDVPVLALDFIVDPAQIYMARAYHADAIVLIASVLDDEQARQLAAVAHSLNMGVFIVVHDEEDLEKVFSVIKPKIIAIDNQDLDTFEVDLNTTEKLLKLIPPDTIVVAFGGIYTYQQARELSHYANGFVISSAIMSEADIHAAIRRVTLGDNKA,0.5,0.6130035871374704
MEEVLAKIVKDKRKWVEERKQRQPLESFQNTVQPSTRNFYDALTGDKTAFILLVTRASPSQGNIRPLDPVEAARIYEKAGADAIAVLTDPKYFGGSFEDLRAVAEAVDLPILCADFIVTEYQVHLARAHGADAVLLLVAALDQDQMRSLLELIHSLGMTAVTDVSNEEELERAIALGAKVVGINNIDLRDQSIDLNRTRQLAPKLGPGVIVISYGGIYDPRQLKDLRGYVDGVLIGTALMRAEDPKKFCKELKAWSE,1.0,0.801219759675508
PSALDAAVAGAREDLAAREARLSFDELKEQAERAPPPRDALAALRAPGVAVIALFVKASPSKGDINPNADPEEIIKIYNKYADAIIVATERDYFKGSPEYIRQARKATNLPLIAWDFIVDPAQIYMARAYQADAIILILSVLDDEQARQLAAVAHSLNMGVIFDVHDEEDLEKVFSVIKPKIIAIINQDLDTFEVDLNTTEKLLKLIPPDTIVIAVVGIRGPEDLLHYAAAGADAVIVGIGLVTHGDPRQALADLVTAGTHPSCPR,0.5,0.5324823364542581
GRPDLTNVPGFIGEWARWRASVIVPHPLPCPPKRPSFATALLRPGLAIIAVYMNKAPDGLSSNIHHGEYAKTAAKIAAALVILTDEKYFNGSAETLRKIASSVDIPILHYEAIVDPTIIYAAAADNAAAVVLIASILDDDQFRQLAAVAKALKLDVVVDITSEEDWEKIASVIRPKIIVIVTTDLATGTTDKSILWKLMKLIPPNTILIATGGYSRKEELKALEGIFDAVIISTSIMRAPDPEAFIRKLLG,0.0,0.36177897144319604
MDAADLRNVKGLLAEIAKQRYKDDRPFPIPPQPPGRDYEAALRRPGLAIICAYMRKSPSGMDVERDPIEWAKLMERYAAALAVLTDPKFFNGSPEDLKKIRSAVDIPVLRVDFIVTEYQVHEARAHGADAVLLIVALLEQEVLESLLALIHSLGMNALVEVHTEEEAERALKAGARIIGILAMDWRTGDVDKTLFERIADRLPDEVVRIAIGGIYDPRQLKDLRGKFDAVLVYEAIMTAEDPEKFLKDMVKYAK,1.0,0.6999766123398823
MEEVLAKIVKDKKIWVEARKQQQPLESFRDQVQPSTRNFYDALQGDKTAFILVCLKASPSKGLIREDFDPARIAAVYRHYASAIVVLTDEKYFQGSFDFLRIVSSQAPQPILCYDFIVDEIQLYLAAYYGAAAILLIVAVLGDRTKEFIDIARELGLDVLVDVHDEEELERALRAGARIIGVNSRDLKTNEVDLETAKKLASLIPSDVTIVSISGIYTYQQVRELSHYANGFLIGSALMAEDDLEAAVRRVLLGDNKI,1.0,0.7914963249031216
DAAILKHVKGALAAIVKQVALDQKPKPAAEPPPGRSFEAALRRPGVAIILICLKATPSKGLIREDFDPVRIASVYRHYASAIAVITDEKYLQGSFDFIRQVRAVAPQPILCVDFIVDEYQIYEARAAGADAILLIAKLLTDKAIKDLYEAAKELGMDCLVVVHDEEDLEKVFSVIKPKIIGIENRDFATFEVDLNTTEKLLKLIPPDTVVVALGGYSTKEQLKSLEGLFDAVLIGESLMRAPDIAAALRELRG,1.0,0.7275874334466831
MEEVLAKIVKDKAVWVEERKQQQPIESFRDKLQPSQRNFYQALTGDRTAFIALYTRKSPSGLDVERDPIEYAKTMEKYADALIVLTDEKYFNGSLEDLRKIRSAVSIPILRYDFIIDEWQIYEAAAAGADCVLLIVAILSDEELKSLYEIARSLGMEVLVDVHTEEELERALKLGARVIGINNTDLRTMEVDRNTAERLGRLARERGFTGVLVAISGISTPEDIKRLKKAGVDAVLIGEALMRNPNKAEEFKE,1.0,0.8307303964519916
MEEVLAKIVRDKAIWVEARKQQQPLESFRDEVQPSTRNFYDALQGDRTAFILSCIKASPSKGLIREDFDPARIASVYKDYASAIAVLTDEKYFQGSLDFLRIVSSQAPQPILCWDFIIDEYQIWLAAYAGADAVLLIAAILSDEELKSLIEAARSLGMEVLVDIHDEEDLEKVLSHIRPKIIGITNQDYRTMEVDLNTTEKLAKLIPPDTILIAYGGVRGPEDLLRYAAAGADAVLVGAGLVTHGDPRQAVADLVTAGTHPSCPK,1.0,0.7225924380371194
PTPQDDHKTNARKDQSKRNASVSYNDFLALAALAPPPCDALAALRSPGVGIIIVLLKASPMTGLIVDDFDPRRIAAIAAQYADALLVATDRTAFQADFSFIRIIAQIAPQPIIAWDFYIDTVQVYAAKAAGADMIVIIVRILTEEQIKNIYEAAEELGMDSLVDIMDETAMHRAIAFGTRIIVIINIDLENQRIDFNWTLKLANKLGGNVTVILVGGIRNAEDLAKAAAAGADAVVIGEGLVTNGDPRAAFIHLLEEGLHPGCPY,0.0,0.45740626466250006
MDQPDLRHTEGAAAKIAKTVLKSIRPRPLPEPPPGRSWESALRRPGIAIICLIIKASPSKGDINPDADPKEILDIYDKYADAIAIITDPHYFKGDDSYIQKARNITNLPILRVDFIVDEIQIEEAAALGADAIWLIVSILTDKALKDLYETARKLGMDVIVTVHTEEELERALKLGARIIEISNVDLRTFTVDRNVAEHLGRLARKRGFTGVLIALGGIYDPQQLKDLRGLFDAVLVGEAIMRAEDPRKFLADMLAYAE,0.5,0.5778346500832723
MDAPDLRNIKGLLAKIAKAVYLDLKPYPLPEPPPVRSFEEALRRPGVAIILVCIKATPSQGLIRDDFDPTRIAAIYRHYADAIAVITDEKYYQGSFSFLRIVRAVAPQPILCVDFIVDPYQLYEARAHGASAIWLIVALLGDLLKKFIDIAKKLGLDPIVLVHTEEELERALKAGADIIEISNVDLTTGEVDRSVAKRLGRLARERGFTGVLIAVGGIYDPQQLKDLRGKFDAVLVGAAIMRAEDPKKFLADMLAYAQ,0.5,0.5681183705213056
MEEVLAKIVRDKKIWVEERKQQQPLESFRDEVQPSTRNFYDALSGDKTAFILVCLKASPSKGLIREDFDPVRIAAVYRHYASAITVLTDEKYFQGSFDFLRQVSNVAPQPILCYDFIVDEYQLYEAAYYGAAAILLIVAILGDRTKEFIDMARELGLDVLVDVFDEEDLEKVFSYCRPKIIGVVNTDWRTLETDLNTTEKLAKLIPPDTIVIAISGISEPEQVKRLRKAGVDGVLIGSTFARNPDKAAEAKE,1.0,0.6802340904619262
MDAADLRNVKGLLAKIAKTIYKKLRPYPLPEPPPGRDFEAALRRPGLAIICLYVRKSPSGLDVERDPIEWAKLMEKYAAALAVITDEDYFNGSLEDLQKIRSAVDIPVERVDFIVTEYQVYEARAHGADAVLLIVALLEEEVLRRLYELIQSLGMVALVLIHDEEDLEIALRAGAQMIGIVAQDKRTQQVDMDTFKRLISLIPPEIIIVAVGGISEPEQLKELAKLGVDAVFIGETLMRNPEKIKEFHK,0.5,0.6228250423347463
PSVMDAIVAGAREDLAAREARVSFDELKERAERAPPPRDALAALRAPGVQVIAVYKRKDPSGLDVEQDPIEFAKTMEKYAAALTVLTDEKYFNGSLEDLRKIASAVSIPVICLDFIVDPAQIYLARAYQADAVVLMLSVLDAEQYRQLAAVAHSLNMGVFVDVHDEEDLEKVFSVIKPKIIAIINRDLDTFEVDLNTTEKLLKLIPPDTIVIAIGGIKEPEQIKRLAKLGVDAVFIGEALMRNPDKEKEFQE,1.0,0.6887887275389327
DHPSKGWLKERALMVKHRPMLIDEVKRPIRRLAETILEFNKRNITAIILVCLKASPSTGLVRDDFDPKRIAALYRQYAAAIVVTIDRKAFQADLNFIRVIAQIAPQPIIAFDIIVDPAAIVAIFAAEATAIVLIAAVLDDDQYRQLAAVAHALDLDVILDIFSEEDWEKIASVIRPKVIVIVTTDLETFEIDKSILWKLLKLIPPNTVKLLSGGIKDPRELKDLRGKVNAVFISTSIMKAPDPRRFLEEARKHSI,0.0,0.338567241908126
ASVLDEIVAGVREDAAARRAQVSLDEVKEQAARAPPARDAMAAFRAPGVAVMLDCLKASPSKGLIREDFDPARIASVYKDYADAIIVLTDEKYYQGSFDFLRIVSSQAPQPIICFDFIVDPYQIYLARYYQADAILLMLSVLDDEQYRQLAAVAHSLNMGVLVMVHDEEELERALKAGARLIGINNTDLKTNEVDLETTKKLASLIPSDVIIISHSGIYNPQQLKDLRGYFDGVLVGTALMRAEDPEKKCREMKAWAE,1.0,0.857641225665118
PSVLDEIVAGAREDVAARQAEVSLDELKEQAARAPPPRDAMAAFRAPGCAVVALVTKASPSKGDINPDFDPVEIIKIYNKYADAISVLTDEKYFKGSPEYLKQARKHTNLPLLCWDFIVDEYQIYEARAAGADAILLIVAILDDEQLKELYEAARELGMDVLVDIFDEEDLEKVLSVIRPKLIGISNTDYKTFETDLNTTEKLAKLIPPDTILVAISGISEPEQIKRLRKAGVDGVLIGETLVRNPDKIQEFKE,1.0,0.8404612708280069
RKREEIIEAQKKKKQELPEENIQPQRKNHRFIKALLGKERIGIILLCLKASPSKGLIREDFDPVRIASVYRHYADAIAVITDEKYLQGSFEFLRQVSAVAPQPILCVDFIIDPAQIYAAAHYNADAIWLILSVLNDEQARQLAAVAHSLNMGVLVTIHDEEDLEKVFSVIKPKIIAIDNQDLDTFQVDLNTSEKLLKLIPPDCIVICIGGIYDPRQLKDLRGYVDAILVGESIMRAEDPKKFLKEMIAYAE,0.5,0.5878637018888233
MPSVADAIISGARADMAAREAKVSYDELKERAERAPPPRDVLAAFRSPGLALILICLKASPTKGLIREDFDPLRIAAIYRHYADAIEVITDEKYYQGSFSFLRLVRAVAPQPIIMVDFIVDPSQILQARAAGADAVWLIVAILSPEQLKTLYEFAKSLGMEPLVVVHTEEELEIALKAGAEIIGILNIDLRTGSVDLNVAEHLGRLARERGFTGVLIAIGGYSTPEQLKRLRGLFDAVLIGYSIMTAPDIAAKLKELLG,0.5,0.5516343972016009
MRKLEEIIEAAKKKKQELEEENIQPQMKNHNFLKAMLGNERLKIICTFFKASPSKGDINPNADPKQVIKIYDKYADAIAILTEEDFGKGSFEYIKEARKHTNLPIICWDFILDPRQIYQAAAAGADAILLIVRILDEEQIKRLYETAKKLGMDVLILVHDQEDLRKVFSVIRPKIIEIANQDLDTFSVDLSTTLKLLKLIPPETIIISVGGIYTYQQVKELSQYVHGAVISEALMSEEDLEAAVQRVVLGDNKV,0.5,0.5476172845943312
PSVLDAIVAGAREDVAAREAKVSFDEVKERAERAPPPRDVMAALRAPGVAVICVFLKASPSKGDINPDLDPEEIIKIYNKYADAIEVLTERTYFKGSPDYLKQARKITNLPILCWNMIVDPYQIYLARAYHADAILLILSVLDDEQYRQLAAVAHSLNMGVLTVISNEEEMKRAIALGAKIVAILNQDLRNMSIDLNRTRQLAQQLGPGVIIIAYGGYSTKEQLKSLEGLADAVLVGESLMRAPDIAAAIRELIG,0.5,0.6197437922861655
MIQPDLRNVKGLLAEIAKTVAKDLRPRPLPEPPPGPSFESALRRPGLALLLVCLKASPSKGLIREDFDPTRIAAIYRHYADAILVITDEKYHQGSFSFLRIVRAVAPQPIECLDFIVDEIQIYEAAAAGADAILLIVAILTDEALKHLIEVAKSLGMDVIVVVHTEEEAERALKAGAKIIAINAQDWHTGKVDKTLYARIADLLPDEVVKIAVGGYSTKEELKSLEGVFDAVYIGEAIMRAPDIAKALKKLLG,0.5,0.5956944519651592
MDFPDLRNIKGEAAKIAKQVLKDMRPKPLPEPPPIRPLEEALRKPGVAIICLFVKASPSKGDINPDADLESIIRMYDKYADAIAIITEPHYHKGDDEYIKQARKYTNLPIIRVDFIVDPYQVYQARALGASAIFLIVAILGDLLKKFYKLAKDLGLDVLVMVHTEEELERALKAGADIIEISNVDMRTWEVDRSVAEKLGRLARKRGFTGVLIAVGGIYDPRELKDLRGLFDAVLVGEAIMRAEDPEKFLQDMLAYAK,0.5,0.5563431984542326
MEEVLAKIVKDKAIWVEARKQQQPLESFRDEIQPSQRNFYQALTGDRTAFIAIYTRKSPSGLDVERDPIEYAKTMEKYAAALIVATDEKYFNGSLEDLRKIRSAVSIPILRFDFIIDEWQIYEAAAAGADAILLIAAILDDDQLKELYEAAKKLGMDCIVDVHTEEELERALKAGAEVIGIGNMDYRTMEVDRNTAERLGRLARERGFTGVLVAISGISTPEDLKRLKKAGFDAALIGSSLMRNPDKAEEFKE,1.0,0.7488748778904202
MDQPDLRNIPGLLAKIAKTILKSLRPYPLPEPPPVRSFEEALRQPGMAIICIFVKASPSKGDINPNADLEKLIKIYDKYADAIIILTEPHYHKGDLSYIQKARQITNLPILRFDFIVDPYQIYEARAHGASAVLLIVALLGDKLADFIKIAKKLGLDVLVDVRTQEEADRALKAGAKIIAILALDIHTGKVDMTLFERIADRLPDEVVRVAIGGIKEPEQLKRLQKLGADAVLIGETLMKNPDKIKEFIK,0.5,0.6207524515957987
PSVLDEIIAGAREDIEARKAQLSLDELKERAERAPPPRDAMAAFRAPGSAVVLFCLKASPSKGLIREDFDPARIAAVYRHYANAIAVLTDEKYFQGSFDFLRIVSSQAPQPILCADFIVDEYQVHEARAHGADMVLLIVAALDQDQLRRLLELVHSLGMLALVEIHDEEDLEKVLSVVRPKLIGIYNTDYKTFETDLNTTEKLAKLIPPDTILVAILGISEPEQIERLRKAGVDGFLIGSTFARNPDKAAEAKE,1.0,0.7655271334884852
DHPHKGWLKYVMLMAAHRPMFIDELERPLRKLLEVILEFNKRNITAIIAVYTNKAPDGLSTNLDPGEYAKTAAKIAAALVILTDEKYFNGSYETLRKIASQVDIPLIAFDFYVDTKQVYAAWAIGADAIVILVRLLTEEQIKNIYEAAEKLGMDSLVDIFSEEDWEKVASVIRPKLIVIVTRDLETFEQDKSILWKLMKLIPPNTVILLVSGIHVAADIEEQAHVVDGFFISVALMAHDDIHAAFAKIWEANKNA,0.0,0.3815683624816054
MEEVLAKILKDKAKWIEARKQQQPLESFRDEVQPSTRNFYDALQGDKTVFILDCLKASPSKGLIREDFDPVRIAAVYRHYADAIAVLTDEKYFQGSLDFLRQVSSQAPQPILCWDFIIDEIQIWQARAAGADAVLLIAAALSDEELKSLLEAAKSLGMDVIVMVHDEEDLERALKIGARLIGINSTDLKTNEVDLETTKKLASLIPSDVIIISFSGIYTYQQVRELSHYANGFLIGSALMAEDDLEAAVRRVLLGDNKI,1.0,0.8024766036448726
MDLPDLRNVTGEVAKIAKTVLKDLRPAPPNEPPPGRDVEAALRQPGIAIECLYIRKSPSGMDVERDPIEWAKMAEKYAAALVVLTDEKYYNGSYEDLQKIAQAVDIPVFCSDFIVDPYQIYLARAYQADAIVLMLSILSDEAYRQLATVAHKLNMGVVTIISTEEEMKRALKLGARIIAILNIDLRDNSIDLNRTKHLAPQLGPGIVIIALGGIYDPRQLKDLRGLVDAVLVGEALMRAEDPEKFLQDMVKYAK,0.5,0.5726364009694092
RKEEEIIEAAKKKKQEIPEENIQFQLKNHDFLKALLGKERLKIIAIVLKASPSKGDINPDADPEEIIRIYNKYADAITVLTEEDFFKGSPDYIKQARKVTNLPILRWDFIIDESQILEAAALGADAILLIVAILSDEQLKRLYEYARSLGMTPLVDVHTEEEADRALAAGAKIIAVLAKDLKTADVDRSAFERIADRLPDDVVVICIGGIYDPRELKDLRGKVNAVLVGESLMRAEDPKKFLKEMLAYSE,1.0,0.7241871788585544
MPSVLDAILSGVLEDVAARKAKVSLEELKERAKRAPPPLDALAVLLAPGIAIICLITKASPSKGDINPDADPEKIARIYDKYADAIAILTEERYGKGSLSYIQRIRSTTNLPIICVNFIIEPYQIYEARAHGADLVILLVAALDEEQLRRLYELIESLGMVAITDISTEEEMKRALALGAKVIAIINVDMRDWSIDLNRTKHLAPQLGPGVIIIALGGIYDPRQLKDLRGLVDAVYIGEALMRAEDPKKFLQDLLAYAH,0.5,0.5210165773746807
MPSALDAIISGVRADVAARKAKVSLEELKERAKRAPPPRDVLAALRSPGVAIILLCLKASPSKGLIRDDFDPVRIAAVYRHYADAIAVLTDEKYHQGSFSFLRQVRNVAPQPIICVDFIVDPIQLYEAKAHGADAVWLIVAVLGDRLEEFYDTARKLGLHVLVMIHDEEDLKIALRIGARIIEILAIDLKTFKVDLETQKRLISLIPPEVIIIAVGGIEDPQQLKDLRGYVDAVLIGAAIMTAEDPKKFLADLLAYAE,0.5,0.5840796115688636
PSAADAIVAAVREDLAAREARVSFDELKERAERAPPPRDVLAALRAPGVGVIAVYVRKSPSGLDVERDPIEYAKFMEKYADAIAVITDEKYFNGSLEDLRKIASAVSIPVEMLDFIIDEAQIYEAKAMGADAIWLIAAILDKDQLKKLYEAAKELGMDVIMLVHDEEDLEKVFSVCKPKIIAILNRDLDTFKVDLNTTEKLLKLIPPDTIIITIGGISEPEQIKRLAKAGVDAVMIGETLMRNKDKEEEFRE,1.0,0.6722302352605681
PSVMDAIVAGAREDMAAREARLSFDELKEQAARAPPPRDALAALRAPGVSVILLCLKASPSSGLIREDFDPARIAAVYRHYASAIAIITDEKYFQGSFDFLRIVSKVAPQPIICVNFIVDPAQIYLARAHQADACVLILSVLDDEQARQLAAVAHSLNMGVLVDVHDEEDLEKVFSVIKPKIIAIINIDLDTFEVDLNTTEKLLKLIPPDTIVISYGGIYTYQQARELSHYANGFIIGSALMSEDDLEAAVRRVLLGDNKA,0.5,0.6041930446557084
SKMWLIMKMVAHDITQWDAENMIPQIRNHLFLQHLDGKYRVKIIAVCLKATFSKGLIVDDFDPKRIGALYAQYAAAIVVAADRKVFQADFSFLRIIAQIAPQPILFWFFIIDPAAIVAAAANEADAIVLLLAILDDDQYRQLAAVAQALHMDVVVDILCETYMHRAIALGARIVAIINVDLENQQIDLNWTLKLARKLGGNVTVIAISGISEAEQIEELRKAGVNAIMFSSTLAKNPEKIAELNR,0.0,0.3414883316770052
MEEVLAKIVKDKAIWVEARKQQQPIESFRDELQPSTRNFYQALTGDRTAFIALCLKASPSKGLIREDFDPVRIASVYRHYASAIAVLTDEKHFQGSFDFLRQVSKVVPQPVLCWDFIVDSYQIHEARAHGADAVMLIVAALEQEQLEELYARIESLGMTALVEVHTEEELERALRAGAKIIGINNMDLRTMEVDRNTAERLGRLARERGFTGVLVAMGGYSTPEQIKSLRGIFDAVCIGTSLMRAPDIEKKVRELIG,1.0,0.757940201550636
PSALDAIVAAVREDLAARMAIVSFDELKERAAKAPPPRDVLAALRAPGVGVIAIFVKASPSKGDINPDADPEEIIRIYNKYADAIAVITEKDYFKGSPDYIKQARKVTNLPIICVDFIVDPAQIYMARAYHADAIWLILSVLDDEQYRQLAAVAHSLNMGVFLAVHTEEELERALKLGAEVIGIDNRDLKTFEVDRNVAERLGRLARERGFTGVLIAIGGISSAEEVKRLKKAGFDAFLVGETLMKNPDKIQELRE,1.0,0.6765617437376825
SRADLTNVPGIAGEIARARASEIVPHPIPCPPKVSSFAEALLRPGLAIIAVCLKATPSTGLDLENFDPKKIAALFKQYAAAITAAIDRKAFQADNNFIRIIAQIAPQPILVWDFVVDAAQIVIAAGIYAAAVVLDTSVLEPKVWLEMFKRIASWGMFCCVSVTTERDLQIAIEAGADILIIETTDYKTMRTNIETARRLGRLARKRGFGGILIAAGGYSRKEELKSLEGIFDAVIISTSIMRAPDPEAFIRKLLG,0.0,0.324455314000444
PSVLDEIVAGVREDAAARRAEVSLDEIKARASKQPPARDAVAAFRAPGVAVILVCQKASPSKGLIREDFDPVRIASVYRHYADAIVVLTDEKYFQGSFDFLRQVRKVAPQPILCWDFIVDPYQIYLARYHQADAILLMLSVLDDEQYRQLAAVAHSLNMGVLVDVHTEEELERALKAGAEIIGINNMDLRTMEVDPNTAERLGRLARERGFTGVLVAHSGIYNPEQLRDLRGYVDAVLVGTALMRAEDPKKFLKEMIAAAE,1.0,0.8658562016346212
PSVLDAIVAGVREDVAARRAHVSFDEIKERAERAPPPLDVLAALRAPGVAVIAVYARKSPSGLDVERDPIEYAKFMEKYVAAIAVLTDEKYFNGSLEDLARIRSAVNLPVECVNFIVDPAQIYLARAYQADAIVLMLSVLDDEQYRELAAVAHSLNMGVFVVVHTEEEAERALALGAEIIAVNVRDLKTAEVDRSAFARIARRLPDDVVKIAYGGISEPEEIKRLAKMGVDAVLIGETLMRNENKEEEFNE,1.0,0.7002229519678331
RKLEEIIEAKKKKKQELPEENIQFQRKNHNFLKALLGSERVRIILICLKASPSKGLIREDFDPVRIASVYRHYADAIAVITDEKYFQGSFDFLRQVAAVAPQPILCVDFIIDPAQIYLAAHYQADAIWLILSVLTDEQARELAAVAHSLNMGVLITVHDEEDLEKVFSVIKPKIIAIDNRDLDTFKVDLNTTEKLLKLIPPDCLIVAVGGISEPEQIERLRKLGVDAVLIGETLVRNPDKAAEFKE,1.0,0.7313088511375136
PSVLDSIVADAREDAAARRAKVSLDEIKEQAARAPPALDALAAFRAPGVQVIAVYTRKSPSGLDVERDPIEYAKTMEKYAAALAVLTDEKYFNGSLEDLRKIRSAVSIPILCVDFIVDPYQIYLARHYQADAILLILSVLDDEQYRQLAAVAHSLNMGVMVEVHTEEELERALKAGAEIIVILNMDLRTMEVDPNTAERLGRLARERGFTGVLVAWSGIYNPQQLKDLRGYFDAILVGTALMRAEDPKKFLKELVAWAE,1.0,0.6883733051885179
DHPVTGWLKKVILLLAHHPYFIDEMEKPIRKLAELVLEFNKRNITAIIALFTRASPSRGDINAHANLEKFIRMYAELARAISIMTEKHYNKGDPAFVKHARNLANFPIIFFLHITRPDLIRAAFAAEADAVVLILSILDDDQYRQLWAVAAALDLDILTDVTTEEQAKRALKIGVKVIVVVPIVSDTDEADPEAIKKIMRNLPPEVQIVAVSGISEAEQLEELRKLGVNAFIISSTIMKNPEKMRELNR,0.0,0.38675023065196634
PDYLKGWLRDVVEAARRRPSKEDEPKKPPISIAEAIEEAKKRNKAAIILVCQKASPSKGLIREDFDPARIASVYRHYASAITVLTDEKYFQGSYDFLRIVSNVAPQPILCWDFIVDESQIHQARSAGADAVLLIVAILTPEELKHLYEYAKSYGMDVLVDVHDEEDLEKVFSVIRPKLIGINNTDLKTFETDLNTTEKLLKLIPPDIIVVSISGIYDPRQLKDLRGKVDAVLVGTAIMRAEDPKKFLKDMIAWAR,1.0,0.7449580450494913
MEEVLAQIVRDKAIWIEKRKQQQPLESFRDEVQPSTRNFYDALQGDRTAFVADFTKASPSKGDINPDADPEEIIRIYNKHADAIGVLTDEKFFKGSPEYLKEARKHTNLPLLRFDFIIDEIQIWQAAAAGADAVTLIVAALSDEELKSLLEAAKSLGMDVLVVVHTEEELERALRAGAKVIGILNMDLKTLEVDLNTAERLGRLARERGFSGVLIAIGGISEPEQIKRLRKAGVDGFIIGESLMRNPEKIKKLKE,1.0,0.6961903443167896
PSAADAAVAGVREDVAAREARVSFDELKERAARAPPPRDALAALRAPGVQVILLCLKASPSKGLIREDFDPARIASVYRHYASAIAVLTDEKYFQGSFDFLRIVRNVAPQPILAVNFIVDPAQIYLARAYQADAIVLIASVLDDEQARQLAAVAHSLNMGVIVFVYDEEDLEKVFSVIKPKIIGIINRDLDTFEVDLNTTEKLLKLIPPDTIVIAIGGYSTKEQLKSLEGLADAVEIGESLMRAPDIAAALRELIG,0.5,0.6201176122530586
MPSVLDAIVAGAREDMAAREAKVPLDELRERAKRAPPPRDVLAALLKPGVAIILLCVKASPSKGLIRDDFDPVRIAAIYRHYADAIAVLTDEKYYQGSFSFLRLVRAVAPQPIICADFIVDESQIYQAKAAGADTVWLIVAILSPDQLKKLYEIAKSLGMDPLILVHDEEDLEKVFSVIRPKIIEILNTDLDTFSTDLNTTEKLLKLIPPETIIVAVGGIEDPRQLKDLRGKVDAVLVGASLMRAEDPKKFLADMLAYAK,0.5,0.5948724699936218
MEEVLAKIVKDKAIWVEARKQQQPLESFRDKVQPSTRNFYDALQGDQTAFIALYLRKSPSGLDVERDPIEYAKFYEKYAAALSVVTDEKYSNGSFEDLRKIASAVNIPILCFDFIIDEIQIYLAAAYGADAIVLWAAILDDEQLKRLYEAARRLGMDCVVDIHDEEDLEKVLSVMRPKIIAIVNTDLRTLETDLNTTEKLAKLIPPDTTVIAIGGISEPEQIKRLRKAGVDAFLIGSTFMRNPDKAKEAKE,0.5,0.5972913527105453
