Unnamed: 0,mutated_sequence,Expression
0,SRPDLTNVPGLLGEIARWRASVIVPHPLPCPPKRPSFATALLRPGLAIIATYMNKAPDGLSVNIHHGEYAKTAAKIAAALIIVTDEKYFNGSAETLRKIASSVDIPILHWEFIVDPTIIYAAAADNAAAVILIAQILDDDQFRQLAAVAHALKLDVVVDITSEEDWEKIASVIRPKIIVIVTTDLATLETDKSILWKLMKLIPPNTILAAAGGYSRKEELKALEGIFDAVMISTSIMRAPDPEAFIRKLLG,0.0
1,REMWLIMKQVAEDITQMQAENMIPEIRNHLFLQHLSGKYRVKIIAVYMNKAMDGLSANIDHIEYAKTAAKIAAALVILTDEKYFNGSAETLRKIASSVDIPILHWHFIIDPTAIRAAAADKADAVVLIASILDDDQYRQLAAVAHALHLDVVLDITSEEDWEKIASVIRPKIIVIVTQDLDTFKIDKSILWKLMKLIPPNTVVIAASGIKDPRELKDLRGKVNAVIISTSIMKAPDPKAFLEKAEKHSE,0.5
2,PSAMDAAVAGAREDVAAREARVSFDELKERAARAPPPRDVLAALRAPGVAVIALVARASPSDGAIRPLDPVEAAREYEKGGASAISVITDPRYFGGSLEYLKAIRSAVDLPILCVNWIVDPAQIYLARAYQADAIVLFLSVLDDEQARQLAAVAHSLNMGVIVVVHDEEDLEKVFSVIKPKIIAIDNLDLDTFEVDLNTTEKLLKLIPPDTIVISVGGIYTYQQVRELSHYANGFWIGSALMSEDDLHAAVRRVALGDNKA,0.0
3,PRYLKGWLRDVVQTALRRPSIEDQPQKPAISIASAIEEAKKRNKPAIIALYTRKSPSGLDVERDPIEYAKFMEKYAVALVVLTDQKYFNGSPEDLKKIASAVSIPILCFDFIVDEYQIYEAYALGADAILLIVAILDDEQLRELYEAAKELGMDVLVDVHTEEELERALRAGAEMIGINNQDLKTLEVDPNTAERLGRLARERGFTGVLVAISGISTAEDIKRLRKAGVDAFLIGSSLMRNPDKAKKFRE,0.5
4,MEEVLAKIVRDKRIWVEERQQQQPLESFQNTVQPSTRNFYDALQGDKAVFIAVYMRKSPSGLDVERDPIEYAKFMEKYAAGLIVLTDEKYFNGSYEDLRKIASAVSIPILMYDFIVDEYQIFQARALGADAVVLFVAILSEEELKSLLEYARSYGMEPLIDIFDEEDLEIALKIGARLIGVGSMDLKTNRVDLETQKRLISLIPSDVIIVAIGGISEPEQVKELRKLGVDAFIIGSTLMRNPEKIKELTE,1.0
5,MEEVLAKIVRDKAIWVEARKQQQPIESFRDELQPSTRNFYQALTGDRTAFILPCIKASPSKGLIREDFDPVRIASVYRHYASAIAVLTDEKYFQGSFDFLRQVRAVAPQPVLMFDFIIDEYQIYQAALAGADAVLLIVAILSDEELKHLYEFARSLGMDVLVDVHTEEELERALRLGARVIGIGNTDLRTMEVDPNTAERLGRLARERGFTGVLVAISGIYDPQQLKDLRGYFDAVLVGTSLMRAEDPKKACKEMVAWAE,1.0
6,PTALDAIVAGAREDLAAREAHVSFDELKERAERAPPPRDVLAAFRAPGVCLILVCLKASPSKGLIREDFDPARIAAVYRHFADAITVLTDEKYFQGSFDFLRIVRNVAPQPIICWDFIIDEAQIYEAKAYGADCILLIAAILDDDQLKHLYEAAKELGMDVEVIVHTEEELERALKAGAEIIGILNRDLKTFEVDRNTFERLGRLARERGFTGVLVALIGVRGPEDLLHYAAAGADAVVVGQGLVTHGDPKQALADLVTAGTHPSCPR,0.5
7,PSAADAIVAGVREDVAAREAVVSFDEMKERAERAPPPRDALAVLRAPGVAVIAIFLKASPSKGDINPDADPEEIIRIYNKYADAITILTEKDYFKGSPDYIKQARKITNLPIICWDFIIDEYQIYEARAAGADAILLIAAILDDDQMKTLYEAAKELGMECIVDVHTEEELERALRAGAEIIGILNRDLKTFEVDRNTAERLARLARERGFTGVLIAIGGISEPEEIKRLAKLGVDAVLIGETLMKNPDKAQEFRE,0.5
8,PSVLDDAVAGAREDVAAREARLSFDELKEQAERAPPPRDALAALRAPGVQVIAICLKATPSSGLIREDFDPARIASVYRHYASAITVLTNEKYWQGSFDFIRIVRAVAPQPVLAVDFIVDESQIAEAAAAGADAVELIVAILSPEELASLIEYAQSYGMEPLVIVHTEEEAERALAAGAKVIGVLAWDLKTMEVDPSAFARIADRLPDDVVKVALAGVRGPEDLLAAAAAGADAVLVGLGLVTHGDPRQALADLVTAGTHPSCPR,0.5
9,MRKLEKILEEAKKFKQSIEYENIQFQEKNKNFLKAMLGSERIRIILLCIKASPSKGLIREDFDPVRIAALYRHYADAIAIITDEKYYQGSFSFLRQVAAVATQPIICVDFILDKSQILQAAAAGADAVWLIVKILSPDQLKSLYEYAESYGMQPLITIHDEEDLEIALRIGAKIIEISSVDLDTFSVDLELQKKLMKLIPPEIVIIALTGITGPEDLMEYAKWGADAVLVGIGLITDGDPRQALADLVTAAQHPSCPS,0.5
10,MDDADLRNVKGVIAEIAKSVYKDQRPYPLPEPPPGKDYEAAMRRPGVALICLFIKASPSKGDINPDADLEKIIRIYDKYADAIVILTDPHYWKGDDQYIQRAKNYTELPIIRMNWIVTEYQVYEARAHGADAVILVVAALEQEVLESLYELIESLGMVAVVEVHTEEELERALRAGARVIGILNVDMRTMEVDRSVAEHLGRLARKRGFTGVLVTIGGVSSKEEIKRLEKAGVDAILIGDTLMKNPSKAEEFRE,0.5
11,MEEVLAKIVKDKAIWVEARKQQQPIESFRDELQPSQRNFYQALTGDRTAFIAICLKASPSKGLIREDFDPVRIASVYRHYADAIIVLTDEKYFQGSFDFLRQVAKVVPQPILCFDFIIDPYQIYLARYHQADAILLMLSILNDEQYRQLAAVAHSLNMGVLVDVHDEEDLEKVFSHVRPKIIGISNTDLKTLETDLNTTEKLLKLIPPDTVVVSSSGIYNPEQLKDLRGKVDAVLVGTALMRAEDPKKFCKDMIAAAE,1.0
12,MDDADLRNVTGELAKIAKTIAKSIRPYPLPEPPPGPSFESALRRPGIAIICLFIKASPSKGDINPNLDLESVIRMYDKYADAIEILTEPHYQKGSPDYIKQARKYTNLPILRWDFIVTEYQIYEARAHGADAILLIVALLEQEVLESLIALIESLGMVPVVIVHTEEEADRALKAGARIIAILTEDLKTGDVDKTLFERIADLLPDEVVRICVGGIYDPQQLKDLRGKADAVLIGEALMRAEDPKKMLQDFLAYAE,0.5
13,RKYEEIIEEAKKKKQELEEENIQFQPKNHSFLKALLGKERIALICVYARKSPSGLDVERDPIEFAKTAEKYADALAVITDEKFFNGSLEDLRRIRSAVSIPIERLDFIVDPAQIFEAAAHGADAIWLIVAVLGDRLAEFYKIAQELGLDVIVLVHDEEDLEKVFSYCKPKLIAILNRDLDTFEVDLNTTEKLLKLIPPDCVIIVVGGYSTKEQLKSLKGLADAVLIGESLMRAPDIHKAIAELVG,0.5
14,PSVLDSIVAGAREDAAARRAQVSLDEMKERAAKAPPARDAMAAFRAPGVAVIALVGRASPSEGDIRPLDPVEAARTYEEAGADAITVLTDPRYFGGSLEDLRAIREAVDLPIIRYDFIVDESQILEAKAAGADAVLLIVAILTEEELKHLYEFARSLGMEVIVDIHDEEDLEIALRIGARLIGINSKDLKTNEVDLETQKRLISLIPSDVVIVALSGIYNPQQLKDLRGYVDAVLVGTAIMRAEDPKKFLKEMKAWAE,0.5
15,MDDADLRNVPGELAKIAKTILADVRPDQLPEPPPIPSFEDALKQPGVALIALYARKSPSGMDVERDPIEYAKMMEKYVTALVVLTDPKYYNGSLEDLQKIRSAVSIPVIRQDFIVTEYQVYEARAHGADLVPLIVALLEEEVLRRLYELIQSLGMVALVLISTEEELKRAIKLGARVVGILNVDERDNSIDLNRTKHLAPQLGPGIIIEALGGIYDPRQLKDLRGLVDAVFIGEALMTAEDPKKTLQEMFKYAK,0.5
16,PSVLDALVAGAREDVAAREARLSFDELKEQAARAPPPRDALAALRAPGVSVILICLKAQPAKGLIREDFDPVRIASVYRHYASAIAVITDEQYLQGSFDFLRQVSAVAPQPILAIDFVVTPYQIHEARAHGADMVELIAAALEDAQMEELYERTESLGMHALVVVHDEEDLEKVFSHIKPKIIGIWNRDLDTFEVDLNTTEKLLKLIPPDTIVVSIGGIYTYQQVRELSHYANGFLISSALMSEDDLEAAVRRVTLGDNKA,0.5
17,PTASDDHITNVRKIQAKREAKVSYNDLKAIAASAPPPCDVLAALRSPGLVIIAVLIKASPSTGLILDDFDPKRIAALYRQYAVAIIVATDRSVFQADFNFIRIIAQIAPQPIIAWNYYTHIAQIAWAAAAGADAIVLITATQTEDLLATLHKYAKKYKMDTFVDIFSEEDWEKVASVIRPKIIVIVTTDLDTFKTDKSILWKLMKLIPPNTIIVAVSGISEAEELEELRKLGVNAAVISETLMRNPEKIAELNR,0.5
18,DAAIIKHVKGEQAEIAKAVYLNIKPKPLAEPPPGRSFEAALRRPGVAIIAIFLKASPSKGDINPDADPEEIIKIYNKYADAITVLTEEHFFKGSPSYIQQARKHTNLPILRWDFIVDERQILEARALGADAILLIVAILTPKALKSLYEYARSLGMEVLVDVHTEEELERALKAGAKIIGILNRDLRTFEVDPNTAERLGRLARERGFTGVLVSIGGIYNPQQLKDLRGYFDAVLVGESLMRAEDPKKFLEEMIAWAE,0.5
19,MEEVLAKIVRDKKIWVETRKQQQPLESFRDTIQPSTRNFYDALQGDRTAFIALFTKASPSEGDINPDADPVEIIKIYNKYADAIAVLTDEKYFKGSPEYLKEIRKHTNLPLLCIDFIVTPYQIWEARAHGADVVVLYVAALDQDQMRRLLELIHSLGMTALVDIHDEEELEIALRLGARIIAIGNRDLKTNEVDLETAKKLASLIPSDVIIISFSGIYDPRQLKDLRGVYDAFCIGTALMRAEDPHKFLKELIAWIE,0.5
20,PSVADAAVAGAREDLAAREARLSFDELKEQAARAPPPRDALAALRAPGVAVIAICMKASPSKGLIREDFDPARIASVYRHYASAIAVMTDEKYFQGSFDFLRIVRAVAPQPIEAVDFIIDPAQIYLARAHQADAILLIASVLDDEQARQLAAVAHSLNMGVFILVHDEEDLEKVFSVIKPKIIAILNTDLDTFETDLNTTEKLLKLIPPDTIVITVGGIYDPRQLKDLRGKVDAVFVGESLMRAEDPKKFLKEMIAWAE,0.5
21,MEEVLAKIVRDKKIWVEERKQQQPLESFRDKVQPSTRNFYDALQGDKTAFILVCLKASPSKGLIREDFDPVRIAAVYRHYANAITVLTDEKYFQGSFDFLRQVSQVAPQPILCFDFIVDEWQLYLAALFGAAAILLIVAILGDRTKEFIDMARELGLDVLVDVHDEEDLEKVFSYCRPKIIGVVNTDWRTMETDLNTTEKLAKLIPPDTIVIAISGISEPEQVKRLRKAGVDGVLIGSTFARNPDKAAEAKE,0.5
22,SRADLTNVPGAVGEFARARASVIVPHPVPCPPKVPSFYEALLRPGAAIIALFTRASPSKGDINAHANLEAFIRWYAELADAISIMTEKHYNKGDPAFIKHARNLVSFPILRFDFVDDPFMLYAARAFGAAAIVLIVALTGHRTGEYLEIAARYDLDVLIDITSEEDWEKVASVARPPIWVIVTTDLATFETDKSILWKLMKLIPPNTVILVVGGIYVAAIIEEQASGADGFIISEALMAHDDLHSALRRLLEANQNR,0.0
23,PSVLDEIIAAARKDAAARRAQVSLDELKEQAERAPPPRDAMAAFRAPGCAVILLCEKASPSKGLIREDFDPVRIASVYRHYADAIYVITDEKYFQGSFDFLRQVSAVVPQPIYCYDFIVDEYQIAEARAAGADAVLLIVAALSEEELKSLYEYARSLGMDVLVDIHDEEDLEKVLSVIRPKLIGIVNTDWKTFETDLNTTEKLAKLIPPDTILVAISGISEPEQIKRMRKAGVDAVLIGSTFARNPDKAAEAKE,0.5
24,PSVLDAIVAGVRADVAAREARVSFDELKRRAERAPPPRDVLAALRAPGVSLICVFLKASPSKGDINPDADPEEIIKIYNKYADAITVLTEKDYFKGSPDYLKQARKATNLPIIRWDFIIDEIQIYEARAAGADAILLIAAILDKDQIKELYETAKELGMDVEVVVHDEEDLRKVFSVIKPKIIAIINQDLDTFRVDLNTTEKLLKLIPPDTIVVCIGGIYTYNQVRELSRYANGFVISSALMSEDDLEAAVRRVLLGDNKV,0.0
25,PTALDDHNTDARKEQARREAKVSYNDFVAIAALAPPPCDIMAVLRSPGIAIIALFKRASPSKGDINAHANLEKFIRWYDEFADAIQIMTEKHYFKGDPAFIRHARNLTNRPIIMFNYITHEAQIATAAAVGADAVILITASLTDDELRTLIEYAKKYKMDTMVDVHTEEEAKRALKAGVKVICVVPVVIWTDEVDEEALKKIARNLPPEVIIILVSGINVAAIVEELAHHADALVISDAIMAHDDIHSALAKVMKHNQNR,0.5
26,GSVLDEILAGVREDLAARKAVVSFDEIKERAARAPPPLDVMAALRAPGVGVIALFTKASPSKGDINPDADPEEIIRAYNDYADAIVVATEERFNKGSPEYLKQARKVTNLPIIRWDFIIDEYQIYEARAAGADAILLIAACLDDEQMKRLYETARNLGMDVWVDIHDEEDLEKALKAGARVIGVVSKDLKTNSVDLETTKRLISLIPSDVIIIAMFGVRGPEDLLAFAAWGADAVLVGDGLVTHGDPRQAVADLVTAGTHPSCPR,0.5
27,GSVLDEILDGVRKDVAAREALVSFDEIKERAARAPPPLDVMAALRAPGVGVIAWFTKASPSKGDINPDADPAEIIKAYNEYADAITVTTEERFFKGSPEYLKEARKITNLPILRFDFIIDEYQIYEARAAGADAILLIAACLDDEQMKRLYEAARELGMDVWVDVHTEEELERALRAGAEVIMILNFDQRTAEVDLNTFERLGRLARERGFTGVLIAAGGVRGPEDLLHYAAAGADAVLVGDGLVTHGDPRQAVADLVTAGTHPSCPR,0.5
28,MDLPDLRNIPGEVAKIAKAVKKSLRPYPLPEPPPVRSVEEALRRPGVAIVALFLKASPSKGDINPDADPAKIIKIYDKYVDAIAILTEKHYHKGDMSYIQKARQYTNLPIIRQDFIVDPYQLYEARAHGASAILLIVRLLGDKLEDFIKLAHELGMDVFTLISTEEEMKRAIALGAKIVAILNIDYRDNSIDLNRTKHLAPQLGPGVVIEAVGGIYDPRQLKNLRGKVDAVLVGEALMRAEDPKAFLAEMLKCAE,0.5
29,PSVMDAIIAGVREDVAAREARLSFDEIKEQAERAPPPRDGLAALRAPGVGVIAWVMRASPSEGAIRPLDPVEAARTYEEAGASAIFVLTDPRYFGGSDEDLKAVRSAVDLPILCVNFIVDPAQIYLARAHQADAIVLIASVLDDEQYRQLAAVAHSLNMGVFVDVHTEEEAERALQAGAKVIAVLARDLKTFEVDRSAFARIADLLPDDVVRVAIGGIRGPEDLLAAAAWGADAVLVGEGLVTHGDPRQALADLATAGTHPSCPR,0.5
30,PSVADAIVAAVREDVAARKAQVSFDELKARAAKAPPPRDVLAALRAPGVGIIALFLKASPSKGDINPDADPEEILKIYNKYADAIDVLTEKKYFKGSPEYIKQARKVTDLPILCWNWIVDPAQIYLARAYHADAIVLLLSVLDDEQARQLAAVAHSLNMGVLVFIHDEEELEIALRIGARLIGILSRDLKTFEVDLETQKKLISLIPSDVIVVAIGGISEPEQIKELAKAGVDAVLIGETLMKNPDKIQEFTE,0.5
31,PSVLDEIIAGVREDAAARAAQVSLDELKERAARAPPPRDVMAAFRAPGVAVILVCLKASPSKGLIREDFDPARIAAVYRHYANAIVVLTDEKYFQGSFDFLRIVSSQAPQPIICYDFIVTPYQIYEARAHGADLVLLIVAALDQEQLRSLLELVHSLGMTAVVDIFDEEDLEKVLSHVRPKIIGITNTDYKTFETDLNTTEKLAKLIPPDTIVISFSGIYTYQQVRELSHYANGFLIGSALMAEDDLEAAVRRVLLGDNKI,0.5
32,MEEVLAKIVKDKAIWVEARKQQQPLESFRDSIQPSQRNFYQALTGDRTAFIAVYTRKSPSGLDVERDPIEYAKTMEKYAAALIVVTDEKYFNGSLEDLRKIRSAVSIPILRWDFIIDEWQIYEAAAAGADAIVLLAAILDDDQLKELYEAAKALGMDCLVDVHTEEELERALKAGAEVIGIINMDLRTMEVDRNTAERLGRLARERGFTGVLVAISGISTPEDLKRLKKAGFDAAIIGSSLMRNPDKAEEFIE,0.5
33,MIRELKGWLKEVAEMAKNRPPFDAQREKPVISLASRILEAKKRGKLALICLYVRKSPSGLDVERDPIEFAKLMEKYAVALAVLTDEKFYKGSLEDLRRIRSAVDIPIIMVDFIVDESQIYEAYAAGADAILLIVSILTDDELKRLYEYARSYGMEPIIIVHTEEEADRALKAGAKIIAINAQDWRTGDVDQSLFERIADRLPDEVIKEAVGGISEPEQLKRLRKLGVDAVFIGETLMRNPSKIEKFRE,0.5
34,MEEVLARIVKDKEIWVETRKQQQPLESFRDKLQPSTRNFYQALTGDRTAFIAVYLRKSPSGLDVERDPIEYAKTMEKYADALVVLTDEKYFNGSLEDLRKIRSAVSIPILRFDFIVDSYQIWEARAHGADAVVLIVAALDDEQLRELYERIESLGMTAHVDVHTEEELERALKLGARIIGIVNTDLRTMEVDRNTAERLGRLARERGFTGVLVAISGIHEPEEVERLRKAGVDAVIIGSTLMRNPDKAKEFKE,0.5
35,RKEEEIIEAAKKKKQELLEENIQFQRRNHAFLKALLGKERVKLIADILKASPSKGDINPDFDLEEIIRIYNKYADAITVLTEEDFFKGSPEYLQQARKITNLPILRWDFVVDPAQIWEAAAHGADAILLIVRVAGDRTAEFYKLASELGLDVLVLVHDEEDLEKVFSYLKPKIIAIINRDLDTFEVDLNTTEKLLKLIPPDCIVIAIVGVRGPEDLLRYAAQGADAVVVGEGLVTHGDPRQALADLVTAGTHPSCPR,1.0
36,PRELKGWLKEVVQRAKRRPSIEAQRKKPIISLASRILEARKRGKLAIICIVIKASPSKGDINPDADPEEIIKIYNKYAAAITVLTEEDFFKGSPEYLKQARKITDLPLLCWDFIVDEKQIYEAYALGADCILLIAAILDDEQIKKLYEAAKELGMDVLVDVHDEEDLEKVFSVIKPKIIAILNRDLKTFEVDLNTTEKLLKLIPPDTIVVAIGGYSTKEQLKSLEGLADAVLIGESLMRAPDIAAALRELIG,0.5
37,GRPDLTNVPGLLGEFARARASVIIPHPVPCPPKVSSFYEALLRPGLALILVIIKASPSEGLIRDDFDPRRIAALYRQYAAAIIVATDRQVFQGDNNFLRIIAQIAPQPIGAFDFIVDPFMLYAFRAFGAAVVVLIVALLGELTGEYLEIAARYDLDVLIDITSEEDWQKVASVARPKIIVIVTMDLATMTIDKSILWKLMKLIPPNMVIILAGGIEDPRELKDLRGKVNAVIVSTSIMKAEDPRAFLEEMEKHAH,0.0
38,DHPSTGWLKDVILMAKHMPMFIDEVEKPIRKLAETILEFNKRNITAIIALYTNKAPDGLSTNMHHQEYALTAAKYAAALVIITDEKYFNGSYETLRKIASSVDIPLIHWHFIVDPALIVAAFAANATAIVLILSILDDDQYRKLAAVAHALDMDVLVDVTTEEQAKRALKLGAKVIVVVPLVSDTGEADEEAIKKIARNLPPEVLIIVAGGIHNAEDLKKAMAAGAHAVIIGHGLVTNGDPRAAFIRLFLAGTDPSCPY,0.5
39,MPSALDEIISGVRQDVAARESKVSFDEMKERAERAPPTLDVLAALRAPGIALICLYIRKSPSGLDVERDPIEWAKIAEKYAAALVVLTDEKHHNGSLEDLKKIRSTVTIPVIMADFIIDEYQIYEARAMGADAILLIVAILDDEQLKKLYETAKKLGMDVIVLVHTEEELERALRLGAEIIGILNIDLRTFEVDRSVAEHLGRLARKQGFTGVLEAVGGYSTPEELKSLRGIFDAVFIGESIMRAPDIEDKIRKLVG,0.5
40,PSALDALIAGVREDVAAREADVSFDEIKEQAERAPPPRDALAALRAPGVGVILICLKASPSKGLIREDFDPLRIASVYRHYASAIAVVTDEKYFQGSFDFLRIVRAVVPQPILCVDFIVTPYQIHEARAHGADLVWLIVAALEQEQLEELYERVESLGMHALVVVHTEEELERALRAGAEIIGIDNIDLHTFEVDPNTTERLARLARERGFTGVLISIGGIYNPQQLKDLRGYVDAVLVGESLMRAEDPKKFLKEMIAWSE,0.5
41,DLPSDGWLKNVILAAAHRPMLIDELKRPIRKLAETILEFNKRNITAIIAVIIKASPSTGLIRDDFDPVRIAALYAQYAAAIAVAADEKAFQAAPYFIRIIAQIAPQPIIKWDFVTNPEMLEAAWRLGAAAIVIIVALTGHRTGEYLEIARRLDLEVLVDIYSEEDWEKVASVARPKVWVIVTTDPETFETDKSIVWKLLKLIPPNTVKLLVSGTNVARIAIEQAHCVDGFFISSALMAHDDLHAAMAKIARANKNA,0.0
42,MDRPDLRNVKGEIAEIAKQILKDLRPSPIAPPPPGLDFEAALRKPGVSILAMVYRASPSQGNIKPLDPVQQAQTYEKAGADAIVVLTDPKYWGGSMEDLKKIAQAVSLPIECVDFIVDPWQIYLARHYQADAILLMLSILSDETYKQLASVAHALNMGVIVIVHTEEEAERALKLGARVIAILAQDWKTGKIDRSAFERIAGRLPDEVVRIAAAGITGPEDLLHYAAAGADAIFVGIGLITDGDPRQAIADLVTAAFHPSCPK,0.5
43,MEEVLAKIVKDKRIWVEARKQQQPLESFQNEVQPSTRNFYQALQGDKTAFILVCIKASPSKGLIREDFDPARIAAVYRHYADAIAVLTDEKYFQGSLDFLRIVSAVAPQPILCYDYIVDSYQIHQARAYGADAVLLLVAALDQDQLRELLERVHSLGMTAVVDVHTEEELERALRAGAEVIGINNTDYKTMEVDPNTAERLGRLARERGFSGVLISISGIYTYQQVRELSHYADGFLIGSALMAEDDLEAAVRRVLLGDNKI,1.0
44,PSALDAIIAGIREDLAAREARVSFDELKEQAERAPPPRDAMAVLRAPGVAVIAIFIKASPSKGDINPDADPEEILRIYNKYADAITVLTEKDYFKGSPEYLQQARKVTNLPIECVDFIVTPYQIYEARAHGADMVWLIVAALEQEQLEELYERVESLGMHAIVTVHTEEELERALRAGAEIIGILNTDLRTFEVDLNTAERLGRLARERGFTGVLIVIGGYSTPEELKSLEGIFDAVLIGESLMRAPDIAAAIRELIG,0.5
45,PRYAEGWLKIVIQHALRRPSIEAQRDRPIINLAERILEANKRNKVAIIALFTKASPSKGDINPDADPEEIIKIYNKYADAISVLTEEKFNKGSPEYIRQARQATNLPILMWDFIVKEIQIYDAYALGADCVLLIVAILTEEELKSLYEYAKSYGMDPLVDIHDEEDLRQVLSALRPKLIGINNTDLKTFQTDLNTTKKLAKLIPPDTIIVAISGISSKEEIERLRKLGVNAFLIGETLMKNPEKAKEFKE,0.5
46,PSALDAAVAGAREDLAAREARVSFDEMKERAERAPPPRDALAALRAPGVGVIAVVARASPSEGAIRPLDPVEAARAYEQAGASAISVITDPKYFGGSFEDLKAVRSAVDLPIEAVDFIIDEAQIYEAKAAGADAILLIAKILDKEQIKELYEAAKELGMDVIVLISNEEEMERAIALGAKVVAILNRDLRDLSIDLNRTRQLAPQLGHGVIVISVGGIYTYQQARELSHYANAFYIGSALMSEDDLEAAARRVALGDNKA,0.5
47,DEAILKHVKGALAAIAKAVKEQLKPKPLPEPPPGRSFEAALRQPGIAIIAMFVKASPSKGDINPDADPEEIIRIYNKYADAIEVLTEEHYFKGSPDYIKQARKVTNLPILRWDFIVHEWQIYEAAAAGADAILLIAAILTDKALKDLYEAARELGMDCLVVIHDEEELERALRAGARIIGILSQDLHTFEVDLETFEKLISMIPPDIIIVAVWGIYDPRQLKDLRGYVDAVLVGESLMRAEDPKKFLAEMIAWAK,0.5
48,METVLAKIVRDKAIWVEARKQQQPLESFRDKLQPSTRNFYQALTGDRTAFIAWVGRASPSEGNIRELDPVEAARTYEEAGADAITVLTDPKYFGGSDEILKAVRSAVDLPILCFDFIIDPWQIYLARYYQADAVTLILSILDDEQYRQLAAVAHSLNMGVLVDVHTEEELERALRAGAEVIGIGNTDYRTLEVDRNTAERLGRLARERGFTGVLVAIGGISEPEELKRLKKAGVDAVLIGSTLMRNPDKIKEFRE,0.5
49,MEEVLAKIVKDKAIWIEERKQQQPLESFRDSIQPSTRNFYDALTGDRTAFILECIKASPSKGLIREDFDPARIAAVYRHYASAIAVLTDEKYFQGSFDFLRIVRSQVPQPILCFDFIIDPIQIYLAAAYGADAILLIVAILDDEQMKELYELARELGMDVLVTVFDEEDLEKVFSVMRPKIIGIANTDLRTMEVDLNTTEKLAKLIPPDTILIAWGGVRGPEDLLRAAAWGADAVLVGQGLVTDGDPRQAVADLVTAGSHPSCPR,0.5
50,PSVLDAIVAGAREDMAAREARLSFDELKEQAARAPPPRDALAALRAPGVAVIAMFIKASPSKGDINPNADPEEVIRIYNKYADAIAVITEKDYFKGSPEYIQQARKATNLPILAIDFVVDAYQIHEARAHGADLVLLIAAALEDAQLEELIERVHSLGMVAIVTVHTEEEAERALAAGAKVIAVFAMDFKTAEVDREAFARIADRLPDDVVRIAVVGIRGPEDLLAAAAWGADAVEVGDGLVTHGDPRQALADLVTAGTHPSCPR,0.5
51,PSAMDAIVAGAREDVAAREARLSFDELKEQAARAPPPRDALAALRAPGVQVILVCQKASPSHGLIREDFDPVRIASVYRHYASAIAVITDEKYFQGSFDFIRQVSAVAPQPILAVDFIVTPYQIHEARAHGADMVWLIVAALEDAQLEELYERVESLGMHALITVHDEEDLEKVFSHIKPKIIAIDNVDLDTFEVDLNTTEKLLKLIPPDTIVISVGGIYTYQQVRELSHYANGFIISSALMSEDDLEAAVRRVTLGDNKA,0.5
52,MPSVLDAILSGVLEDVAARKAKVSLEELKERAKRAPPPLDALAVLLAPGIAIICIIVKASPSKGDINPDADPEKIARIYDKYADAIIVLTEERYWKGSLSYIQRIRSTTNLPIICWDFIIEPYQIYEARAHGADLVILIVSALDEEQLRRLYELIESLGMVAIVDISTEEEMKRALALGAKVIAIINIDQRDFSIDLNRTKHLAPQLGPGVIIIAIGGIYDPRQLKDLRGLVDAVLVGEALMRAEDPKKFLQDLLAYAH,0.0
53,IHPNTGWLKYVILAALHCPKFIDEMERPIRKLCEVILEFNKRNITAIIAVCMKASFSKGLIVDDFDPRRIAALYRQYAAAIAVMADEIIFQAAPLFIRIIAQIAPQPILMLDFIVKEEQIERAYAAGADAIVLITEIQTEDLLKTLIKFAKKFDMVPMIEVHTERDLEIAIRAGAKVLAIWNMDQKTMRENVETARDLGRLARKRGFNGVLVAISGISEAEQLEELRKLGVNAFMISETLLKNPEKIKELNR,0.5
54,PSVLDEIIAGVREDVAARAAQVSLDELKERAARAPPPRDAMAAFRAPGVAVLLVCLKASPSKGLIREDFDPARIAAVYRHYADAIVVLTDEKYFQGSFDFLHIVSQVAPQPILCADFIVDEYQVHEARAHGADMVLLMVALLDQDQLRSLLELIHSLGMTAIVDVHDEEELERALRAGARVIGINNTDLKTNEVDLETTKKLASLIPSDVIIISWSGIYDPRQLKDLRGYFDGFLIGTALMRAEDPKKFLRELKAYAE,0.5
55,MKKLEKIIEAAKKKKQELEEENIQPQMKNHNFLKALLGKEKIRIILLCIKASPSKGLIRDDFDPLRIAAIYRHYADAITVLTDEKYGQGSFSFIRLVAAVAPQPIICWDFIIDKIQILQAAAAGADAILLIVSILSDDQLKELYETAKKLGMDVETLISTEEEMKRALKLGAKIIAILNVDLRDFSIDLNRTKHLAPQLGPGIIVIAVGGIYDPRQLKDLRGLVNAVLVGAAIMQAEDPKKFLADLLKYAE,0.5
56,PSVLDEIIAGAREDVAARRAQVSLDELKEQAARAPPPRDAMAAFRAPGCAVILVCLKASPSKGLIREDFDPVRIASVYRHYADAIVVLTDEKYFQGSFDFLRQVSQVAPQPILCYDFIVDEYQVWEARAHGADMVLLIVAALDQDQLRSLLELIHSLGMTALVDVHTEEELERALKAGAEVIGINNMDYRTMEVDLNTAERLGRLARERGFSGVLVAISGISEPEQIKRLRKAGVDAVLIGATFVRNPDKAAEAKE,0.5
57,MPSVLDAIVSGAREDARAREAKVPLDELRERAKRAPPPRDVLAALLKPGVAIILLCVKASPSKGLIRDDFDPVRIAAIYRHYADAIAVLTDEKYYQGSLSFLRQVRAVAPQPILCVDFIIDESQIYQAKAYGADAVWLIVAILSPDQLKKLYEIAKSLGMDPIITVHDEEDLEKVFSVIRPKIIEIVNTDLDTWSTDLNTTEKLLKLIPPETIIIAVGGIEDPRQLKDLRGKVDAVLVGVSIMRAEDPKKFLADMLAYAK,0.5
58,DRPILKHVKGEAAKIAKAVAENQKPKPLPEPPPIRSFEAALRQPGVAIIAIYARKSPSGMDVERDPIEYAKTMEKYAAALAVITDEKFFNGSLEDLRKIRSAVDIPIERLDFIVDPYQIEEARAHGASAIWLIVAILGDRIKEFYEYARELGLDVLVLVHDEEDLEKVFSHCKPKIIAILNQDLHTFEVDLNTTEKLLKLIPPDCVIICVGGIYDPRQLKDLRGKVDAVLIGEAIMRAEDPKKFLKEMFAYSQ,0.5
59,PSAMDAAVAGAREDMAAREARLSFDELKEQAERAPPPRDALAALRAPGVQVIALVARASPSQGNIRPLDPVEQAKEYEKAGASAISVITDPRYFGGSDEDFKAIRSAVDLPIEAVDFIVDPAQIYLARAYQADAVLLLLSVLDAEQARQLAAVAHSLNMGVVVVISNEEEMERAIALGAKVVAILNRDLRDLSIDLNRTRQLAPQLGHGVIVISAGGIKEPEQIKRMAKLGVDAVWIGETLVRNPDKIKEFKE,0.5
60,PRELKGWLKEVVQIAKRRPSLEAQRKKPIISLASRILELRKRGKLAIIALYMRKSPSGLDVERDPIEYAKTMEKYAVALAVITDEKFFNGSLEDLKKIRSAVDIPILRVDFIVDEKQIYEAYALGADAIWLIAAILDKDEIKELYEIAKSLGMDVLVLVHDEEDLEKVFSVIKPKVIAIDNRDLKTFSVDLNTTEKLLKLIPPDCVIVAVGGISEPEQLERLRKLGVDAVLIGETLMRNPDKIKKFQE,0.5
61,GRPDLTNVPGLLGEFARARASVIIPHPVPCPPKVPSFYEALLRPGLALILVILKASPSEGLIRDDFDPRRIAALYRQYAAAIIVATDRQVFQGDNNFLRIIAQIAPQPIGAWDFILDPFMLYAFRAFGAAVVVLIVNLLGHLTGEYLEIAARYDLDVLIDITSEEDFQKVASVARPKIWVIVTMDLTTMTIDKSILWKLMKLIPPNMVIILAGGIKDPRELKDLRGKVNAVIVSTSIMKAEDPRAFLEEMEKHAH,0.0
62,RKEEEIIEAQKKKKQELLEENIQFQRKNHSFLKALLSKERLKIIAVFVKASPSKGDINPNADPEEIIRIYNKYADAIEVATDEDFFKGSPEYLQQARKATNLPILAWDFIIDPAQIYLAAHYQADAVVLILSVLDAEQYRQLAAVAHSLNMGVLVVVHDEEDLEKVFSVIKPKIIAILNRDLDTFEVDLNTTEKLLKLIPPDTIVVAIGGYSTKEQLKSLKGLFDAVLIGESLMRAPDIAAAIRELIG,0.5
63,PSVLDSIVAGAREDAAARRAAISLDELKARARKAPPARDVLAALRAPGVAVILVCLKASPSKGLIREDFDPVRIASVYRHYADAIVVLTDEKYFQGSYDFLRQVSAVVPQPIICFDFIVDEVQIAQAKLAGADAVLLIVAILTDEELKRLYEYARSLGMEVIVDVHTEEELEKALRLGARIIGINNTDLHTMEVDPNTAERLGRLARERGFTGVLIAHSGIYDPRQLKDLRGYFDAVLVGTALMRAEDPKKFLKEMLAWAE,0.5
64,MARELKGWLKEVVDRAKNRPTIETERKKPVISLASRILEIKKRGKLAIIALIVKASPSKGDINPNADPVKIAKIYSKYAAAIAILTERDFHKGSPSYIQEIRQHTDLPLICVDFIVDERQILEAYALGADAILLIVAILTEDELKHLYKAAKKLGMDVIIDVHTEEEADRALKVGAKMIAVNALDYRTGEVDMSAFERIIDRLPDEVVKITVGGISEPEQLKELRKLGVDAVFIGETLMRNPSKIQEFIK,0.5
65,MEEVLAKIVKDKAKWVEARKQQQPLESFRDEVQPSTRNFYQALQGDRTKFIALYLRKSPSGLDVERDPIEYAKEMEKYAAALVVLTDEKYFNGSYEDLRKIASAVNIPILCWDFIIDEIQIYQAAAAGADAILLIAAILDDEQLKELYEAARELGMDCLVDVFTEEELERALRAGARIIGIGNMDLKTMEVDLNTAERLGRLARERGFSGVLVAISGISEPEQIERLRKAGVDAVLIGSTFVKNPEKAKELKE,0.5
66,PRELKGWLKDVVQLALRRPSIEAQRDKPIINLAERILEANKRNKVAIIALFTKASPSKGDINPDADPAEIIKIYNKYADAIWVTTEEAFNKGSPEYIREARQHTNLPIMMFDFIVKEFQIYDAYALGADAVLLIVAILTDEELKRLLEYARSYGMEPLVDVHTEEELERALRAGARIIGIGNVDNKTARVDRNTAKRLGRLARERGFSGVLVALLGISEPEEIEELRKAGVNAFLIGETLMKNPEKAKEFKE,0.5
67,PSVLDAIIAGVREDVAARKAKVSFDELKERAARAPPPRDVLAALRAPGVAVIAIFLKASPSKGDINPDADPEEIIKIYNKYADAITVLTERRYFKGSPEYIQQARKFTNLPILRWDFIVDPAQIYEAKAHGADAILLIVAVLGDRLKEFLKLARELGLHVLVDIHDEEELEIALRCGARLIGILNVDLKTFRVDLETFKKLISMIPPDVIRVAIGGIKNPQQLKDLRGYVDAVLVGEALMRAEDPEKFLKEMRAYAE,0.5
68,RKEEEIIEAAKKKKQELDEENIQPTRKNHDFLKALLGKERIRIIALFLKASPSKGDINPDADPEEIIRIYNKYADAITVLTEEDFFKGSPDYIKQARKITNLPILRWDFIIDERQILEAAALGADAVLLIVAILTDEQLKSLYEYARSLGMTVETVVSNEEEMKRAIALGAKIIAILNRDLRNMSIDLNRTRQLASQLGPGVVVIAILGIRGPEDLLAAAAAGADAVVVGEGLVTHGDPRQALADLVTAGTHPSCPR,0.5
69,MEEVLAKIVKDKKKWVEARKQQKPLESFQNTVQPSTRNFYDALQGDKTAFILVCLKASPSKGLIREDFDPARIASVYRHYASAIVVLTDEKYFQGSFDFLRIVSQVAPQPILCFDYIVEPYQIHLARAHGADAVLLMVAALDQDQLRSLLELIHSLGMTALTDVSNEEEAERAIALGAKVIGILNIDLRDLSIDLNRTRQLAPKLGPGVTVISLSGIYNPQQLKDLRGYVDGFLIGTALMRAEDPEKAAREFKAWAE,1.0
70,DPPILKHVKGVAAEIAKAVKDKQKPKPLPEPPPVRSFEAALRQPGLAIIAIFLKASPSKGDINPDADPEEIIRIYNKYADAITVLTEEDYFKGSPSYIQQARKITNLPILRWDFIVDPYQIYEARVHGASAILLIVAVLGDRLREFIEYARELGLDVLVDVHTQEEAERALAAGAKIIAVLAKDLKTAEVDRSAFDRIADRLPDDVVRVAIGGIYDPRQLKDLRGKFDAVLVGEALMRAEDPKKFLEEMIAWAK,0.5
71,DNPIVKHVKGEIAAIVKAVLAELKPDQLPEPPPVRSFEAALRKPGVSIICDYARKSPSGMDVERDPIEYAKTAEKYAAALAVLTDEKYFNGSLEDLRKIRSAVDIPVIRLDFIVDPYQIYEARAHGASAIWLIVAVAGDKLKDFYEYARELGLHVIVVVHTEEELERALRAGADIIGILNVDLRTFEVDPNTAMRLGRLARERGFTGLLICIGGIYTYQQVRELSQYADGAVISSALMSQDDLEAALRRVLLGDNKV,0.5
72,MDQPDLRNVKGEEAKIAKTVKKKLRPKPLEPPPPGRDFEAALRRPGVAIICVYLRKSPSGLDVERDPIEWAKMAEKYAAALAVLTDEDYYNGSLEDLKKIASAVDIPVECMNFIVDPWQIYLARHYQADAIVLILSILSDEAYRQLASVAHALNMGVIVVVHTEEEAERALKLGARIIAIVTLDPKTGDVDRSTFARIADRLPDEVVRICYGGIKDPQELKDLRGKFDAVLVGEALMRAEDPEKFLQDMVKYSQ,0.5
73,PSAMDAIVAGIREDVAAREARVSFDEAKERAARAPPPRDALAALRAPGVRVIAVVARASPSEGAIRPLDPVEAAREYEKAGASAICVLTDPHFFGGSPEYLKAIRSAVDLPIICFDFIVDPAQIYLARAYQADAIVLIASVLDDEQARQLAAVAHSLNMGVIVDVHDEEDLEKVFSVIKPKIIAILNQDLDTFEVDLNTTEKLLKLIPPDTIVIAVGGIYTYQQVRELSHYANGFFISSALMSEDDLHAAVRRVALGDNKA,0.5
74,DEAILKHVKGALAEAAKQVALDQKPDQAAEPPPGRSFEAALRRPGVAIIAVYIRKSPSGLDVERDPIEYAKTAEKYAAALAVLTDEKYFNGSLEDLRKIRSAVDIPVERVDFIVDEYQILEAAAAGADCVLLIVAILTPKALASLYEYARSYGMDVIVLVHTEEELERALRLGAKIIGILNQDLRTFEVDRNTFERLGRLARERGFTGVLIATLGARGPEDLLHYAAAGADAVYVGQGLVTHGDPRQALADLATAGTHPSCPR,0.5
75,RKLEEIIEAMKKKRQEIPEENIQPQRSNHAFYKALLGKERLKIILICLKASPSKGLIREDFDPVRIASVYRHYADAITVLTDEKYFQGSFDFLRQVAAVAPQPILCWDFIIDPAQIYLAAHHQADAVVLILSVLSDEQYRQLAAVAHSLNMGVVVDVHDEEDLRKVFSVLKPKIIAILNRDLDTFEVDLNTTEKLLKLIPPDTIVIAVGGYSTPEQLKSLEGLADAVLIGESLMTAPDIAAKLRELVG,0.5
76,MDAADLRNVKGLLAKIAKTIYKKLRPYPLPEPPPGRDFEAALRRPGVAIICAYARKSPSGLDVERDPIEWAKLMEKYAAALAVLTDEDYYNGSLEDLQKIRSAVDIPVERVDFIVTEYQVYEARAHGADVVLLIVAALEEEALRSLYELIQSLGMVAIVLIHDEEDLEIALRAGAQMIGIVAQDKRTQQVDLETFKRLISLIPPEIIIIAVGGVSEPEQLKELAKLGVDAVYIGETLMRNPEKIKEFHK,0.5
77,PRSLEGWLKEVVQRAMRRPSYEAQRKKPIISLASRILEAKKRGKIAIIAIFLKASPSKGDINPDADPEEIIRIYNKYVDAITVLTEEDFFKGSPEYIKQARKATDLPIIRWDFIVDPYQLYEAAAIGADVVLLIVAVLGDRTAEFYKYAKELGLDVEVLVHDEEDLEKVFSYCKPKVIAILNEDLKTFKVDLNTTEKLLKLIPPDCVIIAIGGIYDPRQLKDLRGKVDAVLIGEAIMRAEDPKKFLREMIAWAE,0.5
78,MEEVLAKIVRDKAIWVEARKQQKPIESFRDTVQPSTRNFYQALTGDRTAFIALYLRKSPSGLDVERDPIEYAKTMEKYAAALIIVTDEKYFNGSLEDLRKIRSAVSIPILRWDFIIDEWQIYEAALAGADCVLLIVAILDDEELKSLYEIARSLGMDVLVDVHTEEELERALKAGAKVIGINNTDLRTMEVDRNTAERLGRLARERGFTGVLVAISGIYNPQELKDLRGYFDAVLIGTSLMRAEDPKKALKELVAWAE,0.5
79,MEEVLAKIVKDKAIWVEARKQQQPLESFQNKVQPSTRNFYDALQGDRTAFIALYLRKSPSGLDVERDPIEYAKIMEKYAAALIVLTDEKYFNGSFEDLRKIASAVNIPILRWDFIIDEYQIWQAAYYGADAILLIAAILDDEQLKELYEIARELGMDVIVDVHTEEELERALKAGARVIGIGNMDYKTMEVDLNTSERLGRLARERGFSGVLISFSGIYNPQQLKDLRGKFDGVLIGTALMRAEDPKKKAAEMVAWAE,1.0
80,RKLEEIIEAAKKKKQELPEENIQFQLKNHAFLKALLGKERIKIIAIFLKASPSKGDINPDADPEEIIRIYNKYVDAITVLTDEDFFKGSPEYIKQARKATNLPILRWDFIIDESQILEAAALGADAILLIVAILSPEQLKSLYEYARSYGMEPIIDVHDEEDLEKVFSVIKPKIIAIINRDLDTFEVDLNTTEKLLKLIPPDTIVIAVGGIYDPRQLKDLRGKVNAVLVGEALMRAEDPKKFLKEMIAYAE,0.5
81,MPSVMDSIVSGAKQDMSAREAKISFDELKELAERAPPPLDVMAHLRAPGLQIICVYVRKSPSGLDVERDPIEWAKMVEKYAVALVILTDEKYYNGSLEDLKKIRSAVNIPIICADFIVDESQILQAKVAGADAVWLIVAILSPDQLKRLIEFARSLGMQPLIMVHTEEEADRALKAGARVIEINAQDIHTGDVDQSAFERIADLLPDEVVRICVGGIKDPQQLKDLRGKADAVLVGEALMRAEDPKKFLQDMLKYAH,1.0
82,HHPSTGWLKTVALLAAHRPKFIDEMEKPIRKLLEAVLEANKRNITAIIALFTRATPSEGDINAHANLEKFIRMYAELARAISIMTEKHYNKGDPAFIKHARNLTNRPIIMFDFIIHEDQIESAYNVGADLIVLIMSLLTDDLLATLIKYAKKYKMVPLIDVHTEEEAKRALKIGVKVIVVVPIVLDTGDVDEEAIEKIARNLPPEVQIIAAGGIKDPRELKDLRGKVNAVIVGTSIMKAEDPRAFLEKMRKHSH,0.5
83,PSALDAIVAGAREDLAAREARLSFDELKEQAARAPPPRDALAALRAPGVSVIADYMRKSPSGVDVERDPIEYAKTAEKYAAALAVLTDEKWFNGSLEDLRKIASAVSIPVIAVDFIVDPAQIYLARAYQADAIWLILSVLDDEQARQLAAVAHSLNMGVLVVIHDEEDLEIALRIGARLIGILSRDLKTFEMDLETTKKLISMIPPDVIIITIGGIYTYQQVRELSHYANGFIISSALMSEDDAEAAIRRVALGDNKA,0.5
84,PSIMDAIVAGVREDVAAREARLSFDELKEQAERAPPPRDALAALRAPGVSVIAVVTRASPTAGAIRPLDPVEAARIAEEGGASAIAVLTDPKYFGGSDEYLKAIRSAVDLPILCINMIVDPAQIYLARAHQADAIILIASVLDDEQYRQLAAVAHSLNMGVLVIVHTEEEAERALAAGAKVIGVLARDWKTAEVDRSAFARIADRLPDDVVRISEGGIYTYQQARELSHYANGFLIGSALMSEDDLEAAVRRVALGDNKA,0.5
85,MDQPDLRHVPGEQAEIAKTIKKSLRPKPLPPPPPGPSVESALRRPGIAIICLFIKASPSKGDINPDADLESIIRMYDKYADAIVILTEPHYGKGSLEYIKKARNYTNLPIIRQDFIVDESQIYEAKAAGADAVLLIVSILEPKALKDLYEYARSYGMDPYTLISTEEEMKRALALGAKIIAILNIDLRDNSIDLNRTKHLAPQLGPGIVIEAVGGIYNPQQLKDLRGLVDAVLIGEAIMRAEDPKKFLQDLLKYAE,0.5
86,MEEVLAKIVRDKAIWVEARKQQQPIESFRDELQPSTRNFYQALTGDRTAFILVCIKASPSKGLIREDFDPVRIASVYRHYADAIVVLTDEKYFQGSFDFLRQVSKVAPQPVLCWDFIIDEYQIRLAAAAGADAILLIAAILDKDQLKELYEAAKELGMDCLVDIHDEEDLERALRAGARLIGINSTDLKTNEVDLETTKRLISLIPSDVVIVSISGIYNPQQLKDLRGYVDAVLVGTAIMRAEDPKKFCKEMVAKAE,0.5
87,PSAADAAVAGAREDVAAREARVSFDELKERAARAPPPRDALAALRAPGVAVIALFVKASPSKGDINPNADPEEIIRIYNKYADAIVVLTEKDYFKGSPEYIQQARKATNLPIICWDFIVDPAQIYLARAYHADAIVLMASVLDDEQYRQLAAVAHSLNMGVFVDVHTEEEAERALALGAKIIAVLARDLKTAEVDPSAFARIADRLPDDVVRLAVGGIYTYQQVRELSHYANGFFIGSALMSEDDAEAALRRVALGDNKA,0.5
88,PSALDALVAGAREDVAAREARVSFDELKERAARAPPPRDVWAALRAPGVQVIAICLKATPSKGLIREDFDPARIAAVYRHYASAIAVITDEKYWQGSFDFLRIVRNVAPQPILCLNMIVDPAQIYLARAYQADAVLLIASVLDAEQARQLAAVAHSLNMGVLVVVHDEEDLEKVFSVIKPPLIGIENLDLDTFEIDLNTTEKLLKLIPPDTIVVAIGGISEPEQIKRLAKLGVDAVMIGETLARNPDKAAEFKE,0.5
89,PTALDDINTNVRKEQSRRNAKVSYNDFKAAAALAPPPCDVQAALRSPGLVIIVVCLKASPAEGLVRDDFDPRRIAALYRQYAVAIVVTTDPTAFQADFSFIRIIAQIAPQPIIAYDFYIDTVQVYAAKAFGADAIVIIVRILTEEQIKNIYEAAEELGMDPFVDIFSEEDWEKVASVIRPKIIVIVTTDLDTFKTDKSILWKLMKLIPPNTIILATGGIEDPRELKDLRGKVNAVFISTSIMRAPDPRAFLEKLEKHAH,0.5
90,PRYAKGWLKDVIQHALRRPLIEAQRDRPIISLAERILEANKRNKVAIILVCLKASPSKGLIREDFDPLRIASVYRHYASAIVVLTDEKYFQGSFDFLRIVSQVVPQPVLCFDFIVDEYQIYLAYALGADAILLIVAILTDEQLKELYEIARSLGMDALVDVHDEEDLEKVFSVMRPKLIGITNTDWKTFETDLDTTKKLAKLIPPDTIIVAISGISEPEQIERLRKLGVNAFLIGTTLMRNPDKASEFKE,0.5
91,SEKWKIMKQVAEDFTQMEAENMIPQIRNHLFLQHLSGKYRVKIIAVYTNKAPDGLSSNMDHIEYAKTAAHIAAALVIVTDEKHFNGSRETLRKIASSVDIPLLHWYFIIDPTAIRDAAANNVDAVVLILDILDDDQYRQLWAVAAALHLDVVVDIMCEKYMHRAIALGARDVAILNIDLENQQIDLNWTRKLANKLGHNVTVIAVSGISEAEQLEELRKLGVNAAVISATLMNNPEKIWELNR,0.5
92,RKKEEIIEAQKKKKQNLEEENIQPQRTNHNFLKALLGKERICIIAIFIKASPSKGDINPDADPEEIIRIYNKYADAITVLTEEDFFKGSPSYLQQARKYTNLPILCWDFIIDPAQIYLAAHYQADAIVLILSVLNDEQARQLAAVAHSLNMGVLFDVHDEEDLEKVFSVIKPKIIAIINHDLDTFEVDLNTTEKLLKLIPPDCLVICIGGIYDPRQLKDLRGKVNAILIGEAFMRAEDPKKFLQDLLAYAE,0.5
93,MEEVLAKIVKDKAIWVEARKQQQPLESFRDEVQPSTRNFYQALTGDRTAFIAWVGRASPSEGDIRPLDPVEAARTYEEAGADAIAVLTDPKYFGGSLEDLKAVRSAVDLPILCIDFIIDPYQIYLARYYQADAILLMLSILDDEQYRELAAVAHSLNMGVLVEVHDEEDLEKVFSVMRPKIIGINNTDLATFETDLNTTEKLLKLIPPDTVVISWSGIYDPRQLKDLRGKVDAVLVGTAIMRAEDPKKFCKEMIAWAE,0.5
94,PSVLDEIIAGAREDVAARAAYLSMDELKELAARAPPPRDAMAAFRAPGVAVILLFTKASPSKGDINPDADPAEIIKIYNKYADAIVVTTDEKYFKGSPEYLKEARKHTNLPLLCFDYIVDPYQVHEARAHGADMVLLIVAALDQDQLRSLLELVHSLGMTALVDVHDEEELERALRAGARVIGILSRDLKTNEVDLETSKKLASLIPSDVIIISISGIYNPQQLKDLRGYFDAFIVGTALMRAEDPDKKCREMRAWAE,0.5
95,SRPDLTNVPGDLGEWARARASVCKPHPVPCPPDCSSFYEALLRPGLALIAVCLKASPSTGLVRDDFDPVRIAAIYRQYAAAIIVATAREVFQADNNFIRIIAQIAPQPIIKWDFITDPFMLEAAWAFGAAAIVLIVALAGHLTGEYLEIANRYDLFVLVDINDEHDLELALRAGAPIIVINAKDLATNEIDKENQKKLISMIPPNVMVIAAGGYSRKEELKSLEGLADAVIISTSIMKAPDPEAFMRKLLG,0.0
96,MPSVLDAIISGVRADVSARKAKVSFDELKERAERAPPPRDALAVLLAPGVQIILVCLKASPSKGLIREDFDPLRIAAVYRHYASAIAIITDEKYHQGSFDFLRLVRSVAPQPIICIDFIVDPAQIYEAKAHGADAILLIVAVAGDRLKEFYDLARKLGLDVIVLVHTEEELERALRAGARIIEISNVDLRTGEVDISVFEHLARLARERGFTGVLISYGGIYTYQQLKELSKLADGFVISEALMSEEDLETAVRRLLLGDNKV,0.5
97,RKWEEIIEAQKKKKQELLEENIQFQRKNHSFLKALLDKSRIKIIAMFLKASPSKGDINPNADPEEIIKIYNKYADAIEVLTEEDFFKGSPDYIKQARKATNLPILCWDFIIDEAQIYEAAAAGADAILLIAAILDKDQMKELYEAAKELGMDVLVAVHTEEEAERALAAGAKIIAVIALDLKTAEVDRSAFARIADRLPDDVVVIAYAGIRGPEDLLAAAAAGADAVIVGEGLVTHGDPRQALADLVTAGTHPSCPR,0.5
98,PSALDAAVAGAREDVAAREARLSFDELKEQAARAPPPRDVLAALRAPGVAVIAVVIRTSASKGPLASIADPAALAREYEAAGAHAIEVITERRRYKGSLEDLDAVRAAVDVPVLCFDFIVDPAQIYMARAYHADAILLMLSVLDDEQARQLAAVAHSLNMGVLVQVHDEEDLEKVFSVIKPKIIAILNRDLDTFEVDLNTTEKLLKLIPPDTIVISISGIYTYQQARELSHYANGFIIWAALMSEADAHAALRRVTLGDNKA,0.5
99,PRYLKGWLKEVVQHAKRRPSEEAQRKKPIISLASRILEVNKRGKIAIIAMVARASPSEGAIRPLDPVEAAKTYEEAGAAAISVATDPKFFGGSDEYLKAVRSAVDLPIIAVDFIVDPYQIYLARHAQADAILLILSVLDDEQARQLAAVAHSLNMGVEVIVHTEEEAERALAIGAKVIAVWARDMKTFEVDRSAFARIADRLPDDVVRIALGGIYDPRQLKDLRGKFNAVLVGEALMRAEDPKKFMKDMVAWSE,0.5
100,PSAMDAAVAGAREDMAAREARLSFDELKEQAERAPPPRDALAALRAPGVGVIALFVKASPSKGDINPNADPEEIIKIYNKYADAIIVATERDYFKGSPEYIRQARKATNLPIIAWDFIVDPAQIYMARAYQADAIILIASVLDDEQARQLAAVAHSLNMGVIVDVHDEEDLEKVFSVIKPKIIAIINRDLDTFEVDLNTTEKLLKLIPPDTIVIAVVGARGPEDLLHYAAAGADAVIVGQGLVTHGDPRQALADLVTAGTHPSCPR,0.5
101,DAAILKHVKGALAAAAKQVKLDLKPKPAAEPPPGRSFEAALRQPGVAIIAVFLKASPSKGDINPNADPEEIIRIYNKYADAITVITEEHYFKGSPEYIQQARKATNLPILCWDFIVDPAQIYLARAYHADAIVLMLSILDDEAYRQLAAVAHSLNMGVLVIVHTEEELERALKAGARIIGIENQDLRTMEVDRNTAERLGRLARERGFTGVLVALGGYSTKEELKSLEGIFDAVLIGESLMRAPDIAAAIRELIG,0.5
102,DAAIIKHTKGAAAAIAKQVALDQKPKPAAEPPPGRSFEAALRRPGVAIILLCLKASPSKGLIREDFDPVRIASVYRHYADAIVVLTDEKYFQGSFDFIRQVRAVAPQPILCADFIVDEYQIYEAAAAGADAIFLIAAILTDKAIKDLYEAAKELGMDVLVIVHDEEDLEKVFSVIKPKIIGINNRDLATFEVDLNTTEKLLKLIPPDTVVVAEGGYSTKEQLKSLEGLADAVLIGESLMRAPDIAAALRELRG,0.5
103,MEEVLAKIVRDKRIWVEARQQQQPLESFQNQVQPSTRNFYDALQGDKAVFIAVYMRKSPSGLDVERDPIEYAKFMEKYAAGLTVCTDEKYWNGSYEDLKKIASAVSIPILMFDFIVDEYQIFDARALGADAVVLFVAILSEEELKSLLEYARSYGMEPLIDIHDEEDLEIALKIGARLIGVGSRDLKTNKVDLETQKRLISLIPSDVIIVAIGGISEPEQVKELRKLGVDAFLIGSTLMRNPEKIKELTE,0.5
104,PSVLDAIIAGVREDIAAREARVSFDELKERAARAPPPRDVMAALRAPGVAVIALFIKASPSKGDINPDADPKEIIRIYNKYADAITVLTEKDYFKGSPEYLRQARKHTNLPLICLDFIIDPAQIYLARAYQADAIVLILSVLDDEQYRQLAAVAHSLNMGVFVDVHTEEEAERALAAGAKVIAVLAWDLKTAQVDKSAFKRIADRLPDDVVRVAIGGYSTKEELKSLEGVFDAVFVGESLMRAPDIAAALRELIG,0.5
105,MEEVLAQIVKDKAIWVEKRKQQQPLESFRDTLQPSTRNFYQALTGDRTAFIAIYLRKSPSGLDVERDPIEYAKTMEKYADALIVSTDEKYFNGSLEDLRKIRSAVSIPILCYDYIVDSYQIWEARAHGADAVLLIVAALDDEQLRELYERIESLGMDALVDVHTEEELERALKLGARIIGIGNMDLRTMEVDRNTAERLGRLARERGFTGVLVAISGISEPEEVERLRKAGVDAVMIGSTLMRNPDKAKEFKE,1.0
106,PSVLDEIIAGARADVAARRAQVSLDELKEQAARAPPPRDAMAAFRAPGVAVILDCLKASPSKGLIREDFDPARIASVYKDYADAIAVITDEKYFQGSFDFLRIVSQVAPQPILCFDFIVDEYQVWEARAHGADMVLLVVAALDDDQLRSLLELIHSLGMTALVIIHDEEDLEKVLSHCRPKLIGIANTDWKTFETDLNTTEKLAKLIPPDTILIAVGGIYNPQQLKDLRGYVDGVIVGTALMRAEDPEKAARELRAWAE,0.5
107,PSALDAIVADVREDVAAREAVVPFDEIKERAARAPPPRDVLAALRAPGVGIIAIYLRKSPSGLDVERDPIEYAKTAEKYAVALTVLTDEKYFNGSYEDLEKIRSAVDIPVICFDFIVDPYQIYLARAYQADAIVLLLSVLDDEQYRQLAAVAHSLNMGVIVDVHTEEELERALKAGAEIIGILNQDLKTFEVDRNTAERLGRLARERGFTGVLLAIGGYSTKEELKSMRGLFDAVLIGESLMRAPDPEKAIRELVG,0.5
108,PSALDAIVAAVREDVAAREAYVSFDEMKERAARAPPPRDALAALRAPGLGVIAIYIRKSPSGLDVEQDPIEFAKTMEKYANALAVVTDEKYFNGSLEDLRKIASAVSIPVIRIDFIIDEYQIYEAKAMGADAIWLIAAILDDEQLKKLYELAKELGMDVLIAVHTEEELERALRAGAEIIGIDNRDLKTFEVDPNTTERLGRLARERGFTGVLIAVGGIYDPRQLKDLRGYFDAILVGEALMRAEDPKKFLKELKAWAE,0.5
109,MEEVLAKIVRDKKIWVEERKQQQPLESFRDKVQPSTRNFYDALQGDRTAFIALFTKASPSKGDINPDADPVEIIKIYNKYADAISVLTDEKYFKGSPEYLKEIRKHTNLPLICANFIVTPYQIWLARAHGADVVLLIVAALDQDQMRALLELIHSLGMTAVVDIHDEEELEIALRLGARIIGIGNRDLKTNEVDLETTKKLISLIPSDVIIISFSGIYDPRQLKDLRGYVDAFLIGTALMRAEDPEKFLKELIAWIE,0.5
110,PSVLDEIIAGVREDAAARKAKVSYDELKERAARAPPPRDVMAAFRAPGVAVILVCLKASPSKGLIREDFDPARIAAVYRHYANAIVVLTDEKYFQGSFDFLRIVSSQAPQPILCFDFIVTPYQIWEARAHGADLVLLIVAALDQEQLRSLLELVHSLGMTAIVDIHDEEDLEKVLSHVRPKIIGIHNTDYKTFETDLNTTEKLAKLIPPDTIVISFSGIYTYQQVRELSHYANGFLIGSALMAEDDLEAAVRRVLLGDNKI,0.5
111,METVLAKIVKDKKKWVETRKQQQPIESFRDELQPSTRNFYQALTGDRTAFILDCIKASPSKGLIREDFDPARIASVYRHYADAIAVLTDEKYFQGSFDFLRIVRNVAPQPVLCIDFIVDEYQIHQARAHGADAVLLIVAAAEDAQLVSLYQRIESLGMTAMVMIHDEEDLEIALRAGARIIGIGSTDLKTNEVDLETTKKLISLIPSDVVIVAFSGIYDPRQLKDLRGYVDAVLIGTALMRAEDPKKFCKELVAYAE,0.5
112,MEEVLAKIVKDKKIWVEARKQQQPLESFQNKIQPSTRNFYDALQGDKTAFILVCLKASPSKGLIREDFDPVRIAAVYRHYASAIAVLTDEKYFQGSLDFLRQVSSVAPQPILCYDFIVDEIQIYQAALHGADAILLIVAVVGDRLKEFIDVARSLGLDVIVDIHDEEDLEKVLSYCRPKIIGITNTDYRTMETDLNTTEKLAKLIPPDTILISFSGIYTYQQVRELSHYANGFLIGSALMAEDDLEAAVRRVLLGDNKI,0.5
113,MEEVLAKILKDKAKWVEERKQEQPLESFRDKVQPSTRNFYDALQGDKTVFILVCLKASPSKGLIREDFDPVRIAAVYRHYADAIAVLTDEKYFQGSFDFLRQVSSQAPQPILCWDFIIDEWQIWQARAAGADAVLLIAAALSDEELKSLLEAAKSLGMDVLVDVHDEEDLERALKIGARLIGISSHDLKTNEVDLETTKKLASLIPSDVIIISFSGIYTYQQVRELSHYANGFLIGSALMAEDDLEAAVRRVLLGDNKI,1.0
114,PRYLEGWLKDVVQLALRRPSIEAQRDRPIINLAERILEANKRNKVAIILVCEKASPSKGLIREDFDPARIAAVYRHHASAIVVLTDEKYNQGSFDFLRIVSQVAPQPVIMYDFIVDPYQIYQAAAHGAAAILLIVAVLGDRLAEFLELAKSLGLEVLVDIHDEEDLEKVLSHCRPDLIGINNTDLKTFETDLNTTKKLAKLIPPDTIIVAISGISEPEQIERLRKLGVNAFLIGSTLMRNPEKAKELKE,0.5
115,RKEEEIIEAQKKKKQELLEENIQFQRKNHSFLKALLSKERLKIIAIFVKASPSKGDINPNADPEEIIRIYNKYADAISVITDEDFFKGSPEYLQQARKATNLPIECVDFIIDPAQIYLAAHYQADAIWLMLSVLDDEQARQLAAVAHSLNMGVIVLISNEEEMERAIALGAKIVAILNVDLRDFSIDLNRTRQLAPQLGHGVIVISVGGIYNPQQLKDLRGYVNAVLVGEALMRAEDIKKFLQDMIAWAE,1.0
116,ASVLDEIIAGAREDLAARRAEVSLDEVKERAERAPPPRDAMAAFRAPGVAVILVCLKASPSKGLIREDFDPARIAAVYRHYANAITVLTDEKYFQGSFDFLRIVSSQAPQPIICWDFIVDEYQLAEARAHGADAVLLIVAVAGDRTKEFIDYARELGLDVIVDVHDEEDLEKVFSYCRPKIIGVTNTDWKTFETDLNTTEKLAKLIPPDTIVISVSGIYTYEQVRELSHYANGFLIGSALMAEDDLEAAVRRVLLGDNKI,0.5
117,PSAMDAIIKGVREDVAAREARVSFDELKEQAARAPPPRDALAHLRAPGVSIIAMFIKASPSKGDINPDADPEEIIKIYNKYADAIAVLTEKRYFKGSPDYLKQARKITNLPLIRVNFIVTPYQIWEARAHGADIVILLVAALEQEQLEELLERVHSLGMHAIVDVHTEEELERALRAGAEIIGILNRDLRTFEVDRNTSERLGRLARERGFTGVLISLGGISSAEEIKRLAKAGYDAVFIGETLMKNPNKIQEFTE,0.5
118,PSMMDQAVAGAREDMAAREARLSFDELKEQAARAPPPRDVLAALRAPGVAVILLCLKASPSKGLIREDFDPARIAAVYRHYASAIVVITDEKYFQGSFDFLRIVSKVAPQPIICWDFIVDPAQIYLARAHQADAIVLMASVLDDEQARQLAAVAHSLNMGVIVDISNEEEMERAIALGAKVVAIINKDLRDMSIDLNRTRQLAPQLGHGVIVIAISGIRGPEDLLAAAAAGADAVIVGEGLVTHGDPRQALADLVTAGTHPSCPR,0.5
119,PSALDAIIKGVREEVAAREALVSFDEIKERAARAPPPRDALAALRAPGVALILDCLKASPSKGLIREDFDPVRIASVYRHYASAIAVLTDEKYFQGSFDFLRQVRAVAPQPILCWDFIVDPYQLYEARAYGADAVLLIVAVLGDRLEEFYRLARELGMDVLVIIHDEEELEIALRCGARLIGILNRDLKTFRVDLETFLKLISLIPPDVLIIAILGVRGPEDLLRYAAAGADAVVVGEGLVTHGDPRQALADLVTAGTHPSCPR,0.5
120,PSVLDSIIAGAKEDIAARRAQVSLDEIKARAAKAPPARDVVAALRAPGVAVILVCEKASPSKGLIREDFDPARIASVYRHYADAIVVLTDEKYFQGSFDFLRIVRKVAPQPILCFDFILDPYQIYLARYYQADAILLMLSILDDEQYRQLAAVAHSLNMGVLVDVHDEEDLEKVFSHVRPKIIGINNTDLKTMETDLNTTEKLLKLIPPDTVVVSSSGIYDPRQLKDLRGYVDAVLVGTALMRAEDPKKFLKEMIAWAE,0.5
121,MEEVLAKIVKDKAKWVEARKQQQPIESFRDELQPSQRNFYQALTGDRTAFIALFTKASPSKGDINPDADPEEIIKIYNKYADAISVITDEDFYKGSPEYIAQARKHTNLPILCWDYIIDPYQIYLARYYQADAILLMLSILDDEQYRQLAAVAHSLNMGVLVEVHTEEELERALKAGAEVIGIGNFDLRTLEVDRNTAERLGRLARERGFTGVLVAWSGIYNPQELKDLRGYFDAVLIGTSLMRAEDPKKACEEMIAWAE,1.0
122,PSALDAIVADVREDVAARKAKVSFDELKERAARAPPPRDAEAALRRPGVAVIAIFIKASPSKGDINPDADPEEIIRIYNKYVDAIAVITEREYFKGSPEYIKQARKLTNLPILRIDFIIDEYQIYEAKALGADAIWLIVAILDKDQIKELYEAAKELGMEVIITVHDEEDLEKVFSVIKPKIIAIDNRDLDTFSVDLNTTEKLLKLIPPDTIIIAVGGISEPEQIKRLAKLGVDAVLIGETLMKNPNKIQEFTE,0.5
123,MPSALDEIVSGAREDMAQREAKVPYEELKERAERAPPPRDVLAHLRSPGLSLLCLYVRKSPSGLDVERDPIEWAKLAEKYADALVVITDEKHYNGSLEDLKKIASAVTIPIIRADFIVDESQIAEAKAAGADAIWLIVAILSPDQLKRLYKYAKSYGMDPLILVHTEEELKRALKLGAEIIEVSNIDLRTHRVDLSVAEHLGRLARKQGFTGVLICVGGIYDPRQLKDLRGLFDAFLVGAALMTAEDPKKFLQDLVAYAK,0.5
124,PRYLKGWLKDVVQLALRRPSTEAQRDRPIINLAERILEANKRNKVAIIAIYLRKDPSGLDVERDPIEYAKFMEKYAVALIVLTDEKYFNGSMEDLRKIASAVSIPILMYDFIVKEYQIYEAYALGADCVLLIVAILTEEELKSLLEYARSYGMEPIIDIFDEEDLEIALKIGARFIGVTSRDLKTNEVDLETQKKLISLIPSDVVIVAISGISEPEQIEELRKLGVNAFLIGSTLMRNPDKIKKFHE,0.5
125,PSVLDEIIANVRKDVAARRAQLSLDEVKERAERAPPPRDAMAAFRAPGCAVILICLKASPSQGLIREDFDPARIAAVYRHYADAIVVPTDEKYFQGSFDFLRIVSSQAPQPILCFDFIIDEYQIYEARAAGADAILLIAAVLDREQLKRLYEAARELGMDVLVDVHDEEDLEKVFSAIRPKIIGIVNTDWKTFETDLNTTEKLAKLIPPDTIVIAISGISEPEQIKRMRKAGVDAVMIGSTFARNPDKAAEAKE,0.5
126,SRADLTNVPGDVGEFARDRASVIKPHPVPCPPKRPSFYEALLRPGLAIIAAYTNKAPDGLSSNIHHQEYALTAAHIAAALVITTDEKYFNGSRETLRKIASSVDVPLIHWDFPMDAAQLLEAAADGVAAVVIDVSALEPKVWAEMFKRTISYGMVPLIDIMCEKYMHEAIALGVRVVVILTIDLENQRIDFNWIRELANKLGGNITVIAVSGISEAEQLEELRKIGVNAVIIGQTLMSNPEKIWELNR,0.5
127,PSVLDEIIAGVRADVAARAAVVSLDELKERAARAPPPRDAMAAFRAPGVAVLLLCLKASPSKGLIREDFDPTRIAAVYRHYADAIVVMTDEKYFQGSFDFLRIVSQVAPQPILCADFIVDEYQVHEARAHGADMVLLIVALLDQDQLRSLLELIHSLGMTAIVDVHDEEELERALRAGARVICIGNKDLKTNEVDLETAKKLASLIPSDVIIISWGGIYDPRQLKDLRGVYDGFLIGTALMRAEDPEKFLRELKAYAE,0.5
128,MARELKGWLKDVVEMAKRRPTFLAERKKPIINLAKRILELKKRGKLALIALYMRKSPSGLDVERDPIEWAKFMEKYVVALVVLTDEKYYNGSLEDLRKIRSAVDIPIICVDFIVDPYQIYLARHYQADAIILMLSVLTDEEYRQLASVAHALNMGVIVLVHTEEELERALRLGASMIGIMNTDLRTFEVDRNVAEHLGRLARERGFTGVLEAVGGVSEPEELKRLRKLGFDAVFIGETLMRNPSKIQEFQE,0.5
129,MEEVLAKIVKDKKIWVEERKQQQPLESFQNQVQPSTRNFYDALQGDKTAFILVCLKASPSKGLIREDFDPVRIAAVYRHYASAIAVLTDEKYFQGSFDFLRQVSQVAPQPILCFDFIVDEIQIYQAALHGADAILLIVAVVGDRLKEFIDVARELGLDVIVDIHDEEDLEKVLSYCRPKIIGINNTDYRTMETDLNTTEKLAKLIPPDTILVSISGIYTYQQVRELSHYANGFLIGSALMAEDDLEAAVRRVLLGDNKI,1.0
130,MEEVLAKIVRDKAIWVEARKQQQPIESFRDKVQPSQRNFYQALTGDRTAFIALFSKASPSKGDINPDADPAEIIKIYNKYADAIVVLTDEDFNKGSPDYIKEARKHTNLPILMFDFILDPYQIYLAALWGASAVLLIVAVAGDRTAEYYKLAEELGLDVLVDVFDEEDLEKVFSYCRPKIIGIVNTDFATFETDLNTTEKLLKLIPPDTIVVSLSGIYDPRQLKDLRGKVDAFLVGTSLMRAEDPKKAMEEMIAWAE,1.0
131,PTMLDDMNTEVRKDLAKRNATVSYNDLLALAALAPPPCDVMAALRSPGVGIIAQIIKASPSTGLIRDDFDPKRIAAIFRQYAVAILVTADRSVFQADFNFIRIIAQIAPQPVLALFLIIDPAAIAAAKAAEADAIFLLLSMLDDDQYRQLWAVAAALKMYVLTEVTTEEQAKRALKIGAKVIGVWPIVIWTGDIDLEAIKRIARNLPPEVIIILFQGILVAAIAEELAHHADALIIGKAIMAHDDLHAAMAKIARANKNK,0.5
132,MEEVLAKIVKDKAIWVEERKQQQPIESFRDTLQPSTRNFYQALTGDRTAFIALVTRASPSQGNIRPLDPVEAAKTYEEAGADAITVLTDPKYFGGSDEYLKAVRSAVDLPILRYDFIIDEIQIYLAALYGADAVLLIVAILSPEELKHLYEAAQSLGMDVLVDVHTEEELERALRAGARIIGIGNTDLRTMEVDRNTAERLGRLARERGFTGVLVAISGISTAEDIKRLRKAGVDAFLIGSTLMRNPDKIKELKE,1.0
133,RKEEEIIEAAKKKKQELLEENIQFQRHNHRFLKALLGKERIRIIALILKASPSKGDINPDFDPETIIRIYNKYADAITVLTEEDFFKGSPEYLQQARKITNLPILRWDFVVDPAQIWEAAAHGADCIDLIVRVAGDRTAEFYKLASELGLDVLVIVHDEEDLEKVFSYLKPKIIAILNRDLDTFEVDLNTTEKLLKLIPPDTIVVALVGVRGPEDLLRYAAQGADAVVVGEGLVTHGDPRQALADLVTAGTHPSCPR,1.0
134,PSALDAIVAAVREDVAAREAKVSFDELKERAARAPPPRDVLAALRAPGVQVILVCLKASPSKGLIREDFDPVRIASVYRHYASAITVLTDEKYFQGSFDFLRQVSAVAPQPILCWDFIIDEAQIYEARAYGADAILLIAAILDDDQLKRLYEAAKELGMECEVLVHTEEELERALRAGAEIIGILNVDLKTFEVDRNTALHLGRLARERGFTGVLICVGGIYTYQQVRELSHYADGFVISSALMSEDDLEAAVRRVLLGDNKV,0.5
135,MEEVLAKIVKDKAIWVEARKQQQPLESFRDEVQPSTRNFYQALQGDRTAFILDCIKASPSKGLIRDDFDPARIAAVYRHYASAIAVLTDEKYFQGSFDFLRIVSSQAPQPIICFDFIIDPYQIYLARYHQADAILLMLSVLDDEQYRQLAAVAHSLNMGVLVTIHDEEDLEKVLSVCRPKIIGIGNTDYRTMETDLNTTEKLAKLIPPDTILISISGIYDPRQLKDLRGYVDGILVGTALMRAEDPGKFCRELVAWAE,0.5
136,MDQPDLRNVKGEAAKIAKTLRKDLRPDQLPEPPPVKSLESALRRPGLAIICQYIRKSPSGLDVERDPIEWAKLMEKYAAALVVLTDPKYYNGSLEDLRKIRSTVDIPIIRQDFIVDPYQLYEARAHGASAILLIVAILGDKLKDFIKIARELGLDVYVLVHTEEELERALKAGARIIGISNTDLRTHTVDMSVAEHLGRLARKRGFTGLLECVGGIYDPRQLKDLRGLFDAFLVGEAIMRAEDPKKFLQDLVKYAK,0.5
137,RKMDLIMKQVATDITQMQAENMIPEIRNHLFLQHLSGKYRVKIIAVYTNKAPDGLSANIDHIEYAKTAAKIAAALIILTDEKHFNGSAETLRKIASSVDIPILHYHFIIDPTAIRAAAADKADAVVLIASILDDDQYRQLAAVAHALHLDVVLDITSEEDWEKIASVIRPKIIVIVTQDLDTFTIDKSILWKLMKLIPPNTVVIAASGIKDPRELKDLRGKVNAVIISTSIMKAPDPKAFLEKAEKHSE,0.5
138,MEEVLAKIVRDKAIWVEARKQQQPLESFRDEVQPSQRNFYQALTGDRTAFIAFYTRKSPSGLDVERDPIEYAKEMEKYAAALVVLTDPKYFNGSMEDLRKIRSAVSIPILRFDFILDPYQIYEAAAMGASAVLLIVAVLGDRTAEFYKLARELGLDVLVDVFDEEDLEKVFSYCRPKIIGIVNTDLATFETDLNTTEKLLKLIPPDVIVVSISGIKNPQQLKDLRGKFDAVLIGTSLMRAEDPGKFLKDMFAWAE,1.0
139,PRYLKGWLKEVVQHALRRPSVEAQRDRPIINLAERILEALKRNKLAIIAFCLKASPSKGLIREDFDPARIASVYRHYASAIIVLTDEKHYQGSYDFLRIVKQVAPQPVIMYDFTVKEYQIYDAYALGADCVLLIVAILTEEELKRLLEYARSYGMEPIVDIFDEEDLEKVFSACRPKLIGITNTDLKTLETDLNTTERLAKLIPPDTIIIAAGGIRGPEDVLRAAAAGADAVVVGDGLVTHGDPAQALADLVTAGAHPSCPR,0.5
140,MEEVLAKIVKDKAIWVEARKQQQPLESFQNKIQPSTRNFYDALQGDKTAFILVCIKASPSKGLIREDFDPARIAAVYRHYADAITVLTDEKYFQGSFDFLRIVSQVAPQPILCWDFIIDEIQIYLAALAGADAILLIAAMLDDEQLKELYELARELGMDCLVDVHDEEELERALKIGAKIIGVGNQDLKTNEVDLETSKKLASLIPSDVTIISISGIYTYQQVRELSHYANGFLIGSALMAEDDLEAAVRRVLLGDNKI,0.5
141,PRDLKGWLRDVVQAALRRPSFEAEPKRPAISIASAIEEAKKRNKAAIIAICEKASPSQGLIREDFDPARIAAVYRHYAAAIYVLTDEKYLQGSFDFLRIVSNVAPQPILCFDFIVDEYQIYRARAYGADAILLIAAILDDDQLKRLYEIAKELGMDVLVEVHTEEELERALRAGARMIGISNMDLRTMEVDRNTAERLGRLARERGFTGVLVAWGGYSTKEQLKSLEGLFDAVLIGTSLMRAPDIEKAARELLG,0.5
142,DAAIIKHTKGAVAAMAKAVALKQKPEPAAEPPPGRSFEAALRRPGVAIIAVYLRKSPSGVDVERDPIEFAKTAEKYAAAIVVITDEKYFNGSLEDLRKIRSAVDIPVLAYDFIVDPAQIYLARAYAADAIVLILSVLDDEQYRQLAAVAHSLNMGVEVIVHTEEEAERALALGARIIAVLAIDFKTMEVDRSAFARIADRLPDDVVRLAIGGIYTYQQVRELSHYANGAFIGSALMSEDDLEAAIRRVALGDNKA,0.5
143,MMDADLRNVKGLAAEIAKQIYKDIRPKPLPEPPPGFDFEAALRKPGIAIIAVVLRASPTTGDIKPLDPVEVARIYEKAGADAIEVLTDEKYLGGSLEFLKKIASAVSLPILRWDFIVTPYQIYEARAHGADAVLLIVSALEDEALKDLYARVESLGMVAVVLVHTEEELEKALRIGAKIIGILNMDLRTLEIDRSVALHLGRLARERGFTGVLIALGGYETKEQLKSLEGLFDAVLIWYALVRAPDIETKLRKLIG,0.5
144,MEEVLAKIVKDKKKWVEARKQKQPLESFRDSLQPSQRNFYQALTGDRTAFIASCEKASPSKGLIREDFDPARIAAVYRHYADAIVVLTDEKYFQGSFDFLRIVRKVAPQPILCWDFIVDSYQIWLARYHGADAVLLIVAALDDEQLRELYERVESLGMTALVDVHTEEELERALKLGAKIIGIGNTDLRTMEVDRNTAERLGRLARERGFTGVLVAFSGIYDPRELKDLRGYFDAVLVGTSIMRAEDPKKACKDMVAWAE,1.0
145,MDRADLRNIEGRLAEIAKTIAADLQPKPLPPPPPGRNFEAALRRPGIALILACLKATPAKGLLREDFDPVRIAAIYRHYADAIAVITDEKYLQGSMSFLRQVRAVAPQPILCVDFIVDPSQIDEARAAGADAILLIVAILTPEALKKLYEYAKSLGLDPIVEVHTEEELKRALKLGARIIGILNIDLRTGTIDRNVAEHLMRLARKQGFRGVLIAIGGYSTKEELKSLEGLADAVLIWEAIMTAPDIAKKLAKLRG,0.5
146,PSVLDEIIANARTDAAARRAQVSLDELKEQAERAPPPRDAMAAFRAPGCAVILFCIKASPSQGLIREDFDPVRIASVYRHYADAIVVPTDEKYWQGSFDFLRQVSQVVPQPIFCYDFIVDEYQIAEARAAGADAVLLIVAALSEEELKSLYEFARSLGMDVLVDIHDEEDLEKVLSVIRPKLIGIINTDYKTFETDLNTTEKLAKLIPPDTILVAYGGISEPEQIKRMRKAGVDAVLIGSTVARNPDKAAEAKE,0.5
147,MHPSKGWLKNVALLALHRPKFIDEMEKPIRKLAETILEANKRNITAIIALFTRATPSEGDINAHANLEKFIRWYAELADAITIMTEKHYFKGDPAFIKHARNLTNFPIIAYDFYHKEEQIESAYNAGADAIVLLTSQQTEDLLATLHKYAKKYKMDTLVDIFSEEDWEKVASVIRPKIIVIVTQDLETFTIDKSILWKLMKLIPPNTVILAAGGYSRKEELKSLEGVFDAVFISTSIMKAPDPRAFMQKLLG,0.5
148,DHPSTGWLKYVMLAAKHRPMFIDELERPIRRLAETILEFNKRNITAIILVILKASFSTGLDLDDFDPRRIAAIMAQYAAAIVVIADEKWFQQPPLAIRIVAQIAPQPIIAWDFYVDTKQVYAAWAWGADAIVIIVKLLTEEQIKNIYEAAEELGMDTLVDVTTEEEAKRALKAGAKIIVVQPIVDATSEVDEEAIKRIMRNLPPEVIILVAGGIRNAEDLAKAMAAGADGVFIGHGLVTNGDPRAAFQHLVEEGTHPSCPY,0.5
149,VRELKGWLKDVVQLALRRPSIEAQRDKPIINLAERILEANKRNKVAIIALFTKASPSKGDINPDADPAEIIKIYNKYADAICVLTEEAFNKGSPEYIREARQHTNLPILMWDFIVKEVQIYDAYALGADAVLLIVTILTDEELKRLLEYARSYGMEPLVDVHTEEELERALRAGARIIGIVNTDLKTAEVDRNTAKRLGRLARERGFSGVLVAIGGISEPEEIEELRKAGVNAFIIGETLMKNPEKAKEFKE,0.5
150,PSAMDAAVAGVREDVAAREARLSFDEIKEQAARAPPPRDALAALRAPGVGVIAVVFRASPSQGAIRPLDPVEAARTYEEGGASAISVITDPKYFGGSDEYLKAVRSAVDLPIERVDFIIDEAQIYEAKAAGADFILLIAAILDAEQIKRLYEAARELGMEVIVLVHDEEDLEKVFSVIKPKIIAILNRDLDTFEIDLNTTEKLLKLIPPDTLVIAVGGIYDPRQLKDLRGKVDAVWVGESLMRAEDPKKFIKEMVAWAE,0.5
151,PSVLDEIIAGAREDVAARRAQVSLDEIKEQAARAPPPRDAMAALRAPGVAVILVCLKASPSKGLIREDFDPVRIAAVYRHYANAIAVLTDEKYYQGSFDFLRQVSSQAPQPILCEDYIVDEYQVWEARAHGADMVLLIVAALDQDQLRSLLELIHSLGMTAVTAVSNEEELERAIALGAKVVGIPNIDLRDQSIDLNRTRQLAPRLGPGVIVIAWGGIRGPEDLLRAAAAGADAVVVGQGLVTDGDPRQAVADLVTAATHPSCPR,0.5
152,PSALDAAVAGAREDLAAREARLSFDELKEQAARAPPPRDGLAALRAPGVAVIAVVVRSSASKGPLASIADPAALAREAEAAGAHMIAVLTERRRFKGSLEDMDAVRAAVDVPVLALDFIVDPAQIYMARAYHADAIVLIASVLDDEQARQLAAVAHSLNMGVFIVVHDEEDLEKVFSVIKPKIIAIDNQDLDTFEVDLNTTEKLLKLIPPDTIVVAFGGIYTYQQARELSHYANGFVISSAIMSEADIHAAIRRVTLGDNKA,0.5
153,MEEVLAKIVKDKRKWVEERKQRQPLESFQNTVQPSTRNFYDALTGDKTAFILLVTRASPSQGNIRPLDPVEAARIYEKAGADAIAVLTDPKYFGGSFEDLRAVAEAVDLPILCADFIVTEYQVHLARAHGADAVLLLVAALDQDQMRSLLELIHSLGMTAVTDVSNEEELERAIALGAKVVGINNIDLRDQSIDLNRTRQLAPKLGPGVIVISYGGIYDPRQLKDLRGYVDGVLIGTALMRAEDPKKFCKELKAWSE,0.5
154,PSALDAAVAGAREDLAAREARLSFDELKEQAERAPPPRDALAALRAPGVAVIALFVKASPSKGDINPNADPEEIIKIYNKYADAIIVATERDYFKGSPEYIRQARKATNLPLIAWDFIVDPAQIYMARAYQADAIILILSVLDDEQARQLAAVAHSLNMGVIFDVHDEEDLEKVFSVIKPKIIAIINQDLDTFEVDLNTTEKLLKLIPPDTIVIAVVGIRGPEDLLHYAAAGADAVIVGIGLVTHGDPRQALADLVTAGTHPSCPR,0.5
155,GRPDLTNVPGFIGEWARWRASVIVPHPLPCPPKRPSFATALLRPGLAIIAVYMNKAPDGLSSNIHHGEYAKTAAKIAAALVILTDEKYFNGSAETLRKIASSVDIPILHYEAIVDPTIIYAAAADNAAAVVLIASILDDDQFRQLAAVAKALKLDVVVDITSEEDWEKIASVIRPKIIVIVTTDLATGTTDKSILWKLMKLIPPNTILIATGGYSRKEELKALEGIFDAVIISTSIMRAPDPEAFIRKLLG,0.0
156,MDAADLRNVKGLLAEIAKQRYKDDRPFPIPPQPPGRDYEAALRRPGLAIICAYMRKSPSGMDVERDPIEWAKLMERYAAALAVLTDPKFFNGSPEDLKKIRSAVDIPVLRVDFIVTEYQVHEARAHGADAVLLIVALLEQEVLESLLALIHSLGMNALVEVHTEEEAERALKAGARIIGILAMDWRTGDVDKTLFERIADRLPDEVVRIAIGGIYDPRQLKDLRGKFDAVLVYEAIMTAEDPEKFLKDMVKYAK,0.5
157,MEEVLAKIVKDKKIWVEARKQQQPLESFRDQVQPSTRNFYDALQGDKTAFILVCLKASPSKGLIREDFDPARIAAVYRHYASAIVVLTDEKYFQGSFDFLRIVSSQAPQPILCYDFIVDEIQLYLAAYYGAAAILLIVAVLGDRTKEFIDIARELGLDVLVDVHDEEELERALRAGARIIGVNSRDLKTNEVDLETAKKLASLIPSDVTIVSISGIYTYQQVRELSHYANGFLIGSALMAEDDLEAAVRRVLLGDNKI,0.5
158,DAAILKHVKGALAAIVKQVALDQKPKPAAEPPPGRSFEAALRRPGVAIILICLKATPSKGLIREDFDPVRIASVYRHYASAIAVITDEKYLQGSFDFIRQVRAVAPQPILCVDFIVDEYQIYEARAAGADAILLIAKLLTDKAIKDLYEAAKELGMDCLVVVHDEEDLEKVFSVIKPKIIGIENRDFATFEVDLNTTEKLLKLIPPDTVVVALGGYSTKEQLKSLEGLFDAVLIGESLMRAPDIAAALRELRG,0.5
159,MEEVLAKIVKDKAVWVEERKQQQPIESFRDKLQPSQRNFYQALTGDRTAFIALYTRKSPSGLDVERDPIEYAKTMEKYADALIVLTDEKYFNGSLEDLRKIRSAVSIPILRYDFIIDEWQIYEAAAAGADCVLLIVAILSDEELKSLYEIARSLGMEVLVDVHTEEELERALKLGARVIGINNTDLRTMEVDRNTAERLGRLARERGFTGVLVAISGISTPEDIKRLKKAGVDAVLIGEALMRNPNKAEEFKE,0.5
160,MEEVLAKIVRDKAIWVEARKQQQPLESFRDEVQPSTRNFYDALQGDRTAFILSCIKASPSKGLIREDFDPARIASVYKDYASAIAVLTDEKYFQGSLDFLRIVSSQAPQPILCWDFIIDEYQIWLAAYAGADAVLLIAAILSDEELKSLIEAARSLGMEVLVDIHDEEDLEKVLSHIRPKIIGITNQDYRTMEVDLNTTEKLAKLIPPDTILIAYGGVRGPEDLLRYAAAGADAVLVGAGLVTHGDPRQAVADLVTAGTHPSCPK,0.5
161,PTPQDDHKTNARKDQSKRNASVSYNDFLALAALAPPPCDALAALRSPGVGIIIVLLKASPMTGLIVDDFDPRRIAAIAAQYADALLVATDRTAFQADFSFIRIIAQIAPQPIIAWDFYIDTVQVYAAKAAGADMIVIIVRILTEEQIKNIYEAAEELGMDSLVDIMDETAMHRAIAFGTRIIVIINIDLENQRIDFNWTLKLANKLGGNVTVILVGGIRNAEDLAKAAAAGADAVVIGEGLVTNGDPRAAFIHLLEEGLHPGCPY,0.5
162,MDQPDLRHTEGAAAKIAKTVLKSIRPRPLPEPPPGRSWESALRRPGIAIICLIIKASPSKGDINPDADPKEILDIYDKYADAIAIITDPHYFKGDDSYIQKARNITNLPILRVDFIVDEIQIEEAAALGADAIWLIVSILTDKALKDLYETARKLGMDVIVTVHTEEELERALKLGARIIEISNVDLRTFTVDRNVAEHLGRLARKRGFTGVLIALGGIYDPQQLKDLRGLFDAVLVGEAIMRAEDPRKFLADMLAYAE,0.5
163,MDAPDLRNIKGLLAKIAKAVYLDLKPYPLPEPPPVRSFEEALRRPGVAIILVCIKATPSQGLIRDDFDPTRIAAIYRHYADAIAVITDEKYYQGSFSFLRIVRAVAPQPILCVDFIVDPYQLYEARAHGASAIWLIVALLGDLLKKFIDIAKKLGLDPIVLVHTEEELERALKAGADIIEISNVDLTTGEVDRSVAKRLGRLARERGFTGVLIAVGGIYDPQQLKDLRGKFDAVLVGAAIMRAEDPKKFLADMLAYAQ,0.0
164,MEEVLAKIVRDKKIWVEERKQQQPLESFRDEVQPSTRNFYDALSGDKTAFILVCLKASPSKGLIREDFDPVRIAAVYRHYASAITVLTDEKYFQGSFDFLRQVSNVAPQPILCYDFIVDEYQLYEAAYYGAAAILLIVAILGDRTKEFIDMARELGLDVLVDVFDEEDLEKVFSYCRPKIIGVVNTDWRTLETDLNTTEKLAKLIPPDTIVIAISGISEPEQVKRLRKAGVDGVLIGSTFARNPDKAAEAKE,1.0
165,MDAADLRNVKGLLAKIAKTIYKKLRPYPLPEPPPGRDFEAALRRPGLAIICLYVRKSPSGLDVERDPIEWAKLMEKYAAALAVITDEDYFNGSLEDLQKIRSAVDIPVERVDFIVTEYQVYEARAHGADAVLLIVALLEEEVLRRLYELIQSLGMVALVLIHDEEDLEIALRAGAQMIGIVAQDKRTQQVDMDTFKRLISLIPPEIIIVAVGGISEPEQLKELAKLGVDAVFIGETLMRNPEKIKEFHK,0.5
166,PSVMDAIVAGAREDLAAREARVSFDELKERAERAPPPRDALAALRAPGVQVIAVYKRKDPSGLDVEQDPIEFAKTMEKYAAALTVLTDEKYFNGSLEDLRKIASAVSIPVICLDFIVDPAQIYLARAYQADAVVLMLSVLDAEQYRQLAAVAHSLNMGVFVDVHDEEDLEKVFSVIKPKIIAIINRDLDTFEVDLNTTEKLLKLIPPDTIVIAIGGIKEPEQIKRLAKLGVDAVFIGEALMRNPDKEKEFQE,0.5
167,DHPSKGWLKERALMVKHRPMLIDEVKRPIRRLAETILEFNKRNITAIILVCLKASPSTGLVRDDFDPKRIAALYRQYAAAIVVTIDRKAFQADLNFIRVIAQIAPQPIIAFDIIVDPAAIVAIFAAEATAIVLIAAVLDDDQYRQLAAVAHALDLDVILDIFSEEDWEKIASVIRPKVIVIVTTDLETFEIDKSILWKLLKLIPPNTVKLLSGGIKDPRELKDLRGKVNAVFISTSIMKAPDPRRFLEEARKHSI,0.0
168,ASVLDEIVAGVREDAAARRAQVSLDEVKEQAARAPPARDAMAAFRAPGVAVMLDCLKASPSKGLIREDFDPARIASVYKDYADAIIVLTDEKYYQGSFDFLRIVSSQAPQPIICFDFIVDPYQIYLARYYQADAILLMLSVLDDEQYRQLAAVAHSLNMGVLVMVHDEEELERALKAGARLIGINNTDLKTNEVDLETTKKLASLIPSDVIIISHSGIYNPQQLKDLRGYFDGVLVGTALMRAEDPEKKCREMKAWAE,0.5
169,PSVLDEIVAGAREDVAARQAEVSLDELKEQAARAPPPRDAMAAFRAPGCAVVALVTKASPSKGDINPDFDPVEIIKIYNKYADAISVLTDEKYFKGSPEYLKQARKHTNLPLLCWDFIVDEYQIYEARAAGADAILLIVAILDDEQLKELYEAARELGMDVLVDIFDEEDLEKVLSVIRPKLIGISNTDYKTFETDLNTTEKLAKLIPPDTILVAISGISEPEQIKRLRKAGVDGVLIGETLVRNPDKIQEFKE,0.5
170,RKREEIIEAQKKKKQELPEENIQPQRKNHRFIKALLGKERIGIILLCLKASPSKGLIREDFDPVRIASVYRHYADAIAVITDEKYLQGSFEFLRQVSAVAPQPILCVDFIIDPAQIYAAAHYNADAIWLILSVLNDEQARQLAAVAHSLNMGVLVTIHDEEDLEKVFSVIKPKIIAIDNQDLDTFQVDLNTSEKLLKLIPPDCIVICIGGIYDPRQLKDLRGYVDAILVGESIMRAEDPKKFLKEMIAYAE,0.5
171,MPSVADAIISGARADMAAREAKVSYDELKERAERAPPPRDVLAAFRSPGLALILICLKASPTKGLIREDFDPLRIAAIYRHYADAIEVITDEKYYQGSFSFLRLVRAVAPQPIIMVDFIVDPSQILQARAAGADAVWLIVAILSPEQLKTLYEFAKSLGMEPLVVVHTEEELEIALKAGAEIIGILNIDLRTGSVDLNVAEHLGRLARERGFTGVLIAIGGYSTPEQLKRLRGLFDAVLIGYSIMTAPDIAAKLKELLG,0.5
172,MRKLEEIIEAAKKKKQELEEENIQPQMKNHNFLKAMLGNERLKIICTFFKASPSKGDINPNADPKQVIKIYDKYADAIAILTEEDFGKGSFEYIKEARKHTNLPIICWDFILDPRQIYQAAAAGADAILLIVRILDEEQIKRLYETAKKLGMDVLILVHDQEDLRKVFSVIRPKIIEIANQDLDTFSVDLSTTLKLLKLIPPETIIISVGGIYTYQQVKELSQYVHGAVISEALMSEEDLEAAVQRVVLGDNKV,1.0
173,PSVLDAIVAGAREDVAAREAKVSFDEVKERAERAPPPRDVMAALRAPGVAVICVFLKASPSKGDINPDLDPEEIIKIYNKYADAIEVLTERTYFKGSPDYLKQARKITNLPILCWNMIVDPYQIYLARAYHADAILLILSVLDDEQYRQLAAVAHSLNMGVLTVISNEEEMKRAIALGAKIVAILNQDLRNMSIDLNRTRQLAQQLGPGVIIIAYGGYSTKEQLKSLEGLADAVLVGESLMRAPDIAAAIRELIG,0.5
174,MIQPDLRNVKGLLAEIAKTVAKDLRPRPLPEPPPGPSFESALRRPGLALLLVCLKASPSKGLIREDFDPTRIAAIYRHYADAILVITDEKYHQGSFSFLRIVRAVAPQPIECLDFIVDEIQIYEAAAAGADAILLIVAILTDEALKHLIEVAKSLGMDVIVVVHTEEEAERALKAGAKIIAINAQDWHTGKVDKTLYARIADLLPDEVVKIAVGGYSTKEELKSLEGVFDAVYIGEAIMRAPDIAKALKKLLG,0.5
175,MDFPDLRNIKGEAAKIAKQVLKDMRPKPLPEPPPIRPLEEALRKPGVAIICLFVKASPSKGDINPDADLESIIRMYDKYADAIAIITEPHYHKGDDEYIKQARKYTNLPIIRVDFIVDPYQVYQARALGASAIFLIVAILGDLLKKFYKLAKDLGLDVLVMVHTEEELERALKAGADIIEISNVDMRTWEVDRSVAEKLGRLARKRGFTGVLIAVGGIYDPRELKDLRGLFDAVLVGEAIMRAEDPEKFLQDMLAYAK,0.5
176,MEEVLAKIVKDKAIWVEARKQQQPLESFRDEIQPSQRNFYQALTGDRTAFIAIYTRKSPSGLDVERDPIEYAKTMEKYAAALIVATDEKYFNGSLEDLRKIRSAVSIPILRFDFIIDEWQIYEAAAAGADAILLIAAILDDDQLKELYEAAKKLGMDCIVDVHTEEELERALKAGAEVIGIGNMDYRTMEVDRNTAERLGRLARERGFTGVLVAISGISTPEDLKRLKKAGFDAALIGSSLMRNPDKAEEFKE,0.5
177,MDQPDLRNIPGLLAKIAKTILKSLRPYPLPEPPPVRSFEEALRQPGMAIICIFVKASPSKGDINPNADLEKLIKIYDKYADAIIILTEPHYHKGDLSYIQKARQITNLPILRFDFIVDPYQIYEARAHGASAVLLIVALLGDKLADFIKIAKKLGLDVLVDVRTQEEADRALKAGAKIIAILALDIHTGKVDMTLFERIADRLPDEVVRVAIGGIKEPEQLKRLQKLGADAVLIGETLMKNPDKIKEFIK,0.5
178,PSVLDEIIAGAREDIEARKAQLSLDELKERAERAPPPRDAMAAFRAPGSAVVLFCLKASPSKGLIREDFDPARIAAVYRHYANAIAVLTDEKYFQGSFDFLRIVSSQAPQPILCADFIVDEYQVHEARAHGADMVLLIVAALDQDQLRRLLELVHSLGMLALVEIHDEEDLEKVLSVVRPKLIGIYNTDYKTFETDLNTTEKLAKLIPPDTILVAILGISEPEQIERLRKAGVDGFLIGSTFARNPDKAAEAKE,1.0
179,DHPHKGWLKYVMLMAAHRPMFIDELERPLRKLLEVILEFNKRNITAIIAVYTNKAPDGLSTNLDPGEYAKTAAKIAAALVILTDEKYFNGSYETLRKIASQVDIPLIAFDFYVDTKQVYAAWAIGADAIVILVRLLTEEQIKNIYEAAEKLGMDSLVDIFSEEDWEKVASVIRPKLIVIVTRDLETFEQDKSILWKLMKLIPPNTVILLVSGIHVAADIEEQAHVVDGFFISVALMAHDDIHAAFAKIWEANKNA,0.5
180,MEEVLAKILKDKAKWIEARKQQQPLESFRDEVQPSTRNFYDALQGDKTVFILDCLKASPSKGLIREDFDPVRIAAVYRHYADAIAVLTDEKYFQGSLDFLRQVSSQAPQPILCWDFIIDEIQIWQARAAGADAVLLIAAALSDEELKSLLEAAKSLGMDVIVMVHDEEDLERALKIGARLIGINSTDLKTNEVDLETTKKLASLIPSDVIIISFSGIYTYQQVRELSHYANGFLIGSALMAEDDLEAAVRRVLLGDNKI,1.0
181,MDLPDLRNVTGEVAKIAKTVLKDLRPAPPNEPPPGRDVEAALRQPGIAIECLYIRKSPSGMDVERDPIEWAKMAEKYAAALVVLTDEKYYNGSYEDLQKIAQAVDIPVFCSDFIVDPYQIYLARAYQADAIVLMLSILSDEAYRQLATVAHKLNMGVVTIISTEEEMKRALKLGARIIAILNIDLRDNSIDLNRTKHLAPQLGPGIVIIALGGIYDPRQLKDLRGLVDAVLVGEALMRAEDPEKFLQDMVKYAK,0.5
182,RKEEEIIEAAKKKKQEIPEENIQFQLKNHDFLKALLGKERLKIIAIVLKASPSKGDINPDADPEEIIRIYNKYADAITVLTEEDFFKGSPDYIKQARKVTNLPILRWDFIIDESQILEAAALGADAILLIVAILSDEQLKRLYEYARSLGMTPLVDVHTEEEADRALAAGAKIIAVLAKDLKTADVDRSAFERIADRLPDDVVVICIGGIYDPRELKDLRGKVNAVLVGESLMRAEDPKKFLKEMLAYSE,1.0
183,MPSVLDAILSGVLEDVAARKAKVSLEELKERAKRAPPPLDALAVLLAPGIAIICLITKASPSKGDINPDADPEKIARIYDKYADAIAILTEERYGKGSLSYIQRIRSTTNLPIICVNFIIEPYQIYEARAHGADLVILLVAALDEEQLRRLYELIESLGMVAITDISTEEEMKRALALGAKVIAIINVDMRDWSIDLNRTKHLAPQLGPGVIIIALGGIYDPRQLKDLRGLVDAVYIGEALMRAEDPKKFLQDLLAYAH,0.5
184,MPSALDAIISGVRADVAARKAKVSLEELKERAKRAPPPRDVLAALRSPGVAIILLCLKASPSKGLIRDDFDPVRIAAVYRHYADAIAVLTDEKYHQGSFSFLRQVRNVAPQPIICVDFIVDPIQLYEAKAHGADAVWLIVAVLGDRLEEFYDTARKLGLHVLVMIHDEEDLKIALRIGARIIEILAIDLKTFKVDLETQKRLISLIPPEVIIIAVGGIEDPQQLKDLRGYVDAVLIGAAIMTAEDPKKFLADLLAYAE,0.5
185,PSAADAIVAAVREDLAAREARVSFDELKERAERAPPPRDVLAALRAPGVGVIAVYVRKSPSGLDVERDPIEYAKFMEKYADAIAVITDEKYFNGSLEDLRKIASAVSIPVEMLDFIIDEAQIYEAKAMGADAIWLIAAILDKDQLKKLYEAAKELGMDVIMLVHDEEDLEKVFSVCKPKIIAILNRDLDTFKVDLNTTEKLLKLIPPDTIIITIGGISEPEQIKRLAKAGVDAVMIGETLMRNKDKEEEFRE,0.5
186,PSVMDAIVAGAREDMAAREARLSFDELKEQAARAPPPRDALAALRAPGVSVILLCLKASPSSGLIREDFDPARIAAVYRHYASAIAIITDEKYFQGSFDFLRIVSKVAPQPIICVNFIVDPAQIYLARAHQADACVLILSVLDDEQARQLAAVAHSLNMGVLVDVHDEEDLEKVFSVIKPKIIAIINIDLDTFEVDLNTTEKLLKLIPPDTIVISYGGIYTYQQARELSHYANGFIIGSALMSEDDLEAAVRRVLLGDNKA,0.5
187,SKMWLIMKMVAHDITQWDAENMIPQIRNHLFLQHLDGKYRVKIIAVCLKATFSKGLIVDDFDPKRIGALYAQYAAAIVVAADRKVFQADFSFLRIIAQIAPQPILFWFFIIDPAAIVAAAANEADAIVLLLAILDDDQYRQLAAVAQALHMDVVVDILCETYMHRAIALGARIVAIINVDLENQQIDLNWTLKLARKLGGNVTVIAISGISEAEQIEELRKAGVNAIMFSSTLAKNPEKIAELNR,0.5
188,MEEVLAKIVKDKAIWVEARKQQQPIESFRDELQPSTRNFYQALTGDRTAFIALCLKASPSKGLIREDFDPVRIASVYRHYASAIAVLTDEKHFQGSFDFLRQVSKVVPQPVLCWDFIVDSYQIHEARAHGADAVMLIVAALEQEQLEELYARIESLGMTALVEVHTEEELERALRAGAKIIGINNMDLRTMEVDRNTAERLGRLARERGFTGVLVAMGGYSTPEQIKSLRGIFDAVCIGTSLMRAPDIEKKVRELIG,1.0
189,PSALDAIVAAVREDLAARMAIVSFDELKERAAKAPPPRDVLAALRAPGVGVIAIFVKASPSKGDINPDADPEEIIRIYNKYADAIAVITEKDYFKGSPDYIKQARKVTNLPIICVDFIVDPAQIYMARAYHADAIWLILSVLDDEQYRQLAAVAHSLNMGVFLAVHTEEELERALKLGAEVIGIDNRDLKTFEVDRNVAERLGRLARERGFTGVLIAIGGISSAEEVKRLKKAGFDAFLVGETLMKNPDKIQELRE,0.5
190,SRADLTNVPGIAGEIARARASEIVPHPIPCPPKVSSFAEALLRPGLAIIAVCLKATPSTGLDLENFDPKKIAALFKQYAAAITAAIDRKAFQADNNFIRIIAQIAPQPILVWDFVVDAAQIVIAAGIYAAAVVLDTSVLEPKVWLEMFKRIASWGMFCCVSVTTERDLQIAIEAGADILIIETTDYKTMRTNIETARRLGRLARKRGFGGILIAAGGYSRKEELKSLEGIFDAVIISTSIMRAPDPEAFIRKLLG,0.0
191,PSVLDEIVAGVREDAAARRAEVSLDEIKARASKQPPARDAVAAFRAPGVAVILVCQKASPSKGLIREDFDPVRIASVYRHYADAIVVLTDEKYFQGSFDFLRQVRKVAPQPILCWDFIVDPYQIYLARYHQADAILLMLSVLDDEQYRQLAAVAHSLNMGVLVDVHTEEELERALKAGAEIIGINNMDLRTMEVDPNTAERLGRLARERGFTGVLVAHSGIYNPEQLRDLRGYVDAVLVGTALMRAEDPKKFLKEMIAAAE,0.5
192,PSVLDAIVAGVREDVAARRAHVSFDEIKERAERAPPPLDVLAALRAPGVAVIAVYARKSPSGLDVERDPIEYAKFMEKYVAAIAVLTDEKYFNGSLEDLARIRSAVNLPVECVNFIVDPAQIYLARAYQADAIVLMLSVLDDEQYRELAAVAHSLNMGVFVVVHTEEEAERALALGAEIIAVNVRDLKTAEVDRSAFARIARRLPDDVVKIAYGGISEPEEIKRLAKMGVDAVLIGETLMRNENKEEEFNE,0.5
193,RKLEEIIEAKKKKKQELPEENIQFQRKNHNFLKALLGSERVRIILICLKASPSKGLIREDFDPVRIASVYRHYADAIAVITDEKYFQGSFDFLRQVAAVAPQPILCVDFIIDPAQIYLAAHYQADAIWLILSVLTDEQARELAAVAHSLNMGVLITVHDEEDLEKVFSVIKPKIIAIDNRDLDTFKVDLNTTEKLLKLIPPDCLIVAVGGISEPEQIERLRKLGVDAVLIGETLVRNPDKAAEFKE,0.5
194,PSVLDSIVADAREDAAARRAKVSLDEIKEQAARAPPALDALAAFRAPGVQVIAVYTRKSPSGLDVERDPIEYAKTMEKYAAALAVLTDEKYFNGSLEDLRKIRSAVSIPILCVDFIVDPYQIYLARHYQADAILLILSVLDDEQYRQLAAVAHSLNMGVMVEVHTEEELERALKAGAEIIVILNMDLRTMEVDPNTAERLGRLARERGFTGVLVAWSGIYNPQQLKDLRGYFDAILVGTALMRAEDPKKFLKELVAWAE,0.5
195,DHPVTGWLKKVILLLAHHPYFIDEMEKPIRKLAELVLEFNKRNITAIIALFTRASPSRGDINAHANLEKFIRMYAELARAISIMTEKHYNKGDPAFVKHARNLANFPIIFFLHITRPDLIRAAFAAEADAVVLILSILDDDQYRQLWAVAAALDLDILTDVTTEEQAKRALKIGVKVIVVVPIVSDTDEADPEAIKKIMRNLPPEVQIVAVSGISEAEQLEELRKLGVNAFIISSTIMKNPEKMRELNR,0.0
196,PDYLKGWLRDVVEAARRRPSKEDEPKKPPISIAEAIEEAKKRNKAAIILVCQKASPSKGLIREDFDPARIASVYRHYASAITVLTDEKYFQGSYDFLRIVSNVAPQPILCWDFIVDESQIHQARSAGADAVLLIVAILTPEELKHLYEYAKSYGMDVLVDVHDEEDLEKVFSVIRPKLIGINNTDLKTFETDLNTTEKLLKLIPPDIIVVSISGIYDPRQLKDLRGKVDAVLVGTAIMRAEDPKKFLKDMIAWAR,0.5
197,MEEVLAQIVRDKAIWIEKRKQQQPLESFRDEVQPSTRNFYDALQGDRTAFVADFTKASPSKGDINPDADPEEIIRIYNKHADAIGVLTDEKFFKGSPEYLKEARKHTNLPLLRFDFIIDEIQIWQAAAAGADAVTLIVAALSDEELKSLLEAAKSLGMDVLVVVHTEEELERALRAGAKVIGILNMDLKTLEVDLNTAERLGRLARERGFSGVLIAIGGISEPEQIKRLRKAGVDGFIIGESLMRNPEKIKKLKE,1.0
198,PSAADAAVAGVREDVAAREARVSFDELKERAARAPPPRDALAALRAPGVQVILLCLKASPSKGLIREDFDPARIASVYRHYASAIAVLTDEKYFQGSFDFLRIVRNVAPQPILAVNFIVDPAQIYLARAYQADAIVLIASVLDDEQARQLAAVAHSLNMGVIVFVYDEEDLEKVFSVIKPKIIGIINRDLDTFEVDLNTTEKLLKLIPPDTIVIAIGGYSTKEQLKSLEGLADAVEIGESLMRAPDIAAALRELIG,0.5
199,MPSVLDAIVAGAREDMAAREAKVPLDELRERAKRAPPPRDVLAALLKPGVAIILLCVKASPSKGLIRDDFDPVRIAAIYRHYADAIAVLTDEKYYQGSFSFLRLVRAVAPQPIICADFIVDESQIYQAKAAGADTVWLIVAILSPDQLKKLYEIAKSLGMDPLILVHDEEDLEKVFSVIRPKIIEILNTDLDTFSTDLNTTEKLLKLIPPETIIVAVGGIEDPRQLKDLRGKVDAVLVGASLMRAEDPKKFLADMLAYAK,0.5
200,MEEVLAKIVKDKAIWVEARKQQQPLESFRDKVQPSTRNFYDALQGDQTAFIALYLRKSPSGLDVERDPIEYAKFYEKYAAALSVVTDEKYSNGSFEDLRKIASAVNIPILCFDFIIDEIQIYLAAAYGADAIVLWAAILDDEQLKRLYEAARRLGMDCVVDIHDEEDLEKVLSVMRPKIIAIVNTDLRTLETDLNTTEKLAKLIPPDTTVIAIGGISEPEQIKRLRKAGVDAFLIGSTFMRNPDKAKEAKE,1.0
