mutated_sequence,Expression
SRPDLTNVPGLLGEIARWRASVIVPHPLPCPPKRPSFATALLRPGLAIIATYMNKAPDGLSVNIHHGEYAKTAAKIAAALIIVTDEKYFNGSAETLRKIASSVDIPILHWEFIVDPTIIYAAAADNAAAVILIAQILDDDQFRQLAAVAHALKLDVVVDITSEEDWEKIASVIRPKIIVIVTTDLATLETDKSILWKLMKLIPPNTILAAAGGYSRKEELKALEGIFDAVMISTSIMRAPDPEAFIRKLLG,0.5
REMWLIMKQVAEDITQMQAENMIPEIRNHLFLQHLSGKYRVKIIAVYMNKAMDGLSANIDHIEYAKTAAKIAAALVILTDEKYFNGSAETLRKIASSVDIPILHWHFIIDPTAIRAAAADKADAVVLIASILDDDQYRQLAAVAHALHLDVVLDITSEEDWEKIASVIRPKIIVIVTQDLDTFKIDKSILWKLMKLIPPNTVVIAASGIKDPRELKDLRGKVNAVIISTSIMKAPDPKAFLEKAEKHSE,0.5
PSAMDAAVAGAREDVAAREARVSFDELKERAARAPPPRDVLAALRAPGVAVIALVARASPSDGAIRPLDPVEAAREYEKGGASAISVITDPRYFGGSLEYLKAIRSAVDLPILCVNWIVDPAQIYLARAYQADAIVLFLSVLDDEQARQLAAVAHSLNMGVIVVVHDEEDLEKVFSVIKPKIIAIDNLDLDTFEVDLNTTEKLLKLIPPDTIVISVGGIYTYQQVRELSHYANGFWIGSALMSEDDLHAAVRRVALGDNKA,0.5
PRYLKGWLRDVVQTALRRPSIEDQPQKPAISIASAIEEAKKRNKPAIIALYTRKSPSGLDVERDPIEYAKFMEKYAVALVVLTDQKYFNGSPEDLKKIASAVSIPILCFDFIVDEYQIYEAYALGADAILLIVAILDDEQLRELYEAAKELGMDVLVDVHTEEELERALRAGAEMIGINNQDLKTLEVDPNTAERLGRLARERGFTGVLVAISGISTAEDIKRLRKAGVDAFLIGSSLMRNPDKAKKFRE,0.5
MEEVLAKIVRDKRIWVEERQQQQPLESFQNTVQPSTRNFYDALQGDKAVFIAVYMRKSPSGLDVERDPIEYAKFMEKYAAGLIVLTDEKYFNGSYEDLRKIASAVSIPILMYDFIVDEYQIFQARALGADAVVLFVAILSEEELKSLLEYARSYGMEPLIDIFDEEDLEIALKIGARLIGVGSMDLKTNRVDLETQKRLISLIPSDVIIVAIGGISEPEQVKELRKLGVDAFIIGSTLMRNPEKIKELTE,0.5
MEEVLAKIVRDKAIWVEARKQQQPIESFRDELQPSTRNFYQALTGDRTAFILPCIKASPSKGLIREDFDPVRIASVYRHYASAIAVLTDEKYFQGSFDFLRQVRAVAPQPVLMFDFIIDEYQIYQAALAGADAVLLIVAILSDEELKHLYEFARSLGMDVLVDVHTEEELERALRLGARVIGIGNTDLRTMEVDPNTAERLGRLARERGFTGVLVAISGIYDPQQLKDLRGYFDAVLVGTSLMRAEDPKKACKEMVAWAE,0.5
PTALDAIVAGAREDLAAREAHVSFDELKERAERAPPPRDVLAAFRAPGVCLILVCLKASPSKGLIREDFDPARIAAVYRHFADAITVLTDEKYFQGSFDFLRIVRNVAPQPIICWDFIIDEAQIYEAKAYGADCILLIAAILDDDQLKHLYEAAKELGMDVEVIVHTEEELERALKAGAEIIGILNRDLKTFEVDRNTFERLGRLARERGFTGVLVALIGVRGPEDLLHYAAAGADAVVVGQGLVTHGDPKQALADLVTAGTHPSCPR,0.5
PSAADAIVAGVREDVAAREAVVSFDEMKERAERAPPPRDALAVLRAPGVAVIAIFLKASPSKGDINPDADPEEIIRIYNKYADAITILTEKDYFKGSPDYIKQARKITNLPIICWDFIIDEYQIYEARAAGADAILLIAAILDDDQMKTLYEAAKELGMECIVDVHTEEELERALRAGAEIIGILNRDLKTFEVDRNTAERLARLARERGFTGVLIAIGGISEPEEIKRLAKLGVDAVLIGETLMKNPDKAQEFRE,1.0
PSVLDDAVAGAREDVAAREARLSFDELKEQAERAPPPRDALAALRAPGVQVIAICLKATPSSGLIREDFDPARIASVYRHYASAITVLTNEKYWQGSFDFIRIVRAVAPQPVLAVDFIVDESQIAEAAAAGADAVELIVAILSPEELASLIEYAQSYGMEPLVIVHTEEEAERALAAGAKVIGVLAWDLKTMEVDPSAFARIADRLPDDVVKVALAGVRGPEDLLAAAAAGADAVLVGLGLVTHGDPRQALADLVTAGTHPSCPR,0.5
MRKLEKILEEAKKFKQSIEYENIQFQEKNKNFLKAMLGSERIRIILLCIKASPSKGLIREDFDPVRIAALYRHYADAIAIITDEKYYQGSFSFLRQVAAVATQPIICVDFILDKSQILQAAAAGADAVWLIVKILSPDQLKSLYEYAESYGMQPLITIHDEEDLEIALRIGAKIIEISSVDLDTFSVDLELQKKLMKLIPPEIVIIALTGITGPEDLMEYAKWGADAVLVGIGLITDGDPRQALADLVTAAQHPSCPS,0.5
MDDADLRNVKGVIAEIAKSVYKDQRPYPLPEPPPGKDYEAAMRRPGVALICLFIKASPSKGDINPDADLEKIIRIYDKYADAIVILTDPHYWKGDDQYIQRAKNYTELPIIRMNWIVTEYQVYEARAHGADAVILVVAALEQEVLESLYELIESLGMVAVVEVHTEEELERALRAGARVIGILNVDMRTMEVDRSVAEHLGRLARKRGFTGVLVTIGGVSSKEEIKRLEKAGVDAILIGDTLMKNPSKAEEFRE,0.5
MEEVLAKIVKDKAIWVEARKQQQPIESFRDELQPSQRNFYQALTGDRTAFIAICLKASPSKGLIREDFDPVRIASVYRHYADAIIVLTDEKYFQGSFDFLRQVAKVVPQPILCFDFIIDPYQIYLARYHQADAILLMLSILNDEQYRQLAAVAHSLNMGVLVDVHDEEDLEKVFSHVRPKIIGISNTDLKTLETDLNTTEKLLKLIPPDTVVVSSSGIYNPEQLKDLRGKVDAVLVGTALMRAEDPKKFCKDMIAAAE,0.5
MDDADLRNVTGELAKIAKTIAKSIRPYPLPEPPPGPSFESALRRPGIAIICLFIKASPSKGDINPNLDLESVIRMYDKYADAIEILTEPHYQKGSPDYIKQARKYTNLPILRWDFIVTEYQIYEARAHGADAILLIVALLEQEVLESLIALIESLGMVPVVIVHTEEEADRALKAGARIIAILTEDLKTGDVDKTLFERIADLLPDEVVRICVGGIYDPQQLKDLRGKADAVLIGEALMRAEDPKKMLQDFLAYAE,0.5
RKYEEIIEEAKKKKQELEEENIQFQPKNHSFLKALLGKERIALICVYARKSPSGLDVERDPIEFAKTAEKYADALAVITDEKFFNGSLEDLRRIRSAVSIPIERLDFIVDPAQIFEAAAHGADAIWLIVAVLGDRLAEFYKIAQELGLDVIVLVHDEEDLEKVFSYCKPKLIAILNRDLDTFEVDLNTTEKLLKLIPPDCVIIVVGGYSTKEQLKSLKGLADAVLIGESLMRAPDIHKAIAELVG,0.5
PSVLDSIVAGAREDAAARRAQVSLDEMKERAAKAPPARDAMAAFRAPGVAVIALVGRASPSEGDIRPLDPVEAARTYEEAGADAITVLTDPRYFGGSLEDLRAIREAVDLPIIRYDFIVDESQILEAKAAGADAVLLIVAILTEEELKHLYEFARSLGMEVIVDIHDEEDLEIALRIGARLIGINSKDLKTNEVDLETQKRLISLIPSDVVIVALSGIYNPQQLKDLRGYVDAVLVGTAIMRAEDPKKFLKEMKAWAE,1.0
MDDADLRNVPGELAKIAKTILADVRPDQLPEPPPIPSFEDALKQPGVALIALYARKSPSGMDVERDPIEYAKMMEKYVTALVVLTDPKYYNGSLEDLQKIRSAVSIPVIRQDFIVTEYQVYEARAHGADLVPLIVALLEEEVLRRLYELIQSLGMVALVLISTEEELKRAIKLGARVVGILNVDERDNSIDLNRTKHLAPQLGPGIIIEALGGIYDPRQLKDLRGLVDAVFIGEALMTAEDPKKTLQEMFKYAK,0.5
PSVLDALVAGAREDVAAREARLSFDELKEQAARAPPPRDALAALRAPGVSVILICLKAQPAKGLIREDFDPVRIASVYRHYASAIAVITDEQYLQGSFDFLRQVSAVAPQPILAIDFVVTPYQIHEARAHGADMVELIAAALEDAQMEELYERTESLGMHALVVVHDEEDLEKVFSHIKPKIIGIWNRDLDTFEVDLNTTEKLLKLIPPDTIVVSIGGIYTYQQVRELSHYANGFLISSALMSEDDLEAAVRRVTLGDNKA,0.5
PTASDDHITNVRKIQAKREAKVSYNDLKAIAASAPPPCDVLAALRSPGLVIIAVLIKASPSTGLILDDFDPKRIAALYRQYAVAIIVATDRSVFQADFNFIRIIAQIAPQPIIAWNYYTHIAQIAWAAAAGADAIVLITATQTEDLLATLHKYAKKYKMDTFVDIFSEEDWEKVASVIRPKIIVIVTTDLDTFKTDKSILWKLMKLIPPNTIIVAVSGISEAEELEELRKLGVNAAVISETLMRNPEKIAELNR,0.0
DAAIIKHVKGEQAEIAKAVYLNIKPKPLAEPPPGRSFEAALRRPGVAIIAIFLKASPSKGDINPDADPEEIIKIYNKYADAITVLTEEHFFKGSPSYIQQARKHTNLPILRWDFIVDERQILEARALGADAILLIVAILTPKALKSLYEYARSLGMEVLVDVHTEEELERALKAGAKIIGILNRDLRTFEVDPNTAERLGRLARERGFTGVLVSIGGIYNPQQLKDLRGYFDAVLVGESLMRAEDPKKFLEEMIAWAE,0.5
MEEVLAKIVRDKKIWVETRKQQQPLESFRDTIQPSTRNFYDALQGDRTAFIALFTKASPSEGDINPDADPVEIIKIYNKYADAIAVLTDEKYFKGSPEYLKEIRKHTNLPLLCIDFIVTPYQIWEARAHGADVVVLYVAALDQDQMRRLLELIHSLGMTALVDIHDEEELEIALRLGARIIAIGNRDLKTNEVDLETAKKLASLIPSDVIIISFSGIYDPRQLKDLRGVYDAFCIGTALMRAEDPHKFLKELIAWIE,0.5
PSVADAAVAGAREDLAAREARLSFDELKEQAARAPPPRDALAALRAPGVAVIAICMKASPSKGLIREDFDPARIASVYRHYASAIAVMTDEKYFQGSFDFLRIVRAVAPQPIEAVDFIIDPAQIYLARAHQADAILLIASVLDDEQARQLAAVAHSLNMGVFILVHDEEDLEKVFSVIKPKIIAILNTDLDTFETDLNTTEKLLKLIPPDTIVITVGGIYDPRQLKDLRGKVDAVFVGESLMRAEDPKKFLKEMIAWAE,0.5
MEEVLAKIVRDKKIWVEERKQQQPLESFRDKVQPSTRNFYDALQGDKTAFILVCLKASPSKGLIREDFDPVRIAAVYRHYANAITVLTDEKYFQGSFDFLRQVSQVAPQPILCFDFIVDEWQLYLAALFGAAAILLIVAILGDRTKEFIDMARELGLDVLVDVHDEEDLEKVFSYCRPKIIGVVNTDWRTMETDLNTTEKLAKLIPPDTIVIAISGISEPEQVKRLRKAGVDGVLIGSTFARNPDKAAEAKE,0.5
SRADLTNVPGAVGEFARARASVIVPHPVPCPPKVPSFYEALLRPGAAIIALFTRASPSKGDINAHANLEAFIRWYAELADAISIMTEKHYNKGDPAFIKHARNLVSFPILRFDFVDDPFMLYAARAFGAAAIVLIVALTGHRTGEYLEIAARYDLDVLIDITSEEDWEKVASVARPPIWVIVTTDLATFETDKSILWKLMKLIPPNTVILVVGGIYVAAIIEEQASGADGFIISEALMAHDDLHSALRRLLEANQNR,0.0
PSVLDEIIAAARKDAAARRAQVSLDELKEQAERAPPPRDAMAAFRAPGCAVILLCEKASPSKGLIREDFDPVRIASVYRHYADAIYVITDEKYFQGSFDFLRQVSAVVPQPIYCYDFIVDEYQIAEARAAGADAVLLIVAALSEEELKSLYEYARSLGMDVLVDIHDEEDLEKVLSVIRPKLIGIVNTDWKTFETDLNTTEKLAKLIPPDTILVAISGISEPEQIKRMRKAGVDAVLIGSTFARNPDKAAEAKE,0.5
PSVLDAIVAGVRADVAAREARVSFDELKRRAERAPPPRDVLAALRAPGVSLICVFLKASPSKGDINPDADPEEIIKIYNKYADAITVLTEKDYFKGSPDYLKQARKATNLPIIRWDFIIDEIQIYEARAAGADAILLIAAILDKDQIKELYETAKELGMDVEVVVHDEEDLRKVFSVIKPKIIAIINQDLDTFRVDLNTTEKLLKLIPPDTIVVCIGGIYTYNQVRELSRYANGFVISSALMSEDDLEAAVRRVLLGDNKV,0.5
PTALDDHNTDARKEQARREAKVSYNDFVAIAALAPPPCDIMAVLRSPGIAIIALFKRASPSKGDINAHANLEKFIRWYDEFADAIQIMTEKHYFKGDPAFIRHARNLTNRPIIMFNYITHEAQIATAAAVGADAVILITASLTDDELRTLIEYAKKYKMDTMVDVHTEEEAKRALKAGVKVICVVPVVIWTDEVDEEALKKIARNLPPEVIIILVSGINVAAIVEELAHHADALVISDAIMAHDDIHSALAKVMKHNQNR,0.5
GSVLDEILAGVREDLAARKAVVSFDEIKERAARAPPPLDVMAALRAPGVGVIALFTKASPSKGDINPDADPEEIIRAYNDYADAIVVATEERFNKGSPEYLKQARKVTNLPIIRWDFIIDEYQIYEARAAGADAILLIAACLDDEQMKRLYETARNLGMDVWVDIHDEEDLEKALKAGARVIGVVSKDLKTNSVDLETTKRLISLIPSDVIIIAMFGVRGPEDLLAFAAWGADAVLVGDGLVTHGDPRQAVADLVTAGTHPSCPR,0.5
GSVLDEILDGVRKDVAAREALVSFDEIKERAARAPPPLDVMAALRAPGVGVIAWFTKASPSKGDINPDADPAEIIKAYNEYADAITVTTEERFFKGSPEYLKEARKITNLPILRFDFIIDEYQIYEARAAGADAILLIAACLDDEQMKRLYEAARELGMDVWVDVHTEEELERALRAGAEVIMILNFDQRTAEVDLNTFERLGRLARERGFTGVLIAAGGVRGPEDLLHYAAAGADAVLVGDGLVTHGDPRQAVADLVTAGTHPSCPR,0.5
MDLPDLRNIPGEVAKIAKAVKKSLRPYPLPEPPPVRSVEEALRRPGVAIVALFLKASPSKGDINPDADPAKIIKIYDKYVDAIAILTEKHYHKGDMSYIQKARQYTNLPIIRQDFIVDPYQLYEARAHGASAILLIVRLLGDKLEDFIKLAHELGMDVFTLISTEEEMKRAIALGAKIVAILNIDYRDNSIDLNRTKHLAPQLGPGVVIEAVGGIYDPRQLKNLRGKVDAVLVGEALMRAEDPKAFLAEMLKCAE,0.5
PSVMDAIIAGVREDVAAREARLSFDEIKEQAERAPPPRDGLAALRAPGVGVIAWVMRASPSEGAIRPLDPVEAARTYEEAGASAIFVLTDPRYFGGSDEDLKAVRSAVDLPILCVNFIVDPAQIYLARAHQADAIVLIASVLDDEQYRQLAAVAHSLNMGVFVDVHTEEEAERALQAGAKVIAVLARDLKTFEVDRSAFARIADLLPDDVVRVAIGGIRGPEDLLAAAAWGADAVLVGEGLVTHGDPRQALADLATAGTHPSCPR,0.5
PSVADAIVAAVREDVAARKAQVSFDELKARAAKAPPPRDVLAALRAPGVGIIALFLKASPSKGDINPDADPEEILKIYNKYADAIDVLTEKKYFKGSPEYIKQARKVTDLPILCWNWIVDPAQIYLARAYHADAIVLLLSVLDDEQARQLAAVAHSLNMGVLVFIHDEEELEIALRIGARLIGILSRDLKTFEVDLETQKKLISLIPSDVIVVAIGGISEPEQIKELAKAGVDAVLIGETLMKNPDKIQEFTE,0.5
PSVLDEIIAGVREDAAARAAQVSLDELKERAARAPPPRDVMAAFRAPGVAVILVCLKASPSKGLIREDFDPARIAAVYRHYANAIVVLTDEKYFQGSFDFLRIVSSQAPQPIICYDFIVTPYQIYEARAHGADLVLLIVAALDQEQLRSLLELVHSLGMTAVVDIFDEEDLEKVLSHVRPKIIGITNTDYKTFETDLNTTEKLAKLIPPDTIVISFSGIYTYQQVRELSHYANGFLIGSALMAEDDLEAAVRRVLLGDNKI,0.5
MEEVLAKIVKDKAIWVEARKQQQPLESFRDSIQPSQRNFYQALTGDRTAFIAVYTRKSPSGLDVERDPIEYAKTMEKYAAALIVVTDEKYFNGSLEDLRKIRSAVSIPILRWDFIIDEWQIYEAAAAGADAIVLLAAILDDDQLKELYEAAKALGMDCLVDVHTEEELERALKAGAEVIGIINMDLRTMEVDRNTAERLGRLARERGFTGVLVAISGISTPEDLKRLKKAGFDAAIIGSSLMRNPDKAEEFIE,0.5
MIRELKGWLKEVAEMAKNRPPFDAQREKPVISLASRILEAKKRGKLALICLYVRKSPSGLDVERDPIEFAKLMEKYAVALAVLTDEKFYKGSLEDLRRIRSAVDIPIIMVDFIVDESQIYEAYAAGADAILLIVSILTDDELKRLYEYARSYGMEPIIIVHTEEEADRALKAGAKIIAINAQDWRTGDVDQSLFERIADRLPDEVIKEAVGGISEPEQLKRLRKLGVDAVFIGETLMRNPSKIEKFRE,0.5
MEEVLARIVKDKEIWVETRKQQQPLESFRDKLQPSTRNFYQALTGDRTAFIAVYLRKSPSGLDVERDPIEYAKTMEKYADALVVLTDEKYFNGSLEDLRKIRSAVSIPILRFDFIVDSYQIWEARAHGADAVVLIVAALDDEQLRELYERIESLGMTAHVDVHTEEELERALKLGARIIGIVNTDLRTMEVDRNTAERLGRLARERGFTGVLVAISGIHEPEEVERLRKAGVDAVIIGSTLMRNPDKAKEFKE,0.5
RKEEEIIEAAKKKKQELLEENIQFQRRNHAFLKALLGKERVKLIADILKASPSKGDINPDFDLEEIIRIYNKYADAITVLTEEDFFKGSPEYLQQARKITNLPILRWDFVVDPAQIWEAAAHGADAILLIVRVAGDRTAEFYKLASELGLDVLVLVHDEEDLEKVFSYLKPKIIAIINRDLDTFEVDLNTTEKLLKLIPPDCIVIAIVGVRGPEDLLRYAAQGADAVVVGEGLVTHGDPRQALADLVTAGTHPSCPR,0.5
PRELKGWLKEVVQRAKRRPSIEAQRKKPIISLASRILEARKRGKLAIICIVIKASPSKGDINPDADPEEIIKIYNKYAAAITVLTEEDFFKGSPEYLKQARKITDLPLLCWDFIVDEKQIYEAYALGADCILLIAAILDDEQIKKLYEAAKELGMDVLVDVHDEEDLEKVFSVIKPKIIAILNRDLKTFEVDLNTTEKLLKLIPPDTIVVAIGGYSTKEQLKSLEGLADAVLIGESLMRAPDIAAALRELIG,0.5
GRPDLTNVPGLLGEFARARASVIIPHPVPCPPKVSSFYEALLRPGLALILVIIKASPSEGLIRDDFDPRRIAALYRQYAAAIIVATDRQVFQGDNNFLRIIAQIAPQPIGAFDFIVDPFMLYAFRAFGAAVVVLIVALLGELTGEYLEIAARYDLDVLIDITSEEDWQKVASVARPKIIVIVTMDLATMTIDKSILWKLMKLIPPNMVIILAGGIEDPRELKDLRGKVNAVIVSTSIMKAEDPRAFLEEMEKHAH,0.0
DHPSTGWLKDVILMAKHMPMFIDEVEKPIRKLAETILEFNKRNITAIIALYTNKAPDGLSTNMHHQEYALTAAKYAAALVIITDEKYFNGSYETLRKIASSVDIPLIHWHFIVDPALIVAAFAANATAIVLILSILDDDQYRKLAAVAHALDMDVLVDVTTEEQAKRALKLGAKVIVVVPLVSDTGEADEEAIKKIARNLPPEVLIIVAGGIHNAEDLKKAMAAGAHAVIIGHGLVTNGDPRAAFIRLFLAGTDPSCPY,0.5
MPSALDEIISGVRQDVAARESKVSFDEMKERAERAPPTLDVLAALRAPGIALICLYIRKSPSGLDVERDPIEWAKIAEKYAAALVVLTDEKHHNGSLEDLKKIRSTVTIPVIMADFIIDEYQIYEARAMGADAILLIVAILDDEQLKKLYETAKKLGMDVIVLVHTEEELERALRLGAEIIGILNIDLRTFEVDRSVAEHLGRLARKQGFTGVLEAVGGYSTPEELKSLRGIFDAVFIGESIMRAPDIEDKIRKLVG,0.5
PSALDALIAGVREDVAAREADVSFDEIKEQAERAPPPRDALAALRAPGVGVILICLKASPSKGLIREDFDPLRIASVYRHYASAIAVVTDEKYFQGSFDFLRIVRAVVPQPILCVDFIVTPYQIHEARAHGADLVWLIVAALEQEQLEELYERVESLGMHALVVVHTEEELERALRAGAEIIGIDNIDLHTFEVDPNTTERLARLARERGFTGVLISIGGIYNPQQLKDLRGYVDAVLVGESLMRAEDPKKFLKEMIAWSE,0.5
DLPSDGWLKNVILAAAHRPMLIDELKRPIRKLAETILEFNKRNITAIIAVIIKASPSTGLIRDDFDPVRIAALYAQYAAAIAVAADEKAFQAAPYFIRIIAQIAPQPIIKWDFVTNPEMLEAAWRLGAAAIVIIVALTGHRTGEYLEIARRLDLEVLVDIYSEEDWEKVASVARPKVWVIVTTDPETFETDKSIVWKLLKLIPPNTVKLLVSGTNVARIAIEQAHCVDGFFISSALMAHDDLHAAMAKIARANKNA,0.0
MDRPDLRNVKGEIAEIAKQILKDLRPSPIAPPPPGLDFEAALRKPGVSILAMVYRASPSQGNIKPLDPVQQAQTYEKAGADAIVVLTDPKYWGGSMEDLKKIAQAVSLPIECVDFIVDPWQIYLARHYQADAILLMLSILSDETYKQLASVAHALNMGVIVIVHTEEEAERALKLGARVIAILAQDWKTGKIDRSAFERIAGRLPDEVVRIAAAGITGPEDLLHYAAAGADAIFVGIGLITDGDPRQAIADLVTAAFHPSCPK,0.5
MEEVLAKIVKDKRIWVEARKQQQPLESFQNEVQPSTRNFYQALQGDKTAFILVCIKASPSKGLIREDFDPARIAAVYRHYADAIAVLTDEKYFQGSLDFLRIVSAVAPQPILCYDYIVDSYQIHQARAYGADAVLLLVAALDQDQLRELLERVHSLGMTAVVDVHTEEELERALRAGAEVIGINNTDYKTMEVDPNTAERLGRLARERGFSGVLISISGIYTYQQVRELSHYADGFLIGSALMAEDDLEAAVRRVLLGDNKI,0.5
PSALDAIIAGIREDLAAREARVSFDELKEQAERAPPPRDAMAVLRAPGVAVIAIFIKASPSKGDINPDADPEEILRIYNKYADAITVLTEKDYFKGSPEYLQQARKVTNLPIECVDFIVTPYQIYEARAHGADMVWLIVAALEQEQLEELYERVESLGMHAIVTVHTEEELERALRAGAEIIGILNTDLRTFEVDLNTAERLGRLARERGFTGVLIVIGGYSTPEELKSLEGIFDAVLIGESLMRAPDIAAAIRELIG,1.0
PRYAEGWLKIVIQHALRRPSIEAQRDRPIINLAERILEANKRNKVAIIALFTKASPSKGDINPDADPEEIIKIYNKYADAISVLTEEKFNKGSPEYIRQARQATNLPILMWDFIVKEIQIYDAYALGADCVLLIVAILTEEELKSLYEYAKSYGMDPLVDIHDEEDLRQVLSALRPKLIGINNTDLKTFQTDLNTTKKLAKLIPPDTIIVAISGISSKEEIERLRKLGVNAFLIGETLMKNPEKAKEFKE,0.5
PSALDAAVAGAREDLAAREARVSFDEMKERAERAPPPRDALAALRAPGVGVIAVVARASPSEGAIRPLDPVEAARAYEQAGASAISVITDPKYFGGSFEDLKAVRSAVDLPIEAVDFIIDEAQIYEAKAAGADAILLIAKILDKEQIKELYEAAKELGMDVIVLISNEEEMERAIALGAKVVAILNRDLRDLSIDLNRTRQLAPQLGHGVIVISVGGIYTYQQARELSHYANAFYIGSALMSEDDLEAAARRVALGDNKA,1.0
DEAILKHVKGALAAIAKAVKEQLKPKPLPEPPPGRSFEAALRQPGIAIIAMFVKASPSKGDINPDADPEEIIRIYNKYADAIEVLTEEHYFKGSPDYIKQARKVTNLPILRWDFIVHEWQIYEAAAAGADAILLIAAILTDKALKDLYEAARELGMDCLVVIHDEEELERALRAGARIIGILSQDLHTFEVDLETFEKLISMIPPDIIIVAVWGIYDPRQLKDLRGYVDAVLVGESLMRAEDPKKFLAEMIAWAK,0.5
METVLAKIVRDKAIWVEARKQQQPLESFRDKLQPSTRNFYQALTGDRTAFIAWVGRASPSEGNIRELDPVEAARTYEEAGADAITVLTDPKYFGGSDEILKAVRSAVDLPILCFDFIIDPWQIYLARYYQADAVTLILSILDDEQYRQLAAVAHSLNMGVLVDVHTEEELERALRAGAEVIGIGNTDYRTLEVDRNTAERLGRLARERGFTGVLVAIGGISEPEELKRLKKAGVDAVLIGSTLMRNPDKIKEFRE,0.5
MEEVLAKIVKDKAIWIEERKQQQPLESFRDSIQPSTRNFYDALTGDRTAFILECIKASPSKGLIREDFDPARIAAVYRHYASAIAVLTDEKYFQGSFDFLRIVRSQVPQPILCFDFIIDPIQIYLAAAYGADAILLIVAILDDEQMKELYELARELGMDVLVTVFDEEDLEKVFSVMRPKIIGIANTDLRTMEVDLNTTEKLAKLIPPDTILIAWGGVRGPEDLLRAAAWGADAVLVGQGLVTDGDPRQAVADLVTAGSHPSCPR,0.0
PSVLDAIVAGAREDMAAREARLSFDELKEQAARAPPPRDALAALRAPGVAVIAMFIKASPSKGDINPNADPEEVIRIYNKYADAIAVITEKDYFKGSPEYIQQARKATNLPILAIDFVVDAYQIHEARAHGADLVLLIAAALEDAQLEELIERVHSLGMVAIVTVHTEEEAERALAAGAKVIAVFAMDFKTAEVDREAFARIADRLPDDVVRIAVVGIRGPEDLLAAAAWGADAVEVGDGLVTHGDPRQALADLVTAGTHPSCPR,0.5
PSAMDAIVAGAREDVAAREARLSFDELKEQAARAPPPRDALAALRAPGVQVILVCQKASPSHGLIREDFDPVRIASVYRHYASAIAVITDEKYFQGSFDFIRQVSAVAPQPILAVDFIVTPYQIHEARAHGADMVWLIVAALEDAQLEELYERVESLGMHALITVHDEEDLEKVFSHIKPKIIAIDNVDLDTFEVDLNTTEKLLKLIPPDTIVISVGGIYTYQQVRELSHYANGFIISSALMSEDDLEAAVRRVTLGDNKA,0.5
MPSVLDAILSGVLEDVAARKAKVSLEELKERAKRAPPPLDALAVLLAPGIAIICIIVKASPSKGDINPDADPEKIARIYDKYADAIIVLTEERYWKGSLSYIQRIRSTTNLPIICWDFIIEPYQIYEARAHGADLVILIVSALDEEQLRRLYELIESLGMVAIVDISTEEEMKRALALGAKVIAIINIDQRDFSIDLNRTKHLAPQLGPGVIIIAIGGIYDPRQLKDLRGLVDAVLVGEALMRAEDPKKFLQDLLAYAH,0.5
IHPNTGWLKYVILAALHCPKFIDEMERPIRKLCEVILEFNKRNITAIIAVCMKASFSKGLIVDDFDPRRIAALYRQYAAAIAVMADEIIFQAAPLFIRIIAQIAPQPILMLDFIVKEEQIERAYAAGADAIVLITEIQTEDLLKTLIKFAKKFDMVPMIEVHTERDLEIAIRAGAKVLAIWNMDQKTMRENVETARDLGRLARKRGFNGVLVAISGISEAEQLEELRKLGVNAFMISETLLKNPEKIKELNR,0.5
PSVLDEIIAGVREDVAARAAQVSLDELKERAARAPPPRDAMAAFRAPGVAVLLVCLKASPSKGLIREDFDPARIAAVYRHYADAIVVLTDEKYFQGSFDFLHIVSQVAPQPILCADFIVDEYQVHEARAHGADMVLLMVALLDQDQLRSLLELIHSLGMTAIVDVHDEEELERALRAGARVIGINNTDLKTNEVDLETTKKLASLIPSDVIIISWSGIYDPRQLKDLRGYFDGFLIGTALMRAEDPKKFLRELKAYAE,0.5
MKKLEKIIEAAKKKKQELEEENIQPQMKNHNFLKALLGKEKIRIILLCIKASPSKGLIRDDFDPLRIAAIYRHYADAITVLTDEKYGQGSFSFIRLVAAVAPQPIICWDFIIDKIQILQAAAAGADAILLIVSILSDDQLKELYETAKKLGMDVETLISTEEEMKRALKLGAKIIAILNVDLRDFSIDLNRTKHLAPQLGPGIIVIAVGGIYDPRQLKDLRGLVNAVLVGAAIMQAEDPKKFLADLLKYAE,0.5
PSVLDEIIAGAREDVAARRAQVSLDELKEQAARAPPPRDAMAAFRAPGCAVILVCLKASPSKGLIREDFDPVRIASVYRHYADAIVVLTDEKYFQGSFDFLRQVSQVAPQPILCYDFIVDEYQVWEARAHGADMVLLIVAALDQDQLRSLLELIHSLGMTALVDVHTEEELERALKAGAEVIGINNMDYRTMEVDLNTAERLGRLARERGFSGVLVAISGISEPEQIKRLRKAGVDAVLIGATFVRNPDKAAEAKE,0.5
MPSVLDAIVSGAREDARAREAKVPLDELRERAKRAPPPRDVLAALLKPGVAIILLCVKASPSKGLIRDDFDPVRIAAIYRHYADAIAVLTDEKYYQGSLSFLRQVRAVAPQPILCVDFIIDESQIYQAKAYGADAVWLIVAILSPDQLKKLYEIAKSLGMDPIITVHDEEDLEKVFSVIRPKIIEIVNTDLDTWSTDLNTTEKLLKLIPPETIIIAVGGIEDPRQLKDLRGKVDAVLVGVSIMRAEDPKKFLADMLAYAK,0.5
DRPILKHVKGEAAKIAKAVAENQKPKPLPEPPPIRSFEAALRQPGVAIIAIYARKSPSGMDVERDPIEYAKTMEKYAAALAVITDEKFFNGSLEDLRKIRSAVDIPIERLDFIVDPYQIEEARAHGASAIWLIVAILGDRIKEFYEYARELGLDVLVLVHDEEDLEKVFSHCKPKIIAILNQDLHTFEVDLNTTEKLLKLIPPDCVIICVGGIYDPRQLKDLRGKVDAVLIGEAIMRAEDPKKFLKEMFAYSQ,0.5
PSAMDAAVAGAREDMAAREARLSFDELKEQAERAPPPRDALAALRAPGVQVIALVARASPSQGNIRPLDPVEQAKEYEKAGASAISVITDPRYFGGSDEDFKAIRSAVDLPIEAVDFIVDPAQIYLARAYQADAVLLLLSVLDAEQARQLAAVAHSLNMGVVVVISNEEEMERAIALGAKVVAILNRDLRDLSIDLNRTRQLAPQLGHGVIVISAGGIKEPEQIKRMAKLGVDAVWIGETLVRNPDKIKEFKE,1.0
PRELKGWLKEVVQIAKRRPSLEAQRKKPIISLASRILELRKRGKLAIIALYMRKSPSGLDVERDPIEYAKTMEKYAVALAVITDEKFFNGSLEDLKKIRSAVDIPILRVDFIVDEKQIYEAYALGADAIWLIAAILDKDEIKELYEIAKSLGMDVLVLVHDEEDLEKVFSVIKPKVIAIDNRDLKTFSVDLNTTEKLLKLIPPDCVIVAVGGISEPEQLERLRKLGVDAVLIGETLMRNPDKIKKFQE,0.5
GRPDLTNVPGLLGEFARARASVIIPHPVPCPPKVPSFYEALLRPGLALILVILKASPSEGLIRDDFDPRRIAALYRQYAAAIIVATDRQVFQGDNNFLRIIAQIAPQPIGAWDFILDPFMLYAFRAFGAAVVVLIVNLLGHLTGEYLEIAARYDLDVLIDITSEEDFQKVASVARPKIWVIVTMDLTTMTIDKSILWKLMKLIPPNMVIILAGGIKDPRELKDLRGKVNAVIVSTSIMKAEDPRAFLEEMEKHAH,0.0
RKEEEIIEAQKKKKQELLEENIQFQRKNHSFLKALLSKERLKIIAVFVKASPSKGDINPNADPEEIIRIYNKYADAIEVATDEDFFKGSPEYLQQARKATNLPILAWDFIIDPAQIYLAAHYQADAVVLILSVLDAEQYRQLAAVAHSLNMGVLVVVHDEEDLEKVFSVIKPKIIAILNRDLDTFEVDLNTTEKLLKLIPPDTIVVAIGGYSTKEQLKSLKGLFDAVLIGESLMRAPDIAAAIRELIG,0.5
PSVLDSIVAGAREDAAARRAAISLDELKARARKAPPARDVLAALRAPGVAVILVCLKASPSKGLIREDFDPVRIASVYRHYADAIVVLTDEKYFQGSYDFLRQVSAVVPQPIICFDFIVDEVQIAQAKLAGADAVLLIVAILTDEELKRLYEYARSLGMEVIVDVHTEEELEKALRLGARIIGINNTDLHTMEVDPNTAERLGRLARERGFTGVLIAHSGIYDPRQLKDLRGYFDAVLVGTALMRAEDPKKFLKEMLAWAE,0.5
MARELKGWLKEVVDRAKNRPTIETERKKPVISLASRILEIKKRGKLAIIALIVKASPSKGDINPNADPVKIAKIYSKYAAAIAILTERDFHKGSPSYIQEIRQHTDLPLICVDFIVDERQILEAYALGADAILLIVAILTEDELKHLYKAAKKLGMDVIIDVHTEEEADRALKVGAKMIAVNALDYRTGEVDMSAFERIIDRLPDEVVKITVGGISEPEQLKELRKLGVDAVFIGETLMRNPSKIQEFIK,0.5
MEEVLAKIVKDKAKWVEARKQQQPLESFRDEVQPSTRNFYQALQGDRTKFIALYLRKSPSGLDVERDPIEYAKEMEKYAAALVVLTDEKYFNGSYEDLRKIASAVNIPILCWDFIIDEIQIYQAAAAGADAILLIAAILDDEQLKELYEAARELGMDCLVDVFTEEELERALRAGARIIGIGNMDLKTMEVDLNTAERLGRLARERGFSGVLVAISGISEPEQIERLRKAGVDAVLIGSTFVKNPEKAKELKE,1.0
PRELKGWLKDVVQLALRRPSIEAQRDKPIINLAERILEANKRNKVAIIALFTKASPSKGDINPDADPAEIIKIYNKYADAIWVTTEEAFNKGSPEYIREARQHTNLPIMMFDFIVKEFQIYDAYALGADAVLLIVAILTDEELKRLLEYARSYGMEPLVDVHTEEELERALRAGARIIGIGNVDNKTARVDRNTAKRLGRLARERGFSGVLVALLGISEPEEIEELRKAGVNAFLIGETLMKNPEKAKEFKE,0.5
PSVLDAIIAGVREDVAARKAKVSFDELKERAARAPPPRDVLAALRAPGVAVIAIFLKASPSKGDINPDADPEEIIKIYNKYADAITVLTERRYFKGSPEYIQQARKFTNLPILRWDFIVDPAQIYEAKAHGADAILLIVAVLGDRLKEFLKLARELGLHVLVDIHDEEELEIALRCGARLIGILNVDLKTFRVDLETFKKLISMIPPDVIRVAIGGIKNPQQLKDLRGYVDAVLVGEALMRAEDPEKFLKEMRAYAE,0.5
RKEEEIIEAAKKKKQELDEENIQPTRKNHDFLKALLGKERIRIIALFLKASPSKGDINPDADPEEIIRIYNKYADAITVLTEEDFFKGSPDYIKQARKITNLPILRWDFIIDERQILEAAALGADAVLLIVAILTDEQLKSLYEYARSLGMTVETVVSNEEEMKRAIALGAKIIAILNRDLRNMSIDLNRTRQLASQLGPGVVVIAILGIRGPEDLLAAAAAGADAVVVGEGLVTHGDPRQALADLVTAGTHPSCPR,0.5
MEEVLAKIVKDKKKWVEARKQQKPLESFQNTVQPSTRNFYDALQGDKTAFILVCLKASPSKGLIREDFDPARIASVYRHYASAIVVLTDEKYFQGSFDFLRIVSQVAPQPILCFDYIVEPYQIHLARAHGADAVLLMVAALDQDQLRSLLELIHSLGMTALTDVSNEEEAERAIALGAKVIGILNIDLRDLSIDLNRTRQLAPKLGPGVTVISLSGIYNPQQLKDLRGYVDGFLIGTALMRAEDPEKAAREFKAWAE,0.5
DPPILKHVKGVAAEIAKAVKDKQKPKPLPEPPPVRSFEAALRQPGLAIIAIFLKASPSKGDINPDADPEEIIRIYNKYADAITVLTEEDYFKGSPSYIQQARKITNLPILRWDFIVDPYQIYEARVHGASAILLIVAVLGDRLREFIEYARELGLDVLVDVHTQEEAERALAAGAKIIAVLAKDLKTAEVDRSAFDRIADRLPDDVVRVAIGGIYDPRQLKDLRGKFDAVLVGEALMRAEDPKKFLEEMIAWAK,0.5
DNPIVKHVKGEIAAIVKAVLAELKPDQLPEPPPVRSFEAALRKPGVSIICDYARKSPSGMDVERDPIEYAKTAEKYAAALAVLTDEKYFNGSLEDLRKIRSAVDIPVIRLDFIVDPYQIYEARAHGASAIWLIVAVAGDKLKDFYEYARELGLHVIVVVHTEEELERALRAGADIIGILNVDLRTFEVDPNTAMRLGRLARERGFTGLLICIGGIYTYQQVRELSQYADGAVISSALMSQDDLEAALRRVLLGDNKV,0.5
MDQPDLRNVKGEEAKIAKTVKKKLRPKPLEPPPPGRDFEAALRRPGVAIICVYLRKSPSGLDVERDPIEWAKMAEKYAAALAVLTDEDYYNGSLEDLKKIASAVDIPVECMNFIVDPWQIYLARHYQADAIVLILSILSDEAYRQLASVAHALNMGVIVVVHTEEEAERALKLGARIIAIVTLDPKTGDVDRSTFARIADRLPDEVVRICYGGIKDPQELKDLRGKFDAVLVGEALMRAEDPEKFLQDMVKYSQ,0.5
PSAMDAIVAGIREDVAAREARVSFDEAKERAARAPPPRDALAALRAPGVRVIAVVARASPSEGAIRPLDPVEAAREYEKAGASAICVLTDPHFFGGSPEYLKAIRSAVDLPIICFDFIVDPAQIYLARAYQADAIVLIASVLDDEQARQLAAVAHSLNMGVIVDVHDEEDLEKVFSVIKPKIIAILNQDLDTFEVDLNTTEKLLKLIPPDTIVIAVGGIYTYQQVRELSHYANGFFISSALMSEDDLHAAVRRVALGDNKA,0.5
DEAILKHVKGALAEAAKQVALDQKPDQAAEPPPGRSFEAALRRPGVAIIAVYIRKSPSGLDVERDPIEYAKTAEKYAAALAVLTDEKYFNGSLEDLRKIRSAVDIPVERVDFIVDEYQILEAAAAGADCVLLIVAILTPKALASLYEYARSYGMDVIVLVHTEEELERALRLGAKIIGILNQDLRTFEVDRNTFERLGRLARERGFTGVLIATLGARGPEDLLHYAAAGADAVYVGQGLVTHGDPRQALADLATAGTHPSCPR,0.5
RKLEEIIEAMKKKRQEIPEENIQPQRSNHAFYKALLGKERLKIILICLKASPSKGLIREDFDPVRIASVYRHYADAITVLTDEKYFQGSFDFLRQVAAVAPQPILCWDFIIDPAQIYLAAHHQADAVVLILSVLSDEQYRQLAAVAHSLNMGVVVDVHDEEDLRKVFSVLKPKIIAILNRDLDTFEVDLNTTEKLLKLIPPDTIVIAVGGYSTPEQLKSLEGLADAVLIGESLMTAPDIAAKLRELVG,0.5
MDAADLRNVKGLLAKIAKTIYKKLRPYPLPEPPPGRDFEAALRRPGVAIICAYARKSPSGLDVERDPIEWAKLMEKYAAALAVLTDEDYYNGSLEDLQKIRSAVDIPVERVDFIVTEYQVYEARAHGADVVLLIVAALEEEALRSLYELIQSLGMVAIVLIHDEEDLEIALRAGAQMIGIVAQDKRTQQVDLETFKRLISLIPPEIIIIAVGGVSEPEQLKELAKLGVDAVYIGETLMRNPEKIKEFHK,0.5
PRSLEGWLKEVVQRAMRRPSYEAQRKKPIISLASRILEAKKRGKIAIIAIFLKASPSKGDINPDADPEEIIRIYNKYVDAITVLTEEDFFKGSPEYIKQARKATDLPIIRWDFIVDPYQLYEAAAIGADVVLLIVAVLGDRTAEFYKYAKELGLDVEVLVHDEEDLEKVFSYCKPKVIAILNEDLKTFKVDLNTTEKLLKLIPPDCVIIAIGGIYDPRQLKDLRGKVDAVLIGEAIMRAEDPKKFLREMIAWAE,0.5
MEEVLAKIVRDKAIWVEARKQQKPIESFRDTVQPSTRNFYQALTGDRTAFIALYLRKSPSGLDVERDPIEYAKTMEKYAAALIIVTDEKYFNGSLEDLRKIRSAVSIPILRWDFIIDEWQIYEAALAGADCVLLIVAILDDEELKSLYEIARSLGMDVLVDVHTEEELERALKAGAKVIGINNTDLRTMEVDRNTAERLGRLARERGFTGVLVAISGIYNPQELKDLRGYFDAVLIGTSLMRAEDPKKALKELVAWAE,0.5
MEEVLAKIVKDKAIWVEARKQQQPLESFQNKVQPSTRNFYDALQGDRTAFIALYLRKSPSGLDVERDPIEYAKIMEKYAAALIVLTDEKYFNGSFEDLRKIASAVNIPILRWDFIIDEYQIWQAAYYGADAILLIAAILDDEQLKELYEIARELGMDVIVDVHTEEELERALKAGARVIGIGNMDYKTMEVDLNTSERLGRLARERGFSGVLISFSGIYNPQQLKDLRGKFDGVLIGTALMRAEDPKKKAAEMVAWAE,0.5
RKLEEIIEAAKKKKQELPEENIQFQLKNHAFLKALLGKERIKIIAIFLKASPSKGDINPDADPEEIIRIYNKYVDAITVLTDEDFFKGSPEYIKQARKATNLPILRWDFIIDESQILEAAALGADAILLIVAILSPEQLKSLYEYARSYGMEPIIDVHDEEDLEKVFSVIKPKIIAIINRDLDTFEVDLNTTEKLLKLIPPDTIVIAVGGIYDPRQLKDLRGKVNAVLVGEALMRAEDPKKFLKEMIAYAE,0.5
MPSVMDSIVSGAKQDMSAREAKISFDELKELAERAPPPLDVMAHLRAPGLQIICVYVRKSPSGLDVERDPIEWAKMVEKYAVALVILTDEKYYNGSLEDLKKIRSAVNIPIICADFIVDESQILQAKVAGADAVWLIVAILSPDQLKRLIEFARSLGMQPLIMVHTEEEADRALKAGARVIEINAQDIHTGDVDQSAFERIADLLPDEVVRICVGGIKDPQQLKDLRGKADAVLVGEALMRAEDPKKFLQDMLKYAH,0.5
HHPSTGWLKTVALLAAHRPKFIDEMEKPIRKLLEAVLEANKRNITAIIALFTRATPSEGDINAHANLEKFIRMYAELARAISIMTEKHYNKGDPAFIKHARNLTNRPIIMFDFIIHEDQIESAYNVGADLIVLIMSLLTDDLLATLIKYAKKYKMVPLIDVHTEEEAKRALKIGVKVIVVVPIVLDTGDVDEEAIEKIARNLPPEVQIIAAGGIKDPRELKDLRGKVNAVIVGTSIMKAEDPRAFLEKMRKHSH,0.5
PSALDAIVAGAREDLAAREARLSFDELKEQAARAPPPRDALAALRAPGVSVIADYMRKSPSGVDVERDPIEYAKTAEKYAAALAVLTDEKWFNGSLEDLRKIASAVSIPVIAVDFIVDPAQIYLARAYQADAIWLILSVLDDEQARQLAAVAHSLNMGVLVVIHDEEDLEIALRIGARLIGILSRDLKTFEMDLETTKKLISMIPPDVIIITIGGIYTYQQVRELSHYANGFIISSALMSEDDAEAAIRRVALGDNKA,0.5
PSIMDAIVAGVREDVAAREARLSFDELKEQAERAPPPRDALAALRAPGVSVIAVVTRASPTAGAIRPLDPVEAARIAEEGGASAIAVLTDPKYFGGSDEYLKAIRSAVDLPILCINMIVDPAQIYLARAHQADAIILIASVLDDEQYRQLAAVAHSLNMGVLVIVHTEEEAERALAAGAKVIGVLARDWKTAEVDRSAFARIADRLPDDVVRISEGGIYTYQQARELSHYANGFLIGSALMSEDDLEAAVRRVALGDNKA,0.5
MDQPDLRHVPGEQAEIAKTIKKSLRPKPLPPPPPGPSVESALRRPGIAIICLFIKASPSKGDINPDADLESIIRMYDKYADAIVILTEPHYGKGSLEYIKKARNYTNLPIIRQDFIVDESQIYEAKAAGADAVLLIVSILEPKALKDLYEYARSYGMDPYTLISTEEEMKRALALGAKIIAILNIDLRDNSIDLNRTKHLAPQLGPGIVIEAVGGIYNPQQLKDLRGLVDAVLIGEAIMRAEDPKKFLQDLLKYAE,0.5
MEEVLAKIVRDKAIWVEARKQQQPIESFRDELQPSTRNFYQALTGDRTAFILVCIKASPSKGLIREDFDPVRIASVYRHYADAIVVLTDEKYFQGSFDFLRQVSKVAPQPVLCWDFIIDEYQIRLAAAAGADAILLIAAILDKDQLKELYEAAKELGMDCLVDIHDEEDLERALRAGARLIGINSTDLKTNEVDLETTKRLISLIPSDVVIVSISGIYNPQQLKDLRGYVDAVLVGTAIMRAEDPKKFCKEMVAKAE,0.5
PSAADAAVAGAREDVAAREARVSFDELKERAARAPPPRDALAALRAPGVAVIALFVKASPSKGDINPNADPEEIIRIYNKYADAIVVLTEKDYFKGSPEYIQQARKATNLPIICWDFIVDPAQIYLARAYHADAIVLMASVLDDEQYRQLAAVAHSLNMGVFVDVHTEEEAERALALGAKIIAVLARDLKTAEVDPSAFARIADRLPDDVVRLAVGGIYTYQQVRELSHYANGFFIGSALMSEDDAEAALRRVALGDNKA,0.5
PSALDALVAGAREDVAAREARVSFDELKERAARAPPPRDVWAALRAPGVQVIAICLKATPSKGLIREDFDPARIAAVYRHYASAIAVITDEKYWQGSFDFLRIVRNVAPQPILCLNMIVDPAQIYLARAYQADAVLLIASVLDAEQARQLAAVAHSLNMGVLVVVHDEEDLEKVFSVIKPPLIGIENLDLDTFEIDLNTTEKLLKLIPPDTIVVAIGGISEPEQIKRLAKLGVDAVMIGETLARNPDKAAEFKE,0.5
PTALDDINTNVRKEQSRRNAKVSYNDFKAAAALAPPPCDVQAALRSPGLVIIVVCLKASPAEGLVRDDFDPRRIAALYRQYAVAIVVTTDPTAFQADFSFIRIIAQIAPQPIIAYDFYIDTVQVYAAKAFGADAIVIIVRILTEEQIKNIYEAAEELGMDPFVDIFSEEDWEKVASVIRPKIIVIVTTDLDTFKTDKSILWKLMKLIPPNTIILATGGIEDPRELKDLRGKVNAVFISTSIMRAPDPRAFLEKLEKHAH,0.5
PRYAKGWLKDVIQHALRRPLIEAQRDRPIISLAERILEANKRNKVAIILVCLKASPSKGLIREDFDPLRIASVYRHYASAIVVLTDEKYFQGSFDFLRIVSQVVPQPVLCFDFIVDEYQIYLAYALGADAILLIVAILTDEQLKELYEIARSLGMDALVDVHDEEDLEKVFSVMRPKLIGITNTDWKTFETDLDTTKKLAKLIPPDTIIVAISGISEPEQIERLRKLGVNAFLIGTTLMRNPDKASEFKE,0.0
SEKWKIMKQVAEDFTQMEAENMIPQIRNHLFLQHLSGKYRVKIIAVYTNKAPDGLSSNMDHIEYAKTAAHIAAALVIVTDEKHFNGSRETLRKIASSVDIPLLHWYFIIDPTAIRDAAANNVDAVVLILDILDDDQYRQLWAVAAALHLDVVVDIMCEKYMHRAIALGARDVAILNIDLENQQIDLNWTRKLANKLGHNVTVIAVSGISEAEQLEELRKLGVNAAVISATLMNNPEKIWELNR,0.0
RKKEEIIEAQKKKKQNLEEENIQPQRTNHNFLKALLGKERICIIAIFIKASPSKGDINPDADPEEIIRIYNKYADAITVLTEEDFFKGSPSYLQQARKYTNLPILCWDFIIDPAQIYLAAHYQADAIVLILSVLNDEQARQLAAVAHSLNMGVLFDVHDEEDLEKVFSVIKPKIIAIINHDLDTFEVDLNTTEKLLKLIPPDCLVICIGGIYDPRQLKDLRGKVNAILIGEAFMRAEDPKKFLQDLLAYAE,0.5
MEEVLAKIVKDKAIWVEARKQQQPLESFRDEVQPSTRNFYQALTGDRTAFIAWVGRASPSEGDIRPLDPVEAARTYEEAGADAIAVLTDPKYFGGSLEDLKAVRSAVDLPILCIDFIIDPYQIYLARYYQADAILLMLSILDDEQYRELAAVAHSLNMGVLVEVHDEEDLEKVFSVMRPKIIGINNTDLATFETDLNTTEKLLKLIPPDTVVISWSGIYDPRQLKDLRGKVDAVLVGTAIMRAEDPKKFCKEMIAWAE,0.5
PSVLDEIIAGAREDVAARAAYLSMDELKELAARAPPPRDAMAAFRAPGVAVILLFTKASPSKGDINPDADPAEIIKIYNKYADAIVVTTDEKYFKGSPEYLKEARKHTNLPLLCFDYIVDPYQVHEARAHGADMVLLIVAALDQDQLRSLLELVHSLGMTALVDVHDEEELERALRAGARVIGILSRDLKTNEVDLETSKKLASLIPSDVIIISISGIYNPQQLKDLRGYFDAFIVGTALMRAEDPDKKCREMRAWAE,0.5
SRPDLTNVPGDLGEWARARASVCKPHPVPCPPDCSSFYEALLRPGLALIAVCLKASPSTGLVRDDFDPVRIAAIYRQYAAAIIVATAREVFQADNNFIRIIAQIAPQPIIKWDFITDPFMLEAAWAFGAAAIVLIVALAGHLTGEYLEIANRYDLFVLVDINDEHDLELALRAGAPIIVINAKDLATNEIDKENQKKLISMIPPNVMVIAAGGYSRKEELKSLEGLADAVIISTSIMKAPDPEAFMRKLLG,0.0
MPSVLDAIISGVRADVSARKAKVSFDELKERAERAPPPRDALAVLLAPGVQIILVCLKASPSKGLIREDFDPLRIAAVYRHYASAIAIITDEKYHQGSFDFLRLVRSVAPQPIICIDFIVDPAQIYEAKAHGADAILLIVAVAGDRLKEFYDLARKLGLDVIVLVHTEEELERALRAGARIIEISNVDLRTGEVDISVFEHLARLARERGFTGVLISYGGIYTYQQLKELSKLADGFVISEALMSEEDLETAVRRLLLGDNKV,0.5
RKWEEIIEAQKKKKQELLEENIQFQRKNHSFLKALLDKSRIKIIAMFLKASPSKGDINPNADPEEIIKIYNKYADAIEVLTEEDFFKGSPDYIKQARKATNLPILCWDFIIDEAQIYEAAAAGADAILLIAAILDKDQMKELYEAAKELGMDVLVAVHTEEEAERALAAGAKIIAVIALDLKTAEVDRSAFARIADRLPDDVVVIAYAGIRGPEDLLAAAAAGADAVIVGEGLVTHGDPRQALADLVTAGTHPSCPR,0.5
PSALDAAVAGAREDVAAREARLSFDELKEQAARAPPPRDVLAALRAPGVAVIAVVIRTSASKGPLASIADPAALAREYEAAGAHAIEVITERRRYKGSLEDLDAVRAAVDVPVLCFDFIVDPAQIYMARAYHADAILLMLSVLDDEQARQLAAVAHSLNMGVLVQVHDEEDLEKVFSVIKPKIIAILNRDLDTFEVDLNTTEKLLKLIPPDTIVISISGIYTYQQARELSHYANGFIIWAALMSEADAHAALRRVTLGDNKA,0.5
PRYLKGWLKEVVQHAKRRPSEEAQRKKPIISLASRILEVNKRGKIAIIAMVARASPSEGAIRPLDPVEAAKTYEEAGAAAISVATDPKFFGGSDEYLKAVRSAVDLPIIAVDFIVDPYQIYLARHAQADAILLILSVLDDEQARQLAAVAHSLNMGVEVIVHTEEEAERALAIGAKVIAVWARDMKTFEVDRSAFARIADRLPDDVVRIALGGIYDPRQLKDLRGKFNAVLVGEALMRAEDPKKFMKDMVAWSE,0.5
PSAMDAAVAGAREDMAAREARLSFDELKEQAERAPPPRDALAALRAPGVGVIALFVKASPSKGDINPNADPEEIIKIYNKYADAIIVATERDYFKGSPEYIRQARKATNLPIIAWDFIVDPAQIYMARAYQADAIILIASVLDDEQARQLAAVAHSLNMGVIVDVHDEEDLEKVFSVIKPKIIAIINRDLDTFEVDLNTTEKLLKLIPPDTIVIAVVGARGPEDLLHYAAAGADAVIVGQGLVTHGDPRQALADLVTAGTHPSCPR,0.5
DAAILKHVKGALAAAAKQVKLDLKPKPAAEPPPGRSFEAALRQPGVAIIAVFLKASPSKGDINPNADPEEIIRIYNKYADAITVITEEHYFKGSPEYIQQARKATNLPILCWDFIVDPAQIYLARAYHADAIVLMLSILDDEAYRQLAAVAHSLNMGVLVIVHTEEELERALKAGARIIGIENQDLRTMEVDRNTAERLGRLARERGFTGVLVALGGYSTKEELKSLEGIFDAVLIGESLMRAPDIAAAIRELIG,0.5
DAAIIKHTKGAAAAIAKQVALDQKPKPAAEPPPGRSFEAALRRPGVAIILLCLKASPSKGLIREDFDPVRIASVYRHYADAIVVLTDEKYFQGSFDFIRQVRAVAPQPILCADFIVDEYQIYEAAAAGADAIFLIAAILTDKAIKDLYEAAKELGMDVLVIVHDEEDLEKVFSVIKPKIIGINNRDLATFEVDLNTTEKLLKLIPPDTVVVAEGGYSTKEQLKSLEGLADAVLIGESLMRAPDIAAALRELRG,0.5
MEEVLAKIVRDKRIWVEARQQQQPLESFQNQVQPSTRNFYDALQGDKAVFIAVYMRKSPSGLDVERDPIEYAKFMEKYAAGLTVCTDEKYWNGSYEDLKKIASAVSIPILMFDFIVDEYQIFDARALGADAVVLFVAILSEEELKSLLEYARSYGMEPLIDIHDEEDLEIALKIGARLIGVGSRDLKTNKVDLETQKRLISLIPSDVIIVAIGGISEPEQVKELRKLGVDAFLIGSTLMRNPEKIKELTE,1.0
PSVLDAIIAGVREDIAAREARVSFDELKERAARAPPPRDVMAALRAPGVAVIALFIKASPSKGDINPDADPKEIIRIYNKYADAITVLTEKDYFKGSPEYLRQARKHTNLPLICLDFIIDPAQIYLARAYQADAIVLILSVLDDEQYRQLAAVAHSLNMGVFVDVHTEEEAERALAAGAKVIAVLAWDLKTAQVDKSAFKRIADRLPDDVVRVAIGGYSTKEELKSLEGVFDAVFVGESLMRAPDIAAALRELIG,0.5
MEEVLAQIVKDKAIWVEKRKQQQPLESFRDTLQPSTRNFYQALTGDRTAFIAIYLRKSPSGLDVERDPIEYAKTMEKYADALIVSTDEKYFNGSLEDLRKIRSAVSIPILCYDYIVDSYQIWEARAHGADAVLLIVAALDDEQLRELYERIESLGMDALVDVHTEEELERALKLGARIIGIGNMDLRTMEVDRNTAERLGRLARERGFTGVLVAISGISEPEEVERLRKAGVDAVMIGSTLMRNPDKAKEFKE,0.5
PSVLDEIIAGARADVAARRAQVSLDELKEQAARAPPPRDAMAAFRAPGVAVILDCLKASPSKGLIREDFDPARIASVYKDYADAIAVITDEKYFQGSFDFLRIVSQVAPQPILCFDFIVDEYQVWEARAHGADMVLLVVAALDDDQLRSLLELIHSLGMTALVIIHDEEDLEKVLSHCRPKLIGIANTDWKTFETDLNTTEKLAKLIPPDTILIAVGGIYNPQQLKDLRGYVDGVIVGTALMRAEDPEKAARELRAWAE,0.5
PSALDAIVADVREDVAAREAVVPFDEIKERAARAPPPRDVLAALRAPGVGIIAIYLRKSPSGLDVERDPIEYAKTAEKYAVALTVLTDEKYFNGSYEDLEKIRSAVDIPVICFDFIVDPYQIYLARAYQADAIVLLLSVLDDEQYRQLAAVAHSLNMGVIVDVHTEEELERALKAGAEIIGILNQDLKTFEVDRNTAERLGRLARERGFTGVLLAIGGYSTKEELKSMRGLFDAVLIGESLMRAPDPEKAIRELVG,0.5
PSALDAIVAAVREDVAAREAYVSFDEMKERAARAPPPRDALAALRAPGLGVIAIYIRKSPSGLDVEQDPIEFAKTMEKYANALAVVTDEKYFNGSLEDLRKIASAVSIPVIRIDFIIDEYQIYEAKAMGADAIWLIAAILDDEQLKKLYELAKELGMDVLIAVHTEEELERALRAGAEIIGIDNRDLKTFEVDPNTTERLGRLARERGFTGVLIAVGGIYDPRQLKDLRGYFDAILVGEALMRAEDPKKFLKELKAWAE,0.5
MEEVLAKIVRDKKIWVEERKQQQPLESFRDKVQPSTRNFYDALQGDRTAFIALFTKASPSKGDINPDADPVEIIKIYNKYADAISVLTDEKYFKGSPEYLKEIRKHTNLPLICANFIVTPYQIWLARAHGADVVLLIVAALDQDQMRALLELIHSLGMTAVVDIHDEEELEIALRLGARIIGIGNRDLKTNEVDLETTKKLISLIPSDVIIISFSGIYDPRQLKDLRGYVDAFLIGTALMRAEDPEKFLKELIAWIE,0.5
PSVLDEIIAGVREDAAARKAKVSYDELKERAARAPPPRDVMAAFRAPGVAVILVCLKASPSKGLIREDFDPARIAAVYRHYANAIVVLTDEKYFQGSFDFLRIVSSQAPQPILCFDFIVTPYQIWEARAHGADLVLLIVAALDQEQLRSLLELVHSLGMTAIVDIHDEEDLEKVLSHVRPKIIGIHNTDYKTFETDLNTTEKLAKLIPPDTIVISFSGIYTYQQVRELSHYANGFLIGSALMAEDDLEAAVRRVLLGDNKI,0.5
METVLAKIVKDKKKWVETRKQQQPIESFRDELQPSTRNFYQALTGDRTAFILDCIKASPSKGLIREDFDPARIASVYRHYADAIAVLTDEKYFQGSFDFLRIVRNVAPQPVLCIDFIVDEYQIHQARAHGADAVLLIVAAAEDAQLVSLYQRIESLGMTAMVMIHDEEDLEIALRAGARIIGIGSTDLKTNEVDLETTKKLISLIPSDVVIVAFSGIYDPRQLKDLRGYVDAVLIGTALMRAEDPKKFCKELVAYAE,0.5
MEEVLAKIVKDKKIWVEARKQQQPLESFQNKIQPSTRNFYDALQGDKTAFILVCLKASPSKGLIREDFDPVRIAAVYRHYASAIAVLTDEKYFQGSLDFLRQVSSVAPQPILCYDFIVDEIQIYQAALHGADAILLIVAVVGDRLKEFIDVARSLGLDVIVDIHDEEDLEKVLSYCRPKIIGITNTDYRTMETDLNTTEKLAKLIPPDTILISFSGIYTYQQVRELSHYANGFLIGSALMAEDDLEAAVRRVLLGDNKI,0.5
MEEVLAKILKDKAKWVEERKQEQPLESFRDKVQPSTRNFYDALQGDKTVFILVCLKASPSKGLIREDFDPVRIAAVYRHYADAIAVLTDEKYFQGSFDFLRQVSSQAPQPILCWDFIIDEWQIWQARAAGADAVLLIAAALSDEELKSLLEAAKSLGMDVLVDVHDEEDLERALKIGARLIGISSHDLKTNEVDLETTKKLASLIPSDVIIISFSGIYTYQQVRELSHYANGFLIGSALMAEDDLEAAVRRVLLGDNKI,0.5
PRYLEGWLKDVVQLALRRPSIEAQRDRPIINLAERILEANKRNKVAIILVCEKASPSKGLIREDFDPARIAAVYRHHASAIVVLTDEKYNQGSFDFLRIVSQVAPQPVIMYDFIVDPYQIYQAAAHGAAAILLIVAVLGDRLAEFLELAKSLGLEVLVDIHDEEDLEKVLSHCRPDLIGINNTDLKTFETDLNTTKKLAKLIPPDTIIVAISGISEPEQIERLRKLGVNAFLIGSTLMRNPEKAKELKE,0.5
RKEEEIIEAQKKKKQELLEENIQFQRKNHSFLKALLSKERLKIIAIFVKASPSKGDINPNADPEEIIRIYNKYADAISVITDEDFFKGSPEYLQQARKATNLPIECVDFIIDPAQIYLAAHYQADAIWLMLSVLDDEQARQLAAVAHSLNMGVIVLISNEEEMERAIALGAKIVAILNVDLRDFSIDLNRTRQLAPQLGHGVIVISVGGIYNPQQLKDLRGYVNAVLVGEALMRAEDIKKFLQDMIAWAE,0.5
ASVLDEIIAGAREDLAARRAEVSLDEVKERAERAPPPRDAMAAFRAPGVAVILVCLKASPSKGLIREDFDPARIAAVYRHYANAITVLTDEKYFQGSFDFLRIVSSQAPQPIICWDFIVDEYQLAEARAHGADAVLLIVAVAGDRTKEFIDYARELGLDVIVDVHDEEDLEKVFSYCRPKIIGVTNTDWKTFETDLNTTEKLAKLIPPDTIVISVSGIYTYEQVRELSHYANGFLIGSALMAEDDLEAAVRRVLLGDNKI,0.5
PSAMDAIIKGVREDVAAREARVSFDELKEQAARAPPPRDALAHLRAPGVSIIAMFIKASPSKGDINPDADPEEIIKIYNKYADAIAVLTEKRYFKGSPDYLKQARKITNLPLIRVNFIVTPYQIWEARAHGADIVILLVAALEQEQLEELLERVHSLGMHAIVDVHTEEELERALRAGAEIIGILNRDLRTFEVDRNTSERLGRLARERGFTGVLISLGGISSAEEIKRLAKAGYDAVFIGETLMKNPNKIQEFTE,0.5
PSMMDQAVAGAREDMAAREARLSFDELKEQAARAPPPRDVLAALRAPGVAVILLCLKASPSKGLIREDFDPARIAAVYRHYASAIVVITDEKYFQGSFDFLRIVSKVAPQPIICWDFIVDPAQIYLARAHQADAIVLMASVLDDEQARQLAAVAHSLNMGVIVDISNEEEMERAIALGAKVVAIINKDLRDMSIDLNRTRQLAPQLGHGVIVIAISGIRGPEDLLAAAAAGADAVIVGEGLVTHGDPRQALADLVTAGTHPSCPR,0.5
PSALDAIIKGVREEVAAREALVSFDEIKERAARAPPPRDALAALRAPGVALILDCLKASPSKGLIREDFDPVRIASVYRHYASAIAVLTDEKYFQGSFDFLRQVRAVAPQPILCWDFIVDPYQLYEARAYGADAVLLIVAVLGDRLEEFYRLARELGMDVLVIIHDEEELEIALRCGARLIGILNRDLKTFRVDLETFLKLISLIPPDVLIIAILGVRGPEDLLRYAAAGADAVVVGEGLVTHGDPRQALADLVTAGTHPSCPR,0.0
PSVLDSIIAGAKEDIAARRAQVSLDEIKARAAKAPPARDVVAALRAPGVAVILVCEKASPSKGLIREDFDPARIASVYRHYADAIVVLTDEKYFQGSFDFLRIVRKVAPQPILCFDFILDPYQIYLARYYQADAILLMLSILDDEQYRQLAAVAHSLNMGVLVDVHDEEDLEKVFSHVRPKIIGINNTDLKTMETDLNTTEKLLKLIPPDTVVVSSSGIYDPRQLKDLRGYVDAVLVGTALMRAEDPKKFLKEMIAWAE,0.5
MEEVLAKIVKDKAKWVEARKQQQPIESFRDELQPSQRNFYQALTGDRTAFIALFTKASPSKGDINPDADPEEIIKIYNKYADAISVITDEDFYKGSPEYIAQARKHTNLPILCWDYIIDPYQIYLARYYQADAILLMLSILDDEQYRQLAAVAHSLNMGVLVEVHTEEELERALKAGAEVIGIGNFDLRTLEVDRNTAERLGRLARERGFTGVLVAWSGIYNPQELKDLRGYFDAVLIGTSLMRAEDPKKACEEMIAWAE,0.5
PSALDAIVADVREDVAARKAKVSFDELKERAARAPPPRDAEAALRRPGVAVIAIFIKASPSKGDINPDADPEEIIRIYNKYVDAIAVITEREYFKGSPEYIKQARKLTNLPILRIDFIIDEYQIYEAKALGADAIWLIVAILDKDQIKELYEAAKELGMEVIITVHDEEDLEKVFSVIKPKIIAIDNRDLDTFSVDLNTTEKLLKLIPPDTIIIAVGGISEPEQIKRLAKLGVDAVLIGETLMKNPNKIQEFTE,0.5
MPSALDEIVSGAREDMAQREAKVPYEELKERAERAPPPRDVLAHLRSPGLSLLCLYVRKSPSGLDVERDPIEWAKLAEKYADALVVITDEKHYNGSLEDLKKIASAVTIPIIRADFIVDESQIAEAKAAGADAIWLIVAILSPDQLKRLYKYAKSYGMDPLILVHTEEELKRALKLGAEIIEVSNIDLRTHRVDLSVAEHLGRLARKQGFTGVLICVGGIYDPRQLKDLRGLFDAFLVGAALMTAEDPKKFLQDLVAYAK,0.5
PRYLKGWLKDVVQLALRRPSTEAQRDRPIINLAERILEANKRNKVAIIAIYLRKDPSGLDVERDPIEYAKFMEKYAVALIVLTDEKYFNGSMEDLRKIASAVSIPILMYDFIVKEYQIYEAYALGADCVLLIVAILTEEELKSLLEYARSYGMEPIIDIFDEEDLEIALKIGARFIGVTSRDLKTNEVDLETQKKLISLIPSDVVIVAISGISEPEQIEELRKLGVNAFLIGSTLMRNPDKIKKFHE,0.5
PSVLDEIIANVRKDVAARRAQLSLDEVKERAERAPPPRDAMAAFRAPGCAVILICLKASPSQGLIREDFDPARIAAVYRHYADAIVVPTDEKYFQGSFDFLRIVSSQAPQPILCFDFIIDEYQIYEARAAGADAILLIAAVLDREQLKRLYEAARELGMDVLVDVHDEEDLEKVFSAIRPKIIGIVNTDWKTFETDLNTTEKLAKLIPPDTIVIAISGISEPEQIKRMRKAGVDAVMIGSTFARNPDKAAEAKE,0.5
SRADLTNVPGDVGEFARDRASVIKPHPVPCPPKRPSFYEALLRPGLAIIAAYTNKAPDGLSSNIHHQEYALTAAHIAAALVITTDEKYFNGSRETLRKIASSVDVPLIHWDFPMDAAQLLEAAADGVAAVVIDVSALEPKVWAEMFKRTISYGMVPLIDIMCEKYMHEAIALGVRVVVILTIDLENQRIDFNWIRELANKLGGNITVIAVSGISEAEQLEELRKIGVNAVIIGQTLMSNPEKIWELNR,0.5
PSVLDEIIAGVRADVAARAAVVSLDELKERAARAPPPRDAMAAFRAPGVAVLLLCLKASPSKGLIREDFDPTRIAAVYRHYADAIVVMTDEKYFQGSFDFLRIVSQVAPQPILCADFIVDEYQVHEARAHGADMVLLIVALLDQDQLRSLLELIHSLGMTAIVDVHDEEELERALRAGARVICIGNKDLKTNEVDLETAKKLASLIPSDVIIISWGGIYDPRQLKDLRGVYDGFLIGTALMRAEDPEKFLRELKAYAE,0.5
MARELKGWLKDVVEMAKRRPTFLAERKKPIINLAKRILELKKRGKLALIALYMRKSPSGLDVERDPIEWAKFMEKYVVALVVLTDEKYYNGSLEDLRKIRSAVDIPIICVDFIVDPYQIYLARHYQADAIILMLSVLTDEEYRQLASVAHALNMGVIVLVHTEEELERALRLGASMIGIMNTDLRTFEVDRNVAEHLGRLARERGFTGVLEAVGGVSEPEELKRLRKLGFDAVFIGETLMRNPSKIQEFQE,0.5
MEEVLAKIVKDKKIWVEERKQQQPLESFQNQVQPSTRNFYDALQGDKTAFILVCLKASPSKGLIREDFDPVRIAAVYRHYASAIAVLTDEKYFQGSFDFLRQVSQVAPQPILCFDFIVDEIQIYQAALHGADAILLIVAVVGDRLKEFIDVARELGLDVIVDIHDEEDLEKVLSYCRPKIIGINNTDYRTMETDLNTTEKLAKLIPPDTILVSISGIYTYQQVRELSHYANGFLIGSALMAEDDLEAAVRRVLLGDNKI,0.5
MEEVLAKIVRDKAIWVEARKQQQPIESFRDKVQPSQRNFYQALTGDRTAFIALFSKASPSKGDINPDADPAEIIKIYNKYADAIVVLTDEDFNKGSPDYIKEARKHTNLPILMFDFILDPYQIYLAALWGASAVLLIVAVAGDRTAEYYKLAEELGLDVLVDVFDEEDLEKVFSYCRPKIIGIVNTDFATFETDLNTTEKLLKLIPPDTIVVSLSGIYDPRQLKDLRGKVDAFLVGTSLMRAEDPKKAMEEMIAWAE,0.5
PTMLDDMNTEVRKDLAKRNATVSYNDLLALAALAPPPCDVMAALRSPGVGIIAQIIKASPSTGLIRDDFDPKRIAAIFRQYAVAILVTADRSVFQADFNFIRIIAQIAPQPVLALFLIIDPAAIAAAKAAEADAIFLLLSMLDDDQYRQLWAVAAALKMYVLTEVTTEEQAKRALKIGAKVIGVWPIVIWTGDIDLEAIKRIARNLPPEVIIILFQGILVAAIAEELAHHADALIIGKAIMAHDDLHAAMAKIARANKNK,0.0
MEEVLAKIVKDKAIWVEERKQQQPIESFRDTLQPSTRNFYQALTGDRTAFIALVTRASPSQGNIRPLDPVEAAKTYEEAGADAITVLTDPKYFGGSDEYLKAVRSAVDLPILRYDFIIDEIQIYLAALYGADAVLLIVAILSPEELKHLYEAAQSLGMDVLVDVHTEEELERALRAGARIIGIGNTDLRTMEVDRNTAERLGRLARERGFTGVLVAISGISTAEDIKRLRKAGVDAFLIGSTLMRNPDKIKELKE,0.5
RKEEEIIEAAKKKKQELLEENIQFQRHNHRFLKALLGKERIRIIALILKASPSKGDINPDFDPETIIRIYNKYADAITVLTEEDFFKGSPEYLQQARKITNLPILRWDFVVDPAQIWEAAAHGADCIDLIVRVAGDRTAEFYKLASELGLDVLVIVHDEEDLEKVFSYLKPKIIAILNRDLDTFEVDLNTTEKLLKLIPPDTIVVALVGVRGPEDLLRYAAQGADAVVVGEGLVTHGDPRQALADLVTAGTHPSCPR,0.5
PSALDAIVAAVREDVAAREAKVSFDELKERAARAPPPRDVLAALRAPGVQVILVCLKASPSKGLIREDFDPVRIASVYRHYASAITVLTDEKYFQGSFDFLRQVSAVAPQPILCWDFIIDEAQIYEARAYGADAILLIAAILDDDQLKRLYEAAKELGMECEVLVHTEEELERALRAGAEIIGILNVDLKTFEVDRNTALHLGRLARERGFTGVLICVGGIYTYQQVRELSHYADGFVISSALMSEDDLEAAVRRVLLGDNKV,0.5
MEEVLAKIVKDKAIWVEARKQQQPLESFRDEVQPSTRNFYQALQGDRTAFILDCIKASPSKGLIRDDFDPARIAAVYRHYASAIAVLTDEKYFQGSFDFLRIVSSQAPQPIICFDFIIDPYQIYLARYHQADAILLMLSVLDDEQYRQLAAVAHSLNMGVLVTIHDEEDLEKVLSVCRPKIIGIGNTDYRTMETDLNTTEKLAKLIPPDTILISISGIYDPRQLKDLRGYVDGILVGTALMRAEDPGKFCRELVAWAE,0.0
MDQPDLRNVKGEAAKIAKTLRKDLRPDQLPEPPPVKSLESALRRPGLAIICQYIRKSPSGLDVERDPIEWAKLMEKYAAALVVLTDPKYYNGSLEDLRKIRSTVDIPIIRQDFIVDPYQLYEARAHGASAILLIVAILGDKLKDFIKIARELGLDVYVLVHTEEELERALKAGARIIGISNTDLRTHTVDMSVAEHLGRLARKRGFTGLLECVGGIYDPRQLKDLRGLFDAFLVGEAIMRAEDPKKFLQDLVKYAK,0.5
RKMDLIMKQVATDITQMQAENMIPEIRNHLFLQHLSGKYRVKIIAVYTNKAPDGLSANIDHIEYAKTAAKIAAALIILTDEKHFNGSAETLRKIASSVDIPILHYHFIIDPTAIRAAAADKADAVVLIASILDDDQYRQLAAVAHALHLDVVLDITSEEDWEKIASVIRPKIIVIVTQDLDTFTIDKSILWKLMKLIPPNTVVIAASGIKDPRELKDLRGKVNAVIISTSIMKAPDPKAFLEKAEKHSE,0.5
MEEVLAKIVRDKAIWVEARKQQQPLESFRDEVQPSQRNFYQALTGDRTAFIAFYTRKSPSGLDVERDPIEYAKEMEKYAAALVVLTDPKYFNGSMEDLRKIRSAVSIPILRFDFILDPYQIYEAAAMGASAVLLIVAVLGDRTAEFYKLARELGLDVLVDVFDEEDLEKVFSYCRPKIIGIVNTDLATFETDLNTTEKLLKLIPPDVIVVSISGIKNPQQLKDLRGKFDAVLIGTSLMRAEDPGKFLKDMFAWAE,0.5
PRYLKGWLKEVVQHALRRPSVEAQRDRPIINLAERILEALKRNKLAIIAFCLKASPSKGLIREDFDPARIASVYRHYASAIIVLTDEKHYQGSYDFLRIVKQVAPQPVIMYDFTVKEYQIYDAYALGADCVLLIVAILTEEELKRLLEYARSYGMEPIVDIFDEEDLEKVFSACRPKLIGITNTDLKTLETDLNTTERLAKLIPPDTIIIAAGGIRGPEDVLRAAAAGADAVVVGDGLVTHGDPAQALADLVTAGAHPSCPR,0.0
MEEVLAKIVKDKAIWVEARKQQQPLESFQNKIQPSTRNFYDALQGDKTAFILVCIKASPSKGLIREDFDPARIAAVYRHYADAITVLTDEKYFQGSFDFLRIVSQVAPQPILCWDFIIDEIQIYLAALAGADAILLIAAMLDDEQLKELYELARELGMDCLVDVHDEEELERALKIGAKIIGVGNQDLKTNEVDLETSKKLASLIPSDVTIISISGIYTYQQVRELSHYANGFLIGSALMAEDDLEAAVRRVLLGDNKI,0.5
PRDLKGWLRDVVQAALRRPSFEAEPKRPAISIASAIEEAKKRNKAAIIAICEKASPSQGLIREDFDPARIAAVYRHYAAAIYVLTDEKYLQGSFDFLRIVSNVAPQPILCFDFIVDEYQIYRARAYGADAILLIAAILDDDQLKRLYEIAKELGMDVLVEVHTEEELERALRAGARMIGISNMDLRTMEVDRNTAERLGRLARERGFTGVLVAWGGYSTKEQLKSLEGLFDAVLIGTSLMRAPDIEKAARELLG,0.5
DAAIIKHTKGAVAAMAKAVALKQKPEPAAEPPPGRSFEAALRRPGVAIIAVYLRKSPSGVDVERDPIEFAKTAEKYAAAIVVITDEKYFNGSLEDLRKIRSAVDIPVLAYDFIVDPAQIYLARAYAADAIVLILSVLDDEQYRQLAAVAHSLNMGVEVIVHTEEEAERALALGARIIAVLAIDFKTMEVDRSAFARIADRLPDDVVRLAIGGIYTYQQVRELSHYANGAFIGSALMSEDDLEAAIRRVALGDNKA,0.5
MMDADLRNVKGLAAEIAKQIYKDIRPKPLPEPPPGFDFEAALRKPGIAIIAVVLRASPTTGDIKPLDPVEVARIYEKAGADAIEVLTDEKYLGGSLEFLKKIASAVSLPILRWDFIVTPYQIYEARAHGADAVLLIVSALEDEALKDLYARVESLGMVAVVLVHTEEELEKALRIGAKIIGILNMDLRTLEIDRSVALHLGRLARERGFTGVLIALGGYETKEQLKSLEGLFDAVLIWYALVRAPDIETKLRKLIG,0.5
MEEVLAKIVKDKKKWVEARKQKQPLESFRDSLQPSQRNFYQALTGDRTAFIASCEKASPSKGLIREDFDPARIAAVYRHYADAIVVLTDEKYFQGSFDFLRIVRKVAPQPILCWDFIVDSYQIWLARYHGADAVLLIVAALDDEQLRELYERVESLGMTALVDVHTEEELERALKLGAKIIGIGNTDLRTMEVDRNTAERLGRLARERGFTGVLVAFSGIYDPRELKDLRGYFDAVLVGTSIMRAEDPKKACKDMVAWAE,0.5
MDRADLRNIEGRLAEIAKTIAADLQPKPLPPPPPGRNFEAALRRPGIALILACLKATPAKGLLREDFDPVRIAAIYRHYADAIAVITDEKYLQGSMSFLRQVRAVAPQPILCVDFIVDPSQIDEARAAGADAILLIVAILTPEALKKLYEYAKSLGLDPIVEVHTEEELKRALKLGARIIGILNIDLRTGTIDRNVAEHLMRLARKQGFRGVLIAIGGYSTKEELKSLEGLADAVLIWEAIMTAPDIAKKLAKLRG,0.5
PSVLDEIIANARTDAAARRAQVSLDELKEQAERAPPPRDAMAAFRAPGCAVILFCIKASPSQGLIREDFDPVRIASVYRHYADAIVVPTDEKYWQGSFDFLRQVSQVVPQPIFCYDFIVDEYQIAEARAAGADAVLLIVAALSEEELKSLYEFARSLGMDVLVDIHDEEDLEKVLSVIRPKLIGIINTDYKTFETDLNTTEKLAKLIPPDTILVAYGGISEPEQIKRMRKAGVDAVLIGSTVARNPDKAAEAKE,0.5
MHPSKGWLKNVALLALHRPKFIDEMEKPIRKLAETILEANKRNITAIIALFTRATPSEGDINAHANLEKFIRWYAELADAITIMTEKHYFKGDPAFIKHARNLTNFPIIAYDFYHKEEQIESAYNAGADAIVLLTSQQTEDLLATLHKYAKKYKMDTLVDIFSEEDWEKVASVIRPKIIVIVTQDLETFTIDKSILWKLMKLIPPNTVILAAGGYSRKEELKSLEGVFDAVFISTSIMKAPDPRAFMQKLLG,0.5
DHPSTGWLKYVMLAAKHRPMFIDELERPIRRLAETILEFNKRNITAIILVILKASFSTGLDLDDFDPRRIAAIMAQYAAAIVVIADEKWFQQPPLAIRIVAQIAPQPIIAWDFYVDTKQVYAAWAWGADAIVIIVKLLTEEQIKNIYEAAEELGMDTLVDVTTEEEAKRALKAGAKIIVVQPIVDATSEVDEEAIKRIMRNLPPEVIILVAGGIRNAEDLAKAMAAGADGVFIGHGLVTNGDPRAAFQHLVEEGTHPSCPY,0.5
VRELKGWLKDVVQLALRRPSIEAQRDKPIINLAERILEANKRNKVAIIALFTKASPSKGDINPDADPAEIIKIYNKYADAICVLTEEAFNKGSPEYIREARQHTNLPILMWDFIVKEVQIYDAYALGADAVLLIVTILTDEELKRLLEYARSYGMEPLVDVHTEEELERALRAGARIIGIVNTDLKTAEVDRNTAKRLGRLARERGFSGVLVAIGGISEPEEIEELRKAGVNAFIIGETLMKNPEKAKEFKE,0.5
PSAMDAAVAGVREDVAAREARLSFDEIKEQAARAPPPRDALAALRAPGVGVIAVVFRASPSQGAIRPLDPVEAARTYEEGGASAISVITDPKYFGGSDEYLKAVRSAVDLPIERVDFIIDEAQIYEAKAAGADFILLIAAILDAEQIKRLYEAARELGMEVIVLVHDEEDLEKVFSVIKPKIIAILNRDLDTFEIDLNTTEKLLKLIPPDTLVIAVGGIYDPRQLKDLRGKVDAVWVGESLMRAEDPKKFIKEMVAWAE,1.0
PSVLDEIIAGAREDVAARRAQVSLDEIKEQAARAPPPRDAMAALRAPGVAVILVCLKASPSKGLIREDFDPVRIAAVYRHYANAIAVLTDEKYYQGSFDFLRQVSSQAPQPILCEDYIVDEYQVWEARAHGADMVLLIVAALDQDQLRSLLELIHSLGMTAVTAVSNEEELERAIALGAKVVGIPNIDLRDQSIDLNRTRQLAPRLGPGVIVIAWGGIRGPEDLLRAAAAGADAVVVGQGLVTDGDPRQAVADLVTAATHPSCPR,0.5
PSALDAAVAGAREDLAAREARLSFDELKEQAARAPPPRDGLAALRAPGVAVIAVVVRSSASKGPLASIADPAALAREAEAAGAHMIAVLTERRRFKGSLEDMDAVRAAVDVPVLALDFIVDPAQIYMARAYHADAIVLIASVLDDEQARQLAAVAHSLNMGVFIVVHDEEDLEKVFSVIKPKIIAIDNQDLDTFEVDLNTTEKLLKLIPPDTIVVAFGGIYTYQQARELSHYANGFVISSAIMSEADIHAAIRRVTLGDNKA,0.5
MEEVLAKIVKDKRKWVEERKQRQPLESFQNTVQPSTRNFYDALTGDKTAFILLVTRASPSQGNIRPLDPVEAARIYEKAGADAIAVLTDPKYFGGSFEDLRAVAEAVDLPILCADFIVTEYQVHLARAHGADAVLLLVAALDQDQMRSLLELIHSLGMTAVTDVSNEEELERAIALGAKVVGINNIDLRDQSIDLNRTRQLAPKLGPGVIVISYGGIYDPRQLKDLRGYVDGVLIGTALMRAEDPKKFCKELKAWSE,0.5
PSALDAAVAGAREDLAAREARLSFDELKEQAERAPPPRDALAALRAPGVAVIALFVKASPSKGDINPNADPEEIIKIYNKYADAIIVATERDYFKGSPEYIRQARKATNLPLIAWDFIVDPAQIYMARAYQADAIILILSVLDDEQARQLAAVAHSLNMGVIFDVHDEEDLEKVFSVIKPKIIAIINQDLDTFEVDLNTTEKLLKLIPPDTIVIAVVGIRGPEDLLHYAAAGADAVIVGIGLVTHGDPRQALADLVTAGTHPSCPR,0.5
GRPDLTNVPGFIGEWARWRASVIVPHPLPCPPKRPSFATALLRPGLAIIAVYMNKAPDGLSSNIHHGEYAKTAAKIAAALVILTDEKYFNGSAETLRKIASSVDIPILHYEAIVDPTIIYAAAADNAAAVVLIASILDDDQFRQLAAVAKALKLDVVVDITSEEDWEKIASVIRPKIIVIVTTDLATGTTDKSILWKLMKLIPPNTILIATGGYSRKEELKALEGIFDAVIISTSIMRAPDPEAFIRKLLG,0.5
MDAADLRNVKGLLAEIAKQRYKDDRPFPIPPQPPGRDYEAALRRPGLAIICAYMRKSPSGMDVERDPIEWAKLMERYAAALAVLTDPKFFNGSPEDLKKIRSAVDIPVLRVDFIVTEYQVHEARAHGADAVLLIVALLEQEVLESLLALIHSLGMNALVEVHTEEEAERALKAGARIIGILAMDWRTGDVDKTLFERIADRLPDEVVRIAIGGIYDPRQLKDLRGKFDAVLVYEAIMTAEDPEKFLKDMVKYAK,0.5
MEEVLAKIVKDKKIWVEARKQQQPLESFRDQVQPSTRNFYDALQGDKTAFILVCLKASPSKGLIREDFDPARIAAVYRHYASAIVVLTDEKYFQGSFDFLRIVSSQAPQPILCYDFIVDEIQLYLAAYYGAAAILLIVAVLGDRTKEFIDIARELGLDVLVDVHDEEELERALRAGARIIGVNSRDLKTNEVDLETAKKLASLIPSDVTIVSISGIYTYQQVRELSHYANGFLIGSALMAEDDLEAAVRRVLLGDNKI,0.5
DAAILKHVKGALAAIVKQVALDQKPKPAAEPPPGRSFEAALRRPGVAIILICLKATPSKGLIREDFDPVRIASVYRHYASAIAVITDEKYLQGSFDFIRQVRAVAPQPILCVDFIVDEYQIYEARAAGADAILLIAKLLTDKAIKDLYEAAKELGMDCLVVVHDEEDLEKVFSVIKPKIIGIENRDFATFEVDLNTTEKLLKLIPPDTVVVALGGYSTKEQLKSLEGLFDAVLIGESLMRAPDIAAALRELRG,0.5
MEEVLAKIVKDKAVWVEERKQQQPIESFRDKLQPSQRNFYQALTGDRTAFIALYTRKSPSGLDVERDPIEYAKTMEKYADALIVLTDEKYFNGSLEDLRKIRSAVSIPILRYDFIIDEWQIYEAAAAGADCVLLIVAILSDEELKSLYEIARSLGMEVLVDVHTEEELERALKLGARVIGINNTDLRTMEVDRNTAERLGRLARERGFTGVLVAISGISTPEDIKRLKKAGVDAVLIGEALMRNPNKAEEFKE,0.5
MEEVLAKIVRDKAIWVEARKQQQPLESFRDEVQPSTRNFYDALQGDRTAFILSCIKASPSKGLIREDFDPARIASVYKDYASAIAVLTDEKYFQGSLDFLRIVSSQAPQPILCWDFIIDEYQIWLAAYAGADAVLLIAAILSDEELKSLIEAARSLGMEVLVDIHDEEDLEKVLSHIRPKIIGITNQDYRTMEVDLNTTEKLAKLIPPDTILIAYGGVRGPEDLLRYAAAGADAVLVGAGLVTHGDPRQAVADLVTAGTHPSCPK,0.5
PTPQDDHKTNARKDQSKRNASVSYNDFLALAALAPPPCDALAALRSPGVGIIIVLLKASPMTGLIVDDFDPRRIAAIAAQYADALLVATDRTAFQADFSFIRIIAQIAPQPIIAWDFYIDTVQVYAAKAAGADMIVIIVRILTEEQIKNIYEAAEELGMDSLVDIMDETAMHRAIAFGTRIIVIINIDLENQRIDFNWTLKLANKLGGNVTVILVGGIRNAEDLAKAAAAGADAVVIGEGLVTNGDPRAAFIHLLEEGLHPGCPY,0.0
MDQPDLRHTEGAAAKIAKTVLKSIRPRPLPEPPPGRSWESALRRPGIAIICLIIKASPSKGDINPDADPKEILDIYDKYADAIAIITDPHYFKGDDSYIQKARNITNLPILRVDFIVDEIQIEEAAALGADAIWLIVSILTDKALKDLYETARKLGMDVIVTVHTEEELERALKLGARIIEISNVDLRTFTVDRNVAEHLGRLARKRGFTGVLIALGGIYDPQQLKDLRGLFDAVLVGEAIMRAEDPRKFLADMLAYAE,0.5
MDAPDLRNIKGLLAKIAKAVYLDLKPYPLPEPPPVRSFEEALRRPGVAIILVCIKATPSQGLIRDDFDPTRIAAIYRHYADAIAVITDEKYYQGSFSFLRIVRAVAPQPILCVDFIVDPYQLYEARAHGASAIWLIVALLGDLLKKFIDIAKKLGLDPIVLVHTEEELERALKAGADIIEISNVDLTTGEVDRSVAKRLGRLARERGFTGVLIAVGGIYDPQQLKDLRGKFDAVLVGAAIMRAEDPKKFLADMLAYAQ,0.5
MEEVLAKIVRDKKIWVEERKQQQPLESFRDEVQPSTRNFYDALSGDKTAFILVCLKASPSKGLIREDFDPVRIAAVYRHYASAITVLTDEKYFQGSFDFLRQVSNVAPQPILCYDFIVDEYQLYEAAYYGAAAILLIVAILGDRTKEFIDMARELGLDVLVDVFDEEDLEKVFSYCRPKIIGVVNTDWRTLETDLNTTEKLAKLIPPDTIVIAISGISEPEQVKRLRKAGVDGVLIGSTFARNPDKAAEAKE,0.5
MDAADLRNVKGLLAKIAKTIYKKLRPYPLPEPPPGRDFEAALRRPGLAIICLYVRKSPSGLDVERDPIEWAKLMEKYAAALAVITDEDYFNGSLEDLQKIRSAVDIPVERVDFIVTEYQVYEARAHGADAVLLIVALLEEEVLRRLYELIQSLGMVALVLIHDEEDLEIALRAGAQMIGIVAQDKRTQQVDMDTFKRLISLIPPEIIIVAVGGISEPEQLKELAKLGVDAVFIGETLMRNPEKIKEFHK,0.5
PSVMDAIVAGAREDLAAREARVSFDELKERAERAPPPRDALAALRAPGVQVIAVYKRKDPSGLDVEQDPIEFAKTMEKYAAALTVLTDEKYFNGSLEDLRKIASAVSIPVICLDFIVDPAQIYLARAYQADAVVLMLSVLDAEQYRQLAAVAHSLNMGVFVDVHDEEDLEKVFSVIKPKIIAIINRDLDTFEVDLNTTEKLLKLIPPDTIVIAIGGIKEPEQIKRLAKLGVDAVFIGEALMRNPDKEKEFQE,1.0
DHPSKGWLKERALMVKHRPMLIDEVKRPIRRLAETILEFNKRNITAIILVCLKASPSTGLVRDDFDPKRIAALYRQYAAAIVVTIDRKAFQADLNFIRVIAQIAPQPIIAFDIIVDPAAIVAIFAAEATAIVLIAAVLDDDQYRQLAAVAHALDLDVILDIFSEEDWEKIASVIRPKVIVIVTTDLETFEIDKSILWKLLKLIPPNTVKLLSGGIKDPRELKDLRGKVNAVFISTSIMKAPDPRRFLEEARKHSI,0.0
ASVLDEIVAGVREDAAARRAQVSLDEVKEQAARAPPARDAMAAFRAPGVAVMLDCLKASPSKGLIREDFDPARIASVYKDYADAIIVLTDEKYYQGSFDFLRIVSSQAPQPIICFDFIVDPYQIYLARYYQADAILLMLSVLDDEQYRQLAAVAHSLNMGVLVMVHDEEELERALKAGARLIGINNTDLKTNEVDLETTKKLASLIPSDVIIISHSGIYNPQQLKDLRGYFDGVLVGTALMRAEDPEKKCREMKAWAE,0.5
PSVLDEIVAGAREDVAARQAEVSLDELKEQAARAPPPRDAMAAFRAPGCAVVALVTKASPSKGDINPDFDPVEIIKIYNKYADAISVLTDEKYFKGSPEYLKQARKHTNLPLLCWDFIVDEYQIYEARAAGADAILLIVAILDDEQLKELYEAARELGMDVLVDIFDEEDLEKVLSVIRPKLIGISNTDYKTFETDLNTTEKLAKLIPPDTILVAISGISEPEQIKRLRKAGVDGVLIGETLVRNPDKIQEFKE,0.5
RKREEIIEAQKKKKQELPEENIQPQRKNHRFIKALLGKERIGIILLCLKASPSKGLIREDFDPVRIASVYRHYADAIAVITDEKYLQGSFEFLRQVSAVAPQPILCVDFIIDPAQIYAAAHYNADAIWLILSVLNDEQARQLAAVAHSLNMGVLVTIHDEEDLEKVFSVIKPKIIAIDNQDLDTFQVDLNTSEKLLKLIPPDCIVICIGGIYDPRQLKDLRGYVDAILVGESIMRAEDPKKFLKEMIAYAE,0.5
MPSVADAIISGARADMAAREAKVSYDELKERAERAPPPRDVLAAFRSPGLALILICLKASPTKGLIREDFDPLRIAAIYRHYADAIEVITDEKYYQGSFSFLRLVRAVAPQPIIMVDFIVDPSQILQARAAGADAVWLIVAILSPEQLKTLYEFAKSLGMEPLVVVHTEEELEIALKAGAEIIGILNIDLRTGSVDLNVAEHLGRLARERGFTGVLIAIGGYSTPEQLKRLRGLFDAVLIGYSIMTAPDIAAKLKELLG,0.5
MRKLEEIIEAAKKKKQELEEENIQPQMKNHNFLKAMLGNERLKIICTFFKASPSKGDINPNADPKQVIKIYDKYADAIAILTEEDFGKGSFEYIKEARKHTNLPIICWDFILDPRQIYQAAAAGADAILLIVRILDEEQIKRLYETAKKLGMDVLILVHDQEDLRKVFSVIRPKIIEIANQDLDTFSVDLSTTLKLLKLIPPETIIISVGGIYTYQQVKELSQYVHGAVISEALMSEEDLEAAVQRVVLGDNKV,0.5
PSVLDAIVAGAREDVAAREAKVSFDEVKERAERAPPPRDVMAALRAPGVAVICVFLKASPSKGDINPDLDPEEIIKIYNKYADAIEVLTERTYFKGSPDYLKQARKITNLPILCWNMIVDPYQIYLARAYHADAILLILSVLDDEQYRQLAAVAHSLNMGVLTVISNEEEMKRAIALGAKIVAILNQDLRNMSIDLNRTRQLAQQLGPGVIIIAYGGYSTKEQLKSLEGLADAVLVGESLMRAPDIAAAIRELIG,0.5
MIQPDLRNVKGLLAEIAKTVAKDLRPRPLPEPPPGPSFESALRRPGLALLLVCLKASPSKGLIREDFDPTRIAAIYRHYADAILVITDEKYHQGSFSFLRIVRAVAPQPIECLDFIVDEIQIYEAAAAGADAILLIVAILTDEALKHLIEVAKSLGMDVIVVVHTEEEAERALKAGAKIIAINAQDWHTGKVDKTLYARIADLLPDEVVKIAVGGYSTKEELKSLEGVFDAVYIGEAIMRAPDIAKALKKLLG,0.5
MDFPDLRNIKGEAAKIAKQVLKDMRPKPLPEPPPIRPLEEALRKPGVAIICLFVKASPSKGDINPDADLESIIRMYDKYADAIAIITEPHYHKGDDEYIKQARKYTNLPIIRVDFIVDPYQVYQARALGASAIFLIVAILGDLLKKFYKLAKDLGLDVLVMVHTEEELERALKAGADIIEISNVDMRTWEVDRSVAEKLGRLARKRGFTGVLIAVGGIYDPRELKDLRGLFDAVLVGEAIMRAEDPEKFLQDMLAYAK,0.5
MEEVLAKIVKDKAIWVEARKQQQPLESFRDEIQPSQRNFYQALTGDRTAFIAIYTRKSPSGLDVERDPIEYAKTMEKYAAALIVATDEKYFNGSLEDLRKIRSAVSIPILRFDFIIDEWQIYEAAAAGADAILLIAAILDDDQLKELYEAAKKLGMDCIVDVHTEEELERALKAGAEVIGIGNMDYRTMEVDRNTAERLGRLARERGFTGVLVAISGISTPEDLKRLKKAGFDAALIGSSLMRNPDKAEEFKE,1.0
MDQPDLRNIPGLLAKIAKTILKSLRPYPLPEPPPVRSFEEALRQPGMAIICIFVKASPSKGDINPNADLEKLIKIYDKYADAIIILTEPHYHKGDLSYIQKARQITNLPILRFDFIVDPYQIYEARAHGASAVLLIVALLGDKLADFIKIAKKLGLDVLVDVRTQEEADRALKAGAKIIAILALDIHTGKVDMTLFERIADRLPDEVVRVAIGGIKEPEQLKRLQKLGADAVLIGETLMKNPDKIKEFIK,0.5
PSVLDEIIAGAREDIEARKAQLSLDELKERAERAPPPRDAMAAFRAPGSAVVLFCLKASPSKGLIREDFDPARIAAVYRHYANAIAVLTDEKYFQGSFDFLRIVSSQAPQPILCADFIVDEYQVHEARAHGADMVLLIVAALDQDQLRRLLELVHSLGMLALVEIHDEEDLEKVLSVVRPKLIGIYNTDYKTFETDLNTTEKLAKLIPPDTILVAILGISEPEQIERLRKAGVDGFLIGSTFARNPDKAAEAKE,0.5
DHPHKGWLKYVMLMAAHRPMFIDELERPLRKLLEVILEFNKRNITAIIAVYTNKAPDGLSTNLDPGEYAKTAAKIAAALVILTDEKYFNGSYETLRKIASQVDIPLIAFDFYVDTKQVYAAWAIGADAIVILVRLLTEEQIKNIYEAAEKLGMDSLVDIFSEEDWEKVASVIRPKLIVIVTRDLETFEQDKSILWKLMKLIPPNTVILLVSGIHVAADIEEQAHVVDGFFISVALMAHDDIHAAFAKIWEANKNA,0.5
MEEVLAKILKDKAKWIEARKQQQPLESFRDEVQPSTRNFYDALQGDKTVFILDCLKASPSKGLIREDFDPVRIAAVYRHYADAIAVLTDEKYFQGSLDFLRQVSSQAPQPILCWDFIIDEIQIWQARAAGADAVLLIAAALSDEELKSLLEAAKSLGMDVIVMVHDEEDLERALKIGARLIGINSTDLKTNEVDLETTKKLASLIPSDVIIISFSGIYTYQQVRELSHYANGFLIGSALMAEDDLEAAVRRVLLGDNKI,0.5
MDLPDLRNVTGEVAKIAKTVLKDLRPAPPNEPPPGRDVEAALRQPGIAIECLYIRKSPSGMDVERDPIEWAKMAEKYAAALVVLTDEKYYNGSYEDLQKIAQAVDIPVFCSDFIVDPYQIYLARAYQADAIVLMLSILSDEAYRQLATVAHKLNMGVVTIISTEEEMKRALKLGARIIAILNIDLRDNSIDLNRTKHLAPQLGPGIVIIALGGIYDPRQLKDLRGLVDAVLVGEALMRAEDPEKFLQDMVKYAK,0.5
RKEEEIIEAAKKKKQEIPEENIQFQLKNHDFLKALLGKERLKIIAIVLKASPSKGDINPDADPEEIIRIYNKYADAITVLTEEDFFKGSPDYIKQARKVTNLPILRWDFIIDESQILEAAALGADAILLIVAILSDEQLKRLYEYARSLGMTPLVDVHTEEEADRALAAGAKIIAVLAKDLKTADVDRSAFERIADRLPDDVVVICIGGIYDPRELKDLRGKVNAVLVGESLMRAEDPKKFLKEMLAYSE,0.5
MPSVLDAILSGVLEDVAARKAKVSLEELKERAKRAPPPLDALAVLLAPGIAIICLITKASPSKGDINPDADPEKIARIYDKYADAIAILTEERYGKGSLSYIQRIRSTTNLPIICVNFIIEPYQIYEARAHGADLVILLVAALDEEQLRRLYELIESLGMVAITDISTEEEMKRALALGAKVIAIINVDMRDWSIDLNRTKHLAPQLGPGVIIIALGGIYDPRQLKDLRGLVDAVYIGEALMRAEDPKKFLQDLLAYAH,0.5
MPSALDAIISGVRADVAARKAKVSLEELKERAKRAPPPRDVLAALRSPGVAIILLCLKASPSKGLIRDDFDPVRIAAVYRHYADAIAVLTDEKYHQGSFSFLRQVRNVAPQPIICVDFIVDPIQLYEAKAHGADAVWLIVAVLGDRLEEFYDTARKLGLHVLVMIHDEEDLKIALRIGARIIEILAIDLKTFKVDLETQKRLISLIPPEVIIIAVGGIEDPQQLKDLRGYVDAVLIGAAIMTAEDPKKFLADLLAYAE,0.5
PSAADAIVAAVREDLAAREARVSFDELKERAERAPPPRDVLAALRAPGVGVIAVYVRKSPSGLDVERDPIEYAKFMEKYADAIAVITDEKYFNGSLEDLRKIASAVSIPVEMLDFIIDEAQIYEAKAMGADAIWLIAAILDKDQLKKLYEAAKELGMDVIMLVHDEEDLEKVFSVCKPKIIAILNRDLDTFKVDLNTTEKLLKLIPPDTIIITIGGISEPEQIKRLAKAGVDAVMIGETLMRNKDKEEEFRE,0.5
PSVMDAIVAGAREDMAAREARLSFDELKEQAARAPPPRDALAALRAPGVSVILLCLKASPSSGLIREDFDPARIAAVYRHYASAIAIITDEKYFQGSFDFLRIVSKVAPQPIICVNFIVDPAQIYLARAHQADACVLILSVLDDEQARQLAAVAHSLNMGVLVDVHDEEDLEKVFSVIKPKIIAIINIDLDTFEVDLNTTEKLLKLIPPDTIVISYGGIYTYQQARELSHYANGFIIGSALMSEDDLEAAVRRVLLGDNKA,0.5
SKMWLIMKMVAHDITQWDAENMIPQIRNHLFLQHLDGKYRVKIIAVCLKATFSKGLIVDDFDPKRIGALYAQYAAAIVVAADRKVFQADFSFLRIIAQIAPQPILFWFFIIDPAAIVAAAANEADAIVLLLAILDDDQYRQLAAVAQALHMDVVVDILCETYMHRAIALGARIVAIINVDLENQQIDLNWTLKLARKLGGNVTVIAISGISEAEQIEELRKAGVNAIMFSSTLAKNPEKIAELNR,0.0
MEEVLAKIVKDKAIWVEARKQQQPIESFRDELQPSTRNFYQALTGDRTAFIALCLKASPSKGLIREDFDPVRIASVYRHYASAIAVLTDEKHFQGSFDFLRQVSKVVPQPVLCWDFIVDSYQIHEARAHGADAVMLIVAALEQEQLEELYARIESLGMTALVEVHTEEELERALRAGAKIIGINNMDLRTMEVDRNTAERLGRLARERGFTGVLVAMGGYSTPEQIKSLRGIFDAVCIGTSLMRAPDIEKKVRELIG,0.5
PSALDAIVAAVREDLAARMAIVSFDELKERAAKAPPPRDVLAALRAPGVGVIAIFVKASPSKGDINPDADPEEIIRIYNKYADAIAVITEKDYFKGSPDYIKQARKVTNLPIICVDFIVDPAQIYMARAYHADAIWLILSVLDDEQYRQLAAVAHSLNMGVFLAVHTEEELERALKLGAEVIGIDNRDLKTFEVDRNVAERLGRLARERGFTGVLIAIGGISSAEEVKRLKKAGFDAFLVGETLMKNPDKIQELRE,0.5
SRADLTNVPGIAGEIARARASEIVPHPIPCPPKVSSFAEALLRPGLAIIAVCLKATPSTGLDLENFDPKKIAALFKQYAAAITAAIDRKAFQADNNFIRIIAQIAPQPILVWDFVVDAAQIVIAAGIYAAAVVLDTSVLEPKVWLEMFKRIASWGMFCCVSVTTERDLQIAIEAGADILIIETTDYKTMRTNIETARRLGRLARKRGFGGILIAAGGYSRKEELKSLEGIFDAVIISTSIMRAPDPEAFIRKLLG,0.5
PSVLDEIVAGVREDAAARRAEVSLDEIKARASKQPPARDAVAAFRAPGVAVILVCQKASPSKGLIREDFDPVRIASVYRHYADAIVVLTDEKYFQGSFDFLRQVRKVAPQPILCWDFIVDPYQIYLARYHQADAILLMLSVLDDEQYRQLAAVAHSLNMGVLVDVHTEEELERALKAGAEIIGINNMDLRTMEVDPNTAERLGRLARERGFTGVLVAHSGIYNPEQLRDLRGYVDAVLVGTALMRAEDPKKFLKEMIAAAE,0.5
PSVLDAIVAGVREDVAARRAHVSFDEIKERAERAPPPLDVLAALRAPGVAVIAVYARKSPSGLDVERDPIEYAKFMEKYVAAIAVLTDEKYFNGSLEDLARIRSAVNLPVECVNFIVDPAQIYLARAYQADAIVLMLSVLDDEQYRELAAVAHSLNMGVFVVVHTEEEAERALALGAEIIAVNVRDLKTAEVDRSAFARIARRLPDDVVKIAYGGISEPEEIKRLAKMGVDAVLIGETLMRNENKEEEFNE,0.5
RKLEEIIEAKKKKKQELPEENIQFQRKNHNFLKALLGSERVRIILICLKASPSKGLIREDFDPVRIASVYRHYADAIAVITDEKYFQGSFDFLRQVAAVAPQPILCVDFIIDPAQIYLAAHYQADAIWLILSVLTDEQARELAAVAHSLNMGVLITVHDEEDLEKVFSVIKPKIIAIDNRDLDTFKVDLNTTEKLLKLIPPDCLIVAVGGISEPEQIERLRKLGVDAVLIGETLVRNPDKAAEFKE,0.5
PSVLDSIVADAREDAAARRAKVSLDEIKEQAARAPPALDALAAFRAPGVQVIAVYTRKSPSGLDVERDPIEYAKTMEKYAAALAVLTDEKYFNGSLEDLRKIRSAVSIPILCVDFIVDPYQIYLARHYQADAILLILSVLDDEQYRQLAAVAHSLNMGVMVEVHTEEELERALKAGAEIIVILNMDLRTMEVDPNTAERLGRLARERGFTGVLVAWSGIYNPQQLKDLRGYFDAILVGTALMRAEDPKKFLKELVAWAE,0.5
DHPVTGWLKKVILLLAHHPYFIDEMEKPIRKLAELVLEFNKRNITAIIALFTRASPSRGDINAHANLEKFIRMYAELARAISIMTEKHYNKGDPAFVKHARNLANFPIIFFLHITRPDLIRAAFAAEADAVVLILSILDDDQYRQLWAVAAALDLDILTDVTTEEQAKRALKIGVKVIVVVPIVSDTDEADPEAIKKIMRNLPPEVQIVAVSGISEAEQLEELRKLGVNAFIISSTIMKNPEKMRELNR,0.5
PDYLKGWLRDVVEAARRRPSKEDEPKKPPISIAEAIEEAKKRNKAAIILVCQKASPSKGLIREDFDPARIASVYRHYASAITVLTDEKYFQGSYDFLRIVSNVAPQPILCWDFIVDESQIHQARSAGADAVLLIVAILTPEELKHLYEYAKSYGMDVLVDVHDEEDLEKVFSVIRPKLIGINNTDLKTFETDLNTTEKLLKLIPPDIIVVSISGIYDPRQLKDLRGKVDAVLVGTAIMRAEDPKKFLKDMIAWAR,0.5
MEEVLAQIVRDKAIWIEKRKQQQPLESFRDEVQPSTRNFYDALQGDRTAFVADFTKASPSKGDINPDADPEEIIRIYNKHADAIGVLTDEKFFKGSPEYLKEARKHTNLPLLRFDFIIDEIQIWQAAAAGADAVTLIVAALSDEELKSLLEAAKSLGMDVLVVVHTEEELERALRAGAKVIGILNMDLKTLEVDLNTAERLGRLARERGFSGVLIAIGGISEPEQIKRLRKAGVDGFIIGESLMRNPEKIKKLKE,1.0
PSAADAAVAGVREDVAAREARVSFDELKERAARAPPPRDALAALRAPGVQVILLCLKASPSKGLIREDFDPARIASVYRHYASAIAVLTDEKYFQGSFDFLRIVRNVAPQPILAVNFIVDPAQIYLARAYQADAIVLIASVLDDEQARQLAAVAHSLNMGVIVFVYDEEDLEKVFSVIKPKIIGIINRDLDTFEVDLNTTEKLLKLIPPDTIVIAIGGYSTKEQLKSLEGLADAVEIGESLMRAPDIAAALRELIG,0.5
MPSVLDAIVAGAREDMAAREAKVPLDELRERAKRAPPPRDVLAALLKPGVAIILLCVKASPSKGLIRDDFDPVRIAAIYRHYADAIAVLTDEKYYQGSFSFLRLVRAVAPQPIICADFIVDESQIYQAKAAGADTVWLIVAILSPDQLKKLYEIAKSLGMDPLILVHDEEDLEKVFSVIRPKIIEILNTDLDTFSTDLNTTEKLLKLIPPETIIVAVGGIEDPRQLKDLRGKVDAVLVGASLMRAEDPKKFLADMLAYAK,0.5
MEEVLAKIVKDKAIWVEARKQQQPLESFRDKVQPSTRNFYDALQGDQTAFIALYLRKSPSGLDVERDPIEYAKFYEKYAAALSVVTDEKYSNGSFEDLRKIASAVNIPILCFDFIIDEIQIYLAAAYGADAIVLWAAILDDEQLKRLYEAARRLGMDCVVDIHDEEDLEKVLSVMRPKIIAIVNTDLRTLETDLNTTEKLAKLIPPDTTVIAIGGISEPEQIKRLRKAGVDAFLIGSTFMRNPDKAKEAKE,0.5
