Design,mutated_sequence,Expression
Des1,DHPSTGWLKDVILMAKHMPMFIDEVEKPIRKLAETILEFNKRNITAIIALYTNKAPDGLSTNMHHQEYALTAAKYAAALVIITDEKYFNGSYETLRKIASSVDIPLIHWHFIVDPALIVAAFAANATAIVLILSILDDDQYRKLAAVAHALDMDVLVDVTTEEQAKRALKLGAKVIVVVPLVSDTGEADEEAIKKIARNLPPEVLIIVAGGIHNAEDLKKAMAAGAHAVIIGHGLVTNGDPRAAFIRLFLAGTDPSCPY,0
Des2,PSVLDDAVAGAREDVAAREARLSFDELKEQAERAPPPRDALAALRAPGVQVIAICLKATPSSGLIREDFDPARIASVYRHYASAITVLTNEKYWQGSFDFIRIVRAVAPQPVLAVDFIVDESQIAEAAAAGADAVELIVAILSPEELASLIEYAQSYGMEPLVIVHTEEEAERALAAGAKVIGVLAWDLKTMEVDPSAFARIADRLPDDVVKVALAGVRGPEDLLAAAAAGADAVLVGLGLVTHGDPRQALADLVTAGTHPSCPR,1
Des3,DLPSDGWLKNVILAAAHRPMLIDELKRPIRKLAETILEFNKRNITAIIAVIIKASPSTGLIRDDFDPVRIAALYAQYAAAIAVAADEKAFQAAPYFIRIIAQIAPQPIIKWDFVTNPEMLEAAWRLGAAAIVIIVALTGHRTGEYLEIARRLDLEVLVDIYSEEDWEKVASVARPKVWVIVTTDPETFETDKSIVWKLLKLIPPNTVKLLVSGTNVARIAIEQAHCVDGFFISSALMAHDDLHAAMAKIARANKNA,0
Des4,MDLPDLRNVTGEVAKIAKTVLKDLRPAPPNEPPPGRDVEAALRQPGIAIECLYIRKSPSGMDVERDPIEWAKMAEKYAAALVVLTDEKYYNGSYEDLQKIAQAVDIPVFCSDFIVDPYQIYLARAYQADAIVLMLSILSDEAYRQLATVAHKLNMGVVTIISTEEEMKRALKLGARIIAILNIDLRDNSIDLNRTKHLAPQLGPGIVIIALGGIYDPRQLKDLRGLVDAVLVGEALMRAEDPEKFLQDMVKYAK,1
Des5,PRYLKGWLKEVVQHALRRPSVEAQRDRPIINLAERILEALKRNKLAIIAFCLKASPSKGLIREDFDPARIASVYRHYASAIIVLTDEKHYQGSYDFLRIVKQVAPQPVIMYDFTVKEYQIYDAYALGADCVLLIVAILTEEELKRLLEYARSYGMEPIVDIFDEEDLEKVFSACRPKLIGITNTDLKTLETDLNTTERLAKLIPPDTIIIAAGGIRGPEDVLRAAAAGADAVVVGDGLVTHGDPAQALADLVTAGAHPSCPR,0
Des6,PSVLDSIVADAREDAAARRAKVSLDEIKEQAARAPPALDALAAFRAPGVQVIAVYTRKSPSGLDVERDPIEYAKTMEKYAAALAVLTDEKYFNGSLEDLRKIRSAVSIPILCVDFIVDPYQIYLARHYQADAILLILSVLDDEQYRQLAAVAHSLNMGVMVEVHTEEELERALKAGAEIIVILNMDLRTMEVDPNTAERLGRLARERGFTGVLVAWSGIYNPQQLKDLRGYFDAILVGTALMRAEDPKKFLKELVAWAE,1
Des7,MEEVLAKIVKDKAIWVEARKQQQPIESFRDELQPSQRNFYQALTGDRTAFIAICLKASPSKGLIREDFDPVRIASVYRHYADAIIVLTDEKYFQGSFDFLRQVAKVVPQPILCFDFIIDPYQIYLARYHQADAILLMLSILNDEQYRQLAAVAHSLNMGVLVDVHDEEDLEKVFSHVRPKIIGISNTDLKTLETDLNTTEKLLKLIPPDTVVVSSSGIYNPEQLKDLRGKVDAVLVGTALMRAEDPKKFCKDMIAAAE,1
Des8,PSVLDAIIAGVREDIAAREARVSFDELKERAARAPPPRDVMAALRAPGVAVIALFIKASPSKGDINPDADPKEIIRIYNKYADAITVLTEKDYFKGSPEYLRQARKHTNLPLICLDFIIDPAQIYLARAYQADAIVLILSVLDDEQYRQLAAVAHSLNMGVFVDVHTEEEAERALAAGAKVIAVLAWDLKTAQVDKSAFKRIADRLPDDVVRVAIGGYSTKEELKSLEGVFDAVFVGESLMRAPDIAAALRELIG,1
Des9,MDQPDLRHVPGEQAEIAKTIKKSLRPKPLPPPPPGPSVESALRRPGIAIICLFIKASPSKGDINPDADLESIIRMYDKYADAIVILTEPHYGKGSLEYIKKARNYTNLPIIRQDFIVDESQIYEAKAAGADAVLLIVSILEPKALKDLYEYARSYGMDPYTLISTEEEMKRALALGAKIIAILNIDLRDNSIDLNRTKHLAPQLGPGIVIEAVGGIYNPQQLKDLRGLVDAVLIGEAIMRAEDPKKFLQDLLKYAE,1
Des10,SRPDLTNVPGDLGEWARARASVCKPHPVPCPPDCSSFYEALLRPGLALIAVCLKASPSTGLVRDDFDPVRIAAIYRQYAAAIIVATAREVFQADNNFIRIIAQIAPQPIIKWDFITDPFMLEAAWAFGAAAIVLIVALAGHLTGEYLEIANRYDLFVLVDINDEHDLELALRAGAPIIVINAKDLATNEIDKENQKKLISMIPPNVMVIAAGGYSRKEELKSLEGLADAVIISTSIMKAPDPEAFMRKLLG,0
Des11,PSVLDEIIAGAREDVAARRAQVSLDELKEQAARAPPPRDAMAAFRAPGCAVILVCLKASPSKGLIREDFDPVRIASVYRHYADAIVVLTDEKYFQGSFDFLRQVSQVAPQPILCYDFIVDEYQVWEARAHGADMVLLIVAALDQDQLRSLLELIHSLGMTALVDVHTEEELERALKAGAEVIGINNMDYRTMEVDLNTAERLGRLARERGFSGVLVAISGISEPEQIKRLRKAGVDAVLIGATFVRNPDKAAEAKE,0
Des12,DAAIIKHTKGAVAAMAKAVALKQKPEPAAEPPPGRSFEAALRRPGVAIIAVYLRKSPSGVDVERDPIEFAKTAEKYAAAIVVITDEKYFNGSLEDLRKIRSAVDIPVLAYDFIVDPAQIYLARAYAADAIVLILSVLDDEQYRQLAAVAHSLNMGVEVIVHTEEEAERALALGARIIAVLAIDFKTMEVDRSAFARIADRLPDDVVRLAIGGIYTYQQVRELSHYANGAFIGSALMSEDDLEAAIRRVALGDNKA,1
Des13,MDQPDLRNVKGEAAKIAKTLRKDLRPDQLPEPPPVKSLESALRRPGLAIICQYIRKSPSGLDVERDPIEWAKLMEKYAAALVVLTDPKYYNGSLEDLRKIRSTVDIPIIRQDFIVDPYQLYEARAHGASAILLIVAILGDKLKDFIKIARELGLDVYVLVHTEEELERALKAGARIIGISNTDLRTHTVDMSVAEHLGRLARKRGFTGLLECVGGIYDPRQLKDLRGLFDAFLVGEAIMRAEDPKKFLQDLVKYAK,1
Des14,MEEVLAKIVKDKKIWVEARKQQQPLESFQNKIQPSTRNFYDALQGDKTAFILVCLKASPSKGLIREDFDPVRIAAVYRHYASAIAVLTDEKYFQGSLDFLRQVSSVAPQPILCYDFIVDEIQIYQAALHGADAILLIVAVVGDRLKEFIDVARSLGLDVIVDIHDEEDLEKVLSYCRPKIIGITNTDYRTMETDLNTTEKLAKLIPPDTILISFSGIYTYQQVRELSHYANGFLIGSALMAEDDLEAAVRRVLLGDNKI,1
Des15,MPSALDEIVSGAREDMAQREAKVPYEELKERAERAPPPRDVLAHLRSPGLSLLCLYVRKSPSGLDVERDPIEWAKLAEKYADALVVITDEKHYNGSLEDLKKIASAVTIPIIRADFIVDESQIAEAKAAGADAIWLIVAILSPDQLKRLYKYAKSYGMDPLILVHTEEELKRALKLGAEIIEVSNIDLRTHRVDLSVAEHLGRLARKQGFTGVLICVGGIYDPRQLKDLRGLFDAFLVGAALMTAEDPKKFLQDLVAYAK,1
Des16,RKEEEIIEAAKKKKQELDEENIQPTRKNHDFLKALLGKERIRIIALFLKASPSKGDINPDADPEEIIRIYNKYADAITVLTEEDFFKGSPDYIKQARKITNLPILRWDFIIDERQILEAAALGADAVLLIVAILTDEQLKSLYEYARSLGMTVETVVSNEEEMKRAIALGAKIIAILNRDLRNMSIDLNRTRQLASQLGPGVVVIAILGIRGPEDLLAAAAAGADAVVVGEGLVTHGDPRQALADLVTAGTHPSCPR,1
Des17,MEEVLAKIVRDKAIWVEARKQQQPIESFRDKVQPSQRNFYQALTGDRTAFIALFSKASPSKGDINPDADPAEIIKIYNKYADAIVVLTDEDFNKGSPDYIKEARKHTNLPILMFDFILDPYQIYLAALWGASAVLLIVAVAGDRTAEYYKLAEELGLDVLVDVFDEEDLEKVFSYCRPKIIGIVNTDFATFETDLNTTEKLLKLIPPDTIVVSLSGIYDPRQLKDLRGKVDAFLVGTSLMRAEDPKKAMEEMIAWAE,1
Des18,DHPVTGWLKKVILLLAHHPYFIDEMEKPIRKLAELVLEFNKRNITAIIALFTRASPSRGDINAHANLEKFIRMYAELARAISIMTEKHYNKGDPAFVKHARNLANFPIIFFLHITRPDLIRAAFAAEADAVVLILSILDDDQYRQLWAVAAALDLDILTDVTTEEQAKRALKIGVKVIVVVPIVSDTDEADPEAIKKIMRNLPPEVQIVAVSGISEAEQLEELRKLGVNAFIISSTIMKNPEKMRELNR,0
Des19,PRYLKGWLKEVVQHAKRRPSEEAQRKKPIISLASRILEVNKRGKIAIIAMVARASPSEGAIRPLDPVEAAKTYEEAGAAAISVATDPKFFGGSDEYLKAVRSAVDLPIIAVDFIVDPYQIYLARHAQADAILLILSVLDDEQARQLAAVAHSLNMGVEVIVHTEEEAERALAIGAKVIAVWARDMKTFEVDRSAFARIADRLPDDVVRIALGGIYDPRQLKDLRGKFNAVLVGEALMRAEDPKKFMKDMVAWSE,0.5
Des20,PTPQDDHKTNARKDQSKRNASVSYNDFLALAALAPPPCDALAALRSPGVGIIIVLLKASPMTGLIVDDFDPRRIAAIAAQYADALLVATDRTAFQADFSFIRIIAQIAPQPIIAWDFYIDTVQVYAAKAAGADMIVIIVRILTEEQIKNIYEAAEELGMDSLVDIMDETAMHRAIAFGTRIIVIINIDLENQRIDFNWTLKLANKLGGNVTVILVGGIRNAEDLAKAAAAGADAVVIGEGLVTNGDPRAAFIHLLEEGLHPGCPY,0
Des21,RKEEEIIEAAKKKKQELLEENIQFQRHNHRFLKALLGKERIRIIALILKASPSKGDINPDFDPETIIRIYNKYADAITVLTEEDFFKGSPEYLQQARKITNLPILRWDFVVDPAQIWEAAAHGADCIDLIVRVAGDRTAEFYKLASELGLDVLVIVHDEEDLEKVFSYLKPKIIAILNRDLDTFEVDLNTTEKLLKLIPPDTIVVALVGVRGPEDLLRYAAQGADAVVVGEGLVTHGDPRQALADLVTAGTHPSCPR,0
Des22,PSAMDAIVAGAREDVAAREARLSFDELKEQAARAPPPRDALAALRAPGVQVILVCQKASPSHGLIREDFDPVRIASVYRHYASAIAVITDEKYFQGSFDFIRQVSAVAPQPILAVDFIVTPYQIHEARAHGADMVWLIVAALEDAQLEELYERVESLGMHALITVHDEEDLEKVFSHIKPKIIAIDNVDLDTFEVDLNTTEKLLKLIPPDTIVISVGGIYTYQQVRELSHYANGFIISSALMSEDDLEAAVRRVTLGDNKA,1
Des23,DEAILKHVKGALAEAAKQVALDQKPDQAAEPPPGRSFEAALRRPGVAIIAVYIRKSPSGLDVERDPIEYAKTAEKYAAALAVLTDEKYFNGSLEDLRKIRSAVDIPVERVDFIVDEYQILEAAAAGADCVLLIVAILTPKALASLYEYARSYGMDVIVLVHTEEELERALRLGAKIIGILNQDLRTFEVDRNTFERLGRLARERGFTGVLIATLGARGPEDLLHYAAAGADAVYVGQGLVTHGDPRQALADLATAGTHPSCPR,0.5
Des24,RKKEEIIEAQKKKKQNLEEENIQPQRTNHNFLKALLGKERICIIAIFIKASPSKGDINPDADPEEIIRIYNKYADAITVLTEEDFFKGSPSYLQQARKYTNLPILCWDFIIDPAQIYLAAHYQADAIVLILSVLNDEQARQLAAVAHSLNMGVLFDVHDEEDLEKVFSVIKPKIIAIINHDLDTFEVDLNTTEKLLKLIPPDCLVICIGGIYDPRQLKDLRGKVNAILIGEAFMRAEDPKKFLQDLLAYAE,1
Des25,PSALDAIVADVREDVAARKAKVSFDELKERAARAPPPRDAEAALRRPGVAVIAIFIKASPSKGDINPDADPEEIIRIYNKYVDAIAVITEREYFKGSPEYIKQARKLTNLPILRIDFIIDEYQIYEAKALGADAIWLIVAILDKDQIKELYEAAKELGMEVIITVHDEEDLEKVFSVIKPKIIAIDNRDLDTFSVDLNTTEKLLKLIPPDTIIIAVGGISEPEQIKRLAKLGVDAVLIGETLMKNPNKIQEFTE,1
Des26,MARELKGWLKDVVEMAKRRPTFLAERKKPIINLAKRILELKKRGKLALIALYMRKSPSGLDVERDPIEWAKFMEKYVVALVVLTDEKYYNGSLEDLRKIRSAVDIPIICVDFIVDPYQIYLARHYQADAIILMLSVLTDEEYRQLASVAHALNMGVIVLVHTEEELERALRLGASMIGIMNTDLRTFEVDRNVAEHLGRLARERGFTGVLEAVGGVSEPEELKRLRKLGFDAVFIGETLMRNPSKIQEFQE,1
Des27,MEEVLAQIVRDKAIWIEKRKQQQPLESFRDEVQPSTRNFYDALQGDRTAFVADFTKASPSKGDINPDADPEEIIRIYNKHADAIGVLTDEKFFKGSPEYLKEARKHTNLPLLRFDFIIDEIQIWQAAAAGADAVTLIVAALSDEELKSLLEAAKSLGMDVLVVVHTEEELERALRAGAKVIGILNMDLKTLEVDLNTAERLGRLARERGFSGVLIAIGGISEPEQIKRLRKAGVDGFIIGESLMRNPEKIKKLKE,1
Des28,MEEVLAKIVRDKAIWVEARKQQQPLESFRDEVQPSQRNFYQALTGDRTAFIAFYTRKSPSGLDVERDPIEYAKEMEKYAAALVVLTDPKYFNGSMEDLRKIRSAVSIPILRFDFILDPYQIYEAAAMGASAVLLIVAVLGDRTAEFYKLARELGLDVLVDVFDEEDLEKVFSYCRPKIIGIVNTDLATFETDLNTTEKLLKLIPPDVIVVSISGIKNPQQLKDLRGKFDAVLIGTSLMRAEDPGKFLKDMFAWAE,1
Des29,PRYAEGWLKIVIQHALRRPSIEAQRDRPIINLAERILEANKRNKVAIIALFTKASPSKGDINPDADPEEIIKIYNKYADAISVLTEEKFNKGSPEYIRQARQATNLPILMWDFIVKEIQIYDAYALGADCVLLIVAILTEEELKSLYEYAKSYGMDPLVDIHDEEDLRQVLSALRPKLIGINNTDLKTFQTDLNTTKKLAKLIPPDTIIVAISGISSKEEIERLRKLGVNAFLIGETLMKNPEKAKEFKE,1
Des30,PSVLDEIIAGAREDVAARAAYLSMDELKELAARAPPPRDAMAAFRAPGVAVILLFTKASPSKGDINPDADPAEIIKIYNKYADAIVVTTDEKYFKGSPEYLKEARKHTNLPLLCFDYIVDPYQVHEARAHGADMVLLIVAALDQDQLRSLLELVHSLGMTALVDVHDEEELERALRAGARVIGILSRDLKTNEVDLETSKKLASLIPSDVIIISISGIYNPQQLKDLRGYFDAFIVGTALMRAEDPDKKCREMRAWAE,1
Des31,MEEVLAKIVRDKKIWVEERKQQQPLESFRDKVQPSTRNFYDALQGDKTAFILVCLKASPSKGLIREDFDPVRIAAVYRHYANAITVLTDEKYFQGSFDFLRQVSQVAPQPILCFDFIVDEWQLYLAALFGAAAILLIVAILGDRTKEFIDMARELGLDVLVDVHDEEDLEKVFSYCRPKIIGVVNTDWRTMETDLNTTEKLAKLIPPDTIVIAISGISEPEQVKRLRKAGVDGVLIGSTFARNPDKAAEAKE,1
Des32,PSAMDAIVAGIREDVAAREARVSFDEAKERAARAPPPRDALAALRAPGVRVIAVVARASPSEGAIRPLDPVEAAREYEKAGASAICVLTDPHFFGGSPEYLKAIRSAVDLPIICFDFIVDPAQIYLARAYQADAIVLIASVLDDEQARQLAAVAHSLNMGVIVDVHDEEDLEKVFSVIKPKIIAILNQDLDTFEVDLNTTEKLLKLIPPDTIVIAVGGIYTYQQVRELSHYANGFFISSALMSEDDLHAAVRRVALGDNKA,1
Des33,MPSVLDAILSGVLEDVAARKAKVSLEELKERAKRAPPPLDALAVLLAPGIAIICLITKASPSKGDINPDADPEKIARIYDKYADAIAILTEERYGKGSLSYIQRIRSTTNLPIICVNFIIEPYQIYEARAHGADLVILLVAALDEEQLRRLYELIESLGMVAITDISTEEEMKRALALGAKVIAIINVDMRDWSIDLNRTKHLAPQLGPGVIIIALGGIYDPRQLKDLRGLVDAVYIGEALMRAEDPKKFLQDLLAYAH,0
Des34,PSVMDAIVAGAREDLAAREARVSFDELKERAERAPPPRDALAALRAPGVQVIAVYKRKDPSGLDVEQDPIEFAKTMEKYAAALTVLTDEKYFNGSLEDLRKIASAVSIPVICLDFIVDPAQIYLARAYQADAVVLMLSVLDAEQYRQLAAVAHSLNMGVFVDVHDEEDLEKVFSVIKPKIIAIINRDLDTFEVDLNTTEKLLKLIPPDTIVIAIGGIKEPEQIKRLAKLGVDAVFIGEALMRNPDKEKEFQE,1
Des35,MEEVLAKIVKDKKKWVEARKQKQPLESFRDSLQPSQRNFYQALTGDRTAFIASCEKASPSKGLIREDFDPARIAAVYRHYADAIVVLTDEKYFQGSFDFLRIVRKVAPQPILCWDFIVDSYQIWLARYHGADAVLLIVAALDDEQLRELYERVESLGMTALVDVHTEEELERALKLGAKIIGIGNTDLRTMEVDRNTAERLGRLARERGFTGVLVAFSGIYDPRELKDLRGYFDAVLVGTSIMRAEDPKKACKDMVAWAE,1
Des36,DAAIIKHVKGEQAEIAKAVYLNIKPKPLAEPPPGRSFEAALRRPGVAIIAIFLKASPSKGDINPDADPEEIIKIYNKYADAITVLTEEHFFKGSPSYIQQARKHTNLPILRWDFIVDERQILEARALGADAILLIVAILTPKALKSLYEYARSLGMEVLVDVHTEEELERALKAGAKIIGILNRDLRTFEVDPNTAERLGRLARERGFTGVLVSIGGIYNPQQLKDLRGYFDAVLVGESLMRAEDPKKFLEEMIAWAE,1
Des37,MMDADLRNVKGLAAEIAKQIYKDIRPKPLPEPPPGFDFEAALRKPGIAIIAVVLRASPTTGDIKPLDPVEVARIYEKAGADAIEVLTDEKYLGGSLEFLKKIASAVSLPILRWDFIVTPYQIYEARAHGADAVLLIVSALEDEALKDLYARVESLGMVAVVLVHTEEELEKALRIGAKIIGILNMDLRTLEIDRSVALHLGRLARERGFTGVLIALGGYETKEQLKSLEGLFDAVLIWYALVRAPDIETKLRKLIG,1
Des38,MEEVLAKIVRDKRIWVEARQQQQPLESFQNQVQPSTRNFYDALQGDKAVFIAVYMRKSPSGLDVERDPIEYAKFMEKYAAGLTVCTDEKYWNGSYEDLKKIASAVSIPILMFDFIVDEYQIFDARALGADAVVLFVAILSEEELKSLLEYARSYGMEPLIDIHDEEDLEIALKIGARLIGVGSRDLKTNKVDLETQKRLISLIPSDVIIVAIGGISEPEQVKELRKLGVDAFLIGSTLMRNPEKIKELTE,1
Des39,SKMWLIMKMVAHDITQWDAENMIPQIRNHLFLQHLDGKYRVKIIAVCLKATFSKGLIVDDFDPKRIGALYAQYAAAIVVAADRKVFQADFSFLRIIAQIAPQPILFWFFIIDPAAIVAAAANEADAIVLLLAILDDDQYRQLAAVAQALHMDVVVDILCETYMHRAIALGARIVAIINVDLENQQIDLNWTLKLARKLGGNVTVIAISGISEAEQIEELRKAGVNAIMFSSTLAKNPEKIAELNR,0
Des40,DHPHKGWLKYVMLMAAHRPMFIDELERPLRKLLEVILEFNKRNITAIIAVYTNKAPDGLSTNLDPGEYAKTAAKIAAALVILTDEKYFNGSYETLRKIASQVDIPLIAFDFYVDTKQVYAAWAIGADAIVILVRLLTEEQIKNIYEAAEKLGMDSLVDIFSEEDWEKVASVIRPKLIVIVTRDLETFEQDKSILWKLMKLIPPNTVILLVSGIHVAADIEEQAHVVDGFFISVALMAHDDIHAAFAKIWEANKNA,0
Des41,PRYAKGWLKDVIQHALRRPLIEAQRDRPIISLAERILEANKRNKVAIILVCLKASPSKGLIREDFDPLRIASVYRHYASAIVVLTDEKYFQGSFDFLRIVSQVVPQPVLCFDFIVDEYQIYLAYALGADAILLIVAILTDEQLKELYEIARSLGMDALVDVHDEEDLEKVFSVMRPKLIGITNTDWKTFETDLDTTKKLAKLIPPDTIIVAISGISEPEQIERLRKLGVNAFLIGTTLMRNPDKASEFKE,0
Des42,PSAADAIVAAVREDLAAREARVSFDELKERAERAPPPRDVLAALRAPGVGVIAVYVRKSPSGLDVERDPIEYAKFMEKYADAIAVITDEKYFNGSLEDLRKIASAVSIPVEMLDFIIDEAQIYEAKAMGADAIWLIAAILDKDQLKKLYEAAKELGMDVIMLVHDEEDLEKVFSVCKPKIIAILNRDLDTFKVDLNTTEKLLKLIPPDTIIITIGGISEPEQIKRLAKAGVDAVMIGETLMRNKDKEEEFRE,1
Des43,RKLEEIIEAKKKKKQELPEENIQFQRKNHNFLKALLGSERVRIILICLKASPSKGLIREDFDPVRIASVYRHYADAIAVITDEKYFQGSFDFLRQVAAVAPQPILCVDFIIDPAQIYLAAHYQADAIWLILSVLTDEQARELAAVAHSLNMGVLITVHDEEDLEKVFSVIKPKIIAIDNRDLDTFKVDLNTTEKLLKLIPPDCLIVAVGGISEPEQIERLRKLGVDAVLIGETLVRNPDKAAEFKE,1
Des44,MEEVLAKIVRDKAIWVEARKQQQPIESFRDELQPSTRNFYQALTGDRTAFILVCIKASPSKGLIREDFDPVRIASVYRHYADAIVVLTDEKYFQGSFDFLRQVSKVAPQPVLCWDFIIDEYQIRLAAAAGADAILLIAAILDKDQLKELYEAAKELGMDCLVDIHDEEDLERALRAGARLIGINSTDLKTNEVDLETTKRLISLIPSDVVIVSISGIYNPQQLKDLRGYVDAVLVGTAIMRAEDPKKFCKEMVAKAE,1
Des45,PSAADAAVAGVREDVAAREARVSFDELKERAARAPPPRDALAALRAPGVQVILLCLKASPSKGLIREDFDPARIASVYRHYASAIAVLTDEKYFQGSFDFLRIVRNVAPQPILAVNFIVDPAQIYLARAYQADAIVLIASVLDDEQARQLAAVAHSLNMGVIVFVYDEEDLEKVFSVIKPKIIGIINRDLDTFEVDLNTTEKLLKLIPPDTIVIAIGGYSTKEQLKSLEGLADAVEIGESLMRAPDIAAALRELIG,1
Des46,PSVLDEIIAGARADVAARRAQVSLDELKEQAARAPPPRDAMAAFRAPGVAVILDCLKASPSKGLIREDFDPARIASVYKDYADAIAVITDEKYFQGSFDFLRIVSQVAPQPILCFDFIVDEYQVWEARAHGADMVLLVVAALDDDQLRSLLELIHSLGMTALVIIHDEEDLEKVLSHCRPKLIGIANTDWKTFETDLNTTEKLAKLIPPDTILIAVGGIYNPQQLKDLRGYVDGVIVGTALMRAEDPEKAARELRAWAE,1
Des47,PSVLDEIIAAARKDAAARRAQVSLDELKEQAERAPPPRDAMAAFRAPGCAVILLCEKASPSKGLIREDFDPVRIASVYRHYADAIYVITDEKYFQGSFDFLRQVSAVVPQPIYCYDFIVDEYQIAEARAAGADAVLLIVAALSEEELKSLYEYARSLGMDVLVDIHDEEDLEKVLSVIRPKLIGIVNTDWKTFETDLNTTEKLAKLIPPDTILVAISGISEPEQIKRMRKAGVDAVLIGSTFARNPDKAAEAKE,1
Des48,MEEVLAKIVRDKRIWVEERQQQQPLESFQNTVQPSTRNFYDALQGDKAVFIAVYMRKSPSGLDVERDPIEYAKFMEKYAAGLIVLTDEKYFNGSYEDLRKIASAVSIPILMYDFIVDEYQIFQARALGADAVVLFVAILSEEELKSLLEYARSYGMEPLIDIFDEEDLEIALKIGARLIGVGSMDLKTNRVDLETQKRLISLIPSDVIIVAIGGISEPEQVKELRKLGVDAFIIGSTLMRNPEKIKELTE,1
Des49,PSVLDAIVAGVRADVAAREARVSFDELKRRAERAPPPRDVLAALRAPGVSLICVFLKASPSKGDINPDADPEEIIKIYNKYADAITVLTEKDYFKGSPDYLKQARKATNLPIIRWDFIIDEIQIYEARAAGADAILLIAAILDKDQIKELYETAKELGMDVEVVVHDEEDLRKVFSVIKPKIIAIINQDLDTFRVDLNTTEKLLKLIPPDTIVVCIGGIYTYNQVRELSRYANGFVISSALMSEDDLEAAVRRVLLGDNKV,0
Des50,PSAMDAAVAGAREDMAAREARLSFDELKEQAERAPPPRDALAALRAPGVGVIALFVKASPSKGDINPNADPEEIIKIYNKYADAIIVATERDYFKGSPEYIRQARKATNLPIIAWDFIVDPAQIYMARAYQADAIILIASVLDDEQARQLAAVAHSLNMGVIVDVHDEEDLEKVFSVIKPKIIAIINRDLDTFEVDLNTTEKLLKLIPPDTIVIAVVGARGPEDLLHYAAAGADAVIVGQGLVTHGDPRQALADLVTAGTHPSCPR,1
Des51,PSVMDAIIAGVREDVAAREARLSFDEIKEQAERAPPPRDGLAALRAPGVGVIAWVMRASPSEGAIRPLDPVEAARTYEEAGASAIFVLTDPRYFGGSDEDLKAVRSAVDLPILCVNFIVDPAQIYLARAHQADAIVLIASVLDDEQYRQLAAVAHSLNMGVFVDVHTEEEAERALQAGAKVIAVLARDLKTFEVDRSAFARIADLLPDDVVRVAIGGIRGPEDLLAAAAWGADAVLVGEGLVTHGDPRQALADLATAGTHPSCPR,1
Des52,MEEVLAKIVRDKAIWVEARKQQQPLESFRDEVQPSTRNFYDALQGDRTAFILSCIKASPSKGLIREDFDPARIASVYKDYASAIAVLTDEKYFQGSLDFLRIVSSQAPQPILCWDFIIDEYQIWLAAYAGADAVLLIAAILSDEELKSLIEAARSLGMEVLVDIHDEEDLEKVLSHIRPKIIGITNQDYRTMEVDLNTTEKLAKLIPPDTILIAYGGVRGPEDLLRYAAAGADAVLVGAGLVTHGDPRQAVADLVTAGTHPSCPK,1
Des53,PSAADAIVAGVREDVAAREAVVSFDEMKERAERAPPPRDALAVLRAPGVAVIAIFLKASPSKGDINPDADPEEIIRIYNKYADAITILTEKDYFKGSPDYIKQARKITNLPIICWDFIIDEYQIYEARAAGADAILLIAAILDDDQMKTLYEAAKELGMECIVDVHTEEELERALRAGAEIIGILNRDLKTFEVDRNTAERLARLARERGFTGVLIAIGGISEPEEIKRLAKLGVDAVLIGETLMKNPDKAQEFRE,1
Des54,PTALDDINTNVRKEQSRRNAKVSYNDFKAAAALAPPPCDVQAALRSPGLVIIVVCLKASPAEGLVRDDFDPRRIAALYRQYAVAIVVTTDPTAFQADFSFIRIIAQIAPQPIIAYDFYIDTVQVYAAKAFGADAIVIIVRILTEEQIKNIYEAAEELGMDPFVDIFSEEDWEKVASVIRPKIIVIVTTDLDTFKTDKSILWKLMKLIPPNTIILATGGIEDPRELKDLRGKVNAVFISTSIMRAPDPRAFLEKLEKHAH,0
Des55,MEEVLAKIVKDKAIWVEARKQQQPLESFRDEIQPSQRNFYQALTGDRTAFIAIYTRKSPSGLDVERDPIEYAKTMEKYAAALIVATDEKYFNGSLEDLRKIRSAVSIPILRFDFIIDEWQIYEAAAAGADAILLIAAILDDDQLKELYEAAKKLGMDCIVDVHTEEELERALKAGAEVIGIGNMDYRTMEVDRNTAERLGRLARERGFTGVLVAISGISTPEDLKRLKKAGFDAALIGSSLMRNPDKAEEFKE,1
Des56,PSVMDAIVAGAREDMAAREARLSFDELKEQAARAPPPRDALAALRAPGVSVILLCLKASPSSGLIREDFDPARIAAVYRHYASAIAIITDEKYFQGSFDFLRIVSKVAPQPIICVNFIVDPAQIYLARAHQADACVLILSVLDDEQARQLAAVAHSLNMGVLVDVHDEEDLEKVFSVIKPKIIAIINIDLDTFEVDLNTTEKLLKLIPPDTIVISYGGIYTYQQARELSHYANGFIIGSALMSEDDLEAAVRRVLLGDNKA,1
Des57,PSVLDEIIAGVREDAAARAAQVSLDELKERAARAPPPRDVMAAFRAPGVAVILVCLKASPSKGLIREDFDPARIAAVYRHYANAIVVLTDEKYFQGSFDFLRIVSSQAPQPIICYDFIVTPYQIYEARAHGADLVLLIVAALDQEQLRSLLELVHSLGMTAVVDIFDEEDLEKVLSHVRPKIIGITNTDYKTFETDLNTTEKLAKLIPPDTIVISFSGIYTYQQVRELSHYANGFLIGSALMAEDDLEAAVRRVLLGDNKI,0
Des58,MEEVLAKIVKDKKIWVEARKQQQPLESFRDQVQPSTRNFYDALQGDKTAFILVCLKASPSKGLIREDFDPARIAAVYRHYASAIVVLTDEKYFQGSFDFLRIVSSQAPQPILCYDFIVDEIQLYLAAYYGAAAILLIVAVLGDRTKEFIDIARELGLDVLVDVHDEEELERALRAGARIIGVNSRDLKTNEVDLETAKKLASLIPSDVTIVSISGIYTYQQVRELSHYANGFLIGSALMAEDDLEAAVRRVLLGDNKI,1
Des59,MDAADLRNVKGLLAEIAKQRYKDDRPFPIPPQPPGRDYEAALRRPGLAIICAYMRKSPSGMDVERDPIEWAKLMERYAAALAVLTDPKFFNGSPEDLKKIRSAVDIPVLRVDFIVTEYQVHEARAHGADAVLLIVALLEQEVLESLLALIHSLGMNALVEVHTEEEAERALKAGARIIGILAMDWRTGDVDKTLFERIADRLPDEVVRIAIGGIYDPRQLKDLRGKFDAVLVYEAIMTAEDPEKFLKDMVKYAK,1
Des60,DHPSTGWLKYVMLAAKHRPMFIDELERPIRRLAETILEFNKRNITAIILVILKASFSTGLDLDDFDPRRIAAIMAQYAAAIVVIADEKWFQQPPLAIRIVAQIAPQPIIAWDFYVDTKQVYAAWAWGADAIVIIVKLLTEEQIKNIYEAAEELGMDTLVDVTTEEEAKRALKAGAKIIVVQPIVDATSEVDEEAIKRIMRNLPPEVIILVAGGIRNAEDLAKAMAAGADGVFIGHGLVTNGDPRAAFQHLVEEGTHPSCPY,0
Des61,RKEEEIIEAAKKKKQEIPEENIQFQLKNHDFLKALLGKERLKIIAIVLKASPSKGDINPDADPEEIIRIYNKYADAITVLTEEDFFKGSPDYIKQARKVTNLPILRWDFIIDESQILEAAALGADAILLIVAILSDEQLKRLYEYARSLGMTPLVDVHTEEEADRALAAGAKIIAVLAKDLKTADVDRSAFERIADRLPDDVVVICIGGIYDPRELKDLRGKVNAVLVGESLMRAEDPKKFLKEMLAYSE,1
Des62,PSAMDAAVAGVREDVAAREARLSFDEIKEQAARAPPPRDALAALRAPGVGVIAVVFRASPSQGAIRPLDPVEAARTYEEGGASAISVITDPKYFGGSDEYLKAVRSAVDLPIERVDFIIDEAQIYEAKAAGADFILLIAAILDAEQIKRLYEAARELGMEVIVLVHDEEDLEKVFSVIKPKIIAILNRDLDTFEIDLNTTEKLLKLIPPDTLVIAVGGIYDPRQLKDLRGKVDAVWVGESLMRAEDPKKFIKEMVAWAE,1
Des63,PSVLDALVAGAREDVAAREARLSFDELKEQAARAPPPRDALAALRAPGVSVILICLKAQPAKGLIREDFDPVRIASVYRHYASAIAVITDEQYLQGSFDFLRQVSAVAPQPILAIDFVVTPYQIHEARAHGADMVELIAAALEDAQMEELYERTESLGMHALVVVHDEEDLEKVFSHIKPKIIGIWNRDLDTFEVDLNTTEKLLKLIPPDTIVVSIGGIYTYQQVRELSHYANGFLISSALMSEDDLEAAVRRVTLGDNKA,1
Des64,PSAMDAIIKGVREDVAAREARVSFDELKEQAARAPPPRDALAHLRAPGVSIIAMFIKASPSKGDINPDADPEEIIKIYNKYADAIAVLTEKRYFKGSPDYLKQARKITNLPLIRVNFIVTPYQIWEARAHGADIVILLVAALEQEQLEELLERVHSLGMHAIVDVHTEEELERALRAGAEIIGILNRDLRTFEVDRNTSERLGRLARERGFTGVLISLGGISSAEEIKRLAKAGYDAVFIGETLMKNPNKIQEFTE,1
Des65,MEEVLAKILKDKAKWIEARKQQQPLESFRDEVQPSTRNFYDALQGDKTVFILDCLKASPSKGLIREDFDPVRIAAVYRHYADAIAVLTDEKYFQGSLDFLRQVSSQAPQPILCWDFIIDEIQIWQARAAGADAVLLIAAALSDEELKSLLEAAKSLGMDVIVMVHDEEDLERALKIGARLIGINSTDLKTNEVDLETTKKLASLIPSDVIIISFSGIYTYQQVRELSHYANGFLIGSALMAEDDLEAAVRRVLLGDNKI,1
Des66,DPPILKHVKGVAAEIAKAVKDKQKPKPLPEPPPVRSFEAALRQPGLAIIAIFLKASPSKGDINPDADPEEIIRIYNKYADAITVLTEEDYFKGSPSYIQQARKITNLPILRWDFIVDPYQIYEARVHGASAILLIVAVLGDRLREFIEYARELGLDVLVDVHTQEEAERALAAGAKIIAVLAKDLKTAEVDRSAFDRIADRLPDDVVRVAIGGIYDPRQLKDLRGKFDAVLVGEALMRAEDPKKFLEEMIAWAK,1
Des67,RKYEEIIEEAKKKKQELEEENIQFQPKNHSFLKALLGKERIALICVYARKSPSGLDVERDPIEFAKTAEKYADALAVITDEKFFNGSLEDLRRIRSAVSIPIERLDFIVDPAQIFEAAAHGADAIWLIVAVLGDRLAEFYKIAQELGLDVIVLVHDEEDLEKVFSYCKPKLIAILNRDLDTFEVDLNTTEKLLKLIPPDCVIIVVGGYSTKEQLKSLKGLADAVLIGESLMRAPDIHKAIAELVG,1
Des68,ASVLDEIIAGAREDLAARRAEVSLDEVKERAERAPPPRDAMAAFRAPGVAVILVCLKASPSKGLIREDFDPARIAAVYRHYANAITVLTDEKYFQGSFDFLRIVSSQAPQPIICWDFIVDEYQLAEARAHGADAVLLIVAVAGDRTKEFIDYARELGLDVIVDVHDEEDLEKVFSYCRPKIIGVTNTDWKTFETDLNTTEKLAKLIPPDTIVISVSGIYTYEQVRELSHYANGFLIGSALMAEDDLEAAVRRVLLGDNKI,1
Des69,PSVLDSIVAGAREDAAARRAAISLDELKARARKAPPARDVLAALRAPGVAVILVCLKASPSKGLIREDFDPVRIASVYRHYADAIVVLTDEKYFQGSYDFLRQVSAVVPQPIICFDFIVDEVQIAQAKLAGADAVLLIVAILTDEELKRLYEYARSLGMEVIVDVHTEEELEKALRLGARIIGINNTDLHTMEVDPNTAERLGRLARERGFTGVLIAHSGIYDPRQLKDLRGYFDAVLVGTALMRAEDPKKFLKEMLAWAE,0
Des70,SRPDLTNVPGLLGEIARWRASVIVPHPLPCPPKRPSFATALLRPGLAIIATYMNKAPDGLSVNIHHGEYAKTAAKIAAALIIVTDEKYFNGSAETLRKIASSVDIPILHWEFIVDPTIIYAAAADNAAAVILIAQILDDDQFRQLAAVAHALKLDVVVDITSEEDWEKIASVIRPKIIVIVTTDLATLETDKSILWKLMKLIPPNTILAAAGGYSRKEELKALEGIFDAVMISTSIMRAPDPEAFIRKLLG,0
Des71,PSVLDEIIAGVREDAAARKAKVSYDELKERAARAPPPRDVMAAFRAPGVAVILVCLKASPSKGLIREDFDPARIAAVYRHYANAIVVLTDEKYFQGSFDFLRIVSSQAPQPILCFDFIVTPYQIWEARAHGADLVLLIVAALDQEQLRSLLELVHSLGMTAIVDIHDEEDLEKVLSHVRPKIIGIHNTDYKTFETDLNTTEKLAKLIPPDTIVISFSGIYTYQQVRELSHYANGFLIGSALMAEDDLEAAVRRVLLGDNKI,0
Des72,MKKLEKIIEAAKKKKQELEEENIQPQMKNHNFLKALLGKEKIRIILLCIKASPSKGLIRDDFDPLRIAAIYRHYADAITVLTDEKYGQGSFSFIRLVAAVAPQPIICWDFIIDKIQILQAAAAGADAILLIVSILSDDQLKELYETAKKLGMDVETLISTEEEMKRALKLGAKIIAILNVDLRDFSIDLNRTKHLAPQLGPGIIVIAVGGIYDPRQLKDLRGLVNAVLVGAAIMQAEDPKKFLADLLKYAE,0
Des73,PSVADAAVAGAREDLAAREARLSFDELKEQAARAPPPRDALAALRAPGVAVIAICMKASPSKGLIREDFDPARIASVYRHYASAIAVMTDEKYFQGSFDFLRIVRAVAPQPIEAVDFIIDPAQIYLARAHQADAILLIASVLDDEQARQLAAVAHSLNMGVFILVHDEEDLEKVFSVIKPKIIAILNTDLDTFETDLNTTEKLLKLIPPDTIVITVGGIYDPRQLKDLRGKVDAVFVGESLMRAEDPKKFLKEMIAWAE,0.5
Des74,DHPSKGWLKERALMVKHRPMLIDEVKRPIRRLAETILEFNKRNITAIILVCLKASPSTGLVRDDFDPKRIAALYRQYAAAIVVTIDRKAFQADLNFIRVIAQIAPQPIIAFDIIVDPAAIVAIFAAEATAIVLIAAVLDDDQYRQLAAVAHALDLDVILDIFSEEDWEKIASVIRPKVIVIVTTDLETFEIDKSILWKLLKLIPPNTVKLLSGGIKDPRELKDLRGKVNAVFISTSIMKAPDPRRFLEEARKHSI,0
Des75,MPSVMDSIVSGAKQDMSAREAKISFDELKELAERAPPPLDVMAHLRAPGLQIICVYVRKSPSGLDVERDPIEWAKMVEKYAVALVILTDEKYYNGSLEDLKKIRSAVNIPIICADFIVDESQILQAKVAGADAVWLIVAILSPDQLKRLIEFARSLGMQPLIMVHTEEEADRALKAGARVIEINAQDIHTGDVDQSAFERIADLLPDEVVRICVGGIKDPQQLKDLRGKADAVLVGEALMRAEDPKKFLQDMLKYAH,1
Des76,MEEVLAKIVKDKAKWVEARKQQQPIESFRDELQPSQRNFYQALTGDRTAFIALFTKASPSKGDINPDADPEEIIKIYNKYADAISVITDEDFYKGSPEYIAQARKHTNLPILCWDYIIDPYQIYLARYYQADAILLMLSILDDEQYRQLAAVAHSLNMGVLVEVHTEEELERALKAGAEVIGIGNFDLRTLEVDRNTAERLGRLARERGFTGVLVAWSGIYNPQELKDLRGYFDAVLIGTSLMRAEDPKKACEEMIAWAE,1
Des77,RKLEEIIEAAKKKKQELPEENIQFQLKNHAFLKALLGKERIKIIAIFLKASPSKGDINPDADPEEIIRIYNKYVDAITVLTDEDFFKGSPEYIKQARKATNLPILRWDFIIDESQILEAAALGADAILLIVAILSPEQLKSLYEYARSYGMEPIIDVHDEEDLEKVFSVIKPKIIAIINRDLDTFEVDLNTTEKLLKLIPPDTIVIAVGGIYDPRQLKDLRGKVNAVLVGEALMRAEDPKKFLKEMIAYAE,1
Des78,RKREEIIEAQKKKKQELPEENIQPQRKNHRFIKALLGKERIGIILLCLKASPSKGLIREDFDPVRIASVYRHYADAIAVITDEKYLQGSFEFLRQVSAVAPQPILCVDFIIDPAQIYAAAHYNADAIWLILSVLNDEQARQLAAVAHSLNMGVLVTIHDEEDLEKVFSVIKPKIIAIDNQDLDTFQVDLNTSEKLLKLIPPDCIVICIGGIYDPRQLKDLRGYVDAILVGESIMRAEDPKKFLKEMIAYAE,1
Des79,HHPSTGWLKTVALLAAHRPKFIDEMEKPIRKLLEAVLEANKRNITAIIALFTRATPSEGDINAHANLEKFIRMYAELARAISIMTEKHYNKGDPAFIKHARNLTNRPIIMFDFIIHEDQIESAYNVGADLIVLIMSLLTDDLLATLIKYAKKYKMVPLIDVHTEEEAKRALKIGVKVIVVVPIVLDTGDVDEEAIEKIARNLPPEVQIIAAGGIKDPRELKDLRGKVNAVIVGTSIMKAEDPRAFLEKMRKHSH,0
Des80,PSVLDEIIAGVREDVAARAAQVSLDELKERAARAPPPRDAMAAFRAPGVAVLLVCLKASPSKGLIREDFDPARIAAVYRHYADAIVVLTDEKYFQGSFDFLHIVSQVAPQPILCADFIVDEYQVHEARAHGADMVLLMVALLDQDQLRSLLELIHSLGMTAIVDVHDEEELERALRAGARVIGINNTDLKTNEVDLETTKKLASLIPSDVIIISWSGIYDPRQLKDLRGYFDGFLIGTALMRAEDPKKFLRELKAYAE,0
Des81,MEEVLAKIVRDKAIWVEARKQQKPIESFRDTVQPSTRNFYQALTGDRTAFIALYLRKSPSGLDVERDPIEYAKTMEKYAAALIIVTDEKYFNGSLEDLRKIRSAVSIPILRWDFIIDEWQIYEAALAGADCVLLIVAILDDEELKSLYEIARSLGMDVLVDVHTEEELERALKAGAKVIGINNTDLRTMEVDRNTAERLGRLARERGFTGVLVAISGIYNPQELKDLRGYFDAVLIGTSLMRAEDPKKALKELVAWAE,1
Des82,PTALDDHNTDARKEQARREAKVSYNDFVAIAALAPPPCDIMAVLRSPGIAIIALFKRASPSKGDINAHANLEKFIRWYDEFADAIQIMTEKHYFKGDPAFIRHARNLTNRPIIMFNYITHEAQIATAAAVGADAVILITASLTDDELRTLIEYAKKYKMDTMVDVHTEEEAKRALKAGVKVICVVPVVIWTDEVDEEALKKIARNLPPEVIIILVSGINVAAIVEELAHHADALVISDAIMAHDDIHSALAKVMKHNQNR,0
Des83,PTALDAIVAGAREDLAAREAHVSFDELKERAERAPPPRDVLAAFRAPGVCLILVCLKASPSKGLIREDFDPARIAAVYRHFADAITVLTDEKYFQGSFDFLRIVRNVAPQPIICWDFIIDEAQIYEAKAYGADCILLIAAILDDDQLKHLYEAAKELGMDVEVIVHTEEELERALKAGAEIIGILNRDLKTFEVDRNTFERLGRLARERGFTGVLVALIGVRGPEDLLHYAAAGADAVVVGQGLVTHGDPKQALADLVTAGTHPSCPR,1
Des84,MEEVLAKIVKDKAIWVEARKQQQPLESFRDKVQPSTRNFYDALQGDQTAFIALYLRKSPSGLDVERDPIEYAKFYEKYAAALSVVTDEKYSNGSFEDLRKIASAVNIPILCFDFIIDEIQIYLAAAYGADAIVLWAAILDDEQLKRLYEAARRLGMDCVVDIHDEEDLEKVLSVMRPKIIAIVNTDLRTLETDLNTTEKLAKLIPPDTTVIAIGGISEPEQIKRLRKAGVDAFLIGSTFMRNPDKAKEAKE,0.5
Des85,MEEVLAKILKDKAKWVEERKQEQPLESFRDKVQPSTRNFYDALQGDKTVFILVCLKASPSKGLIREDFDPVRIAAVYRHYADAIAVLTDEKYFQGSFDFLRQVSSQAPQPILCWDFIIDEWQIWQARAAGADAVLLIAAALSDEELKSLLEAAKSLGMDVLVDVHDEEDLERALKIGARLIGISSHDLKTNEVDLETTKKLASLIPSDVIIISFSGIYTYQQVRELSHYANGFLIGSALMAEDDLEAAVRRVLLGDNKI,1
Des86,PSALDAIVADVREDVAAREAVVPFDEIKERAARAPPPRDVLAALRAPGVGIIAIYLRKSPSGLDVERDPIEYAKTAEKYAVALTVLTDEKYFNGSYEDLEKIRSAVDIPVICFDFIVDPYQIYLARAYQADAIVLLLSVLDDEQYRQLAAVAHSLNMGVIVDVHTEEELERALKAGAEIIGILNQDLKTFEVDRNTAERLGRLARERGFTGVLLAIGGYSTKEELKSMRGLFDAVLIGESLMRAPDPEKAIRELVG,1
Des87,RKEEEIIEAQKKKKQELLEENIQFQRKNHSFLKALLSKERLKIIAVFVKASPSKGDINPNADPEEIIRIYNKYADAIEVATDEDFFKGSPEYLQQARKATNLPILAWDFIIDPAQIYLAAHYQADAVVLILSVLDAEQYRQLAAVAHSLNMGVLVVVHDEEDLEKVFSVIKPKIIAILNRDLDTFEVDLNTTEKLLKLIPPDTIVVAIGGYSTKEQLKSLKGLFDAVLIGESLMRAPDIAAAIRELIG,1
Des88,MPSVADAIISGARADMAAREAKVSYDELKERAERAPPPRDVLAAFRSPGLALILICLKASPTKGLIREDFDPLRIAAIYRHYADAIEVITDEKYYQGSFSFLRLVRAVAPQPIIMVDFIVDPSQILQARAAGADAVWLIVAILSPEQLKTLYEFAKSLGMEPLVVVHTEEELEIALKAGAEIIGILNIDLRTGSVDLNVAEHLGRLARERGFTGVLIAIGGYSTPEQLKRLRGLFDAVLIGYSIMTAPDIAAKLKELLG,1
Des89,PSALDAIVAAVREDVAAREAKVSFDELKERAARAPPPRDVLAALRAPGVQVILVCLKASPSKGLIREDFDPVRIASVYRHYASAITVLTDEKYFQGSFDFLRQVSAVAPQPILCWDFIIDEAQIYEARAYGADAILLIAAILDDDQLKRLYEAAKELGMECEVLVHTEEELERALRAGAEIIGILNVDLKTFEVDRNTALHLGRLARERGFTGVLICVGGIYTYQQVRELSHYADGFVISSALMSEDDLEAAVRRVLLGDNKV,1
Des90,MEEVLAKIVKDKAIWVEERKQQQPIESFRDTLQPSTRNFYQALTGDRTAFIALVTRASPSQGNIRPLDPVEAAKTYEEAGADAITVLTDPKYFGGSDEYLKAVRSAVDLPILRYDFIIDEIQIYLAALYGADAVLLIVAILSPEELKHLYEAAQSLGMDVLVDVHTEEELERALRAGARIIGIGNTDLRTMEVDRNTAERLGRLARERGFTGVLVAISGISTAEDIKRLRKAGVDAFLIGSTLMRNPDKIKELKE,1
Des91,ASVLDEIVAGVREDAAARRAQVSLDEVKEQAARAPPARDAMAAFRAPGVAVMLDCLKASPSKGLIREDFDPARIASVYKDYADAIIVLTDEKYYQGSFDFLRIVSSQAPQPIICFDFIVDPYQIYLARYYQADAILLMLSVLDDEQYRQLAAVAHSLNMGVLVMVHDEEELERALKAGARLIGINNTDLKTNEVDLETTKKLASLIPSDVIIISHSGIYNPQQLKDLRGYFDGVLVGTALMRAEDPEKKCREMKAWAE,1
Des92,MDFPDLRNIKGEAAKIAKQVLKDMRPKPLPEPPPIRPLEEALRKPGVAIICLFVKASPSKGDINPDADLESIIRMYDKYADAIAIITEPHYHKGDDEYIKQARKYTNLPIIRVDFIVDPYQVYQARALGASAIFLIVAILGDLLKKFYKLAKDLGLDVLVMVHTEEELERALKAGADIIEISNVDMRTWEVDRSVAEKLGRLARKRGFTGVLIAVGGIYDPRELKDLRGLFDAVLVGEAIMRAEDPEKFLQDMLAYAK,0.5
Des93,PSALDAIVAAVREDLAARMAIVSFDELKERAAKAPPPRDVLAALRAPGVGVIAIFVKASPSKGDINPDADPEEIIRIYNKYADAIAVITEKDYFKGSPDYIKQARKVTNLPIICVDFIVDPAQIYMARAYHADAIWLILSVLDDEQYRQLAAVAHSLNMGVFLAVHTEEELERALKLGAEVIGIDNRDLKTFEVDRNVAERLGRLARERGFTGVLIAIGGISSAEEVKRLKKAGFDAFLVGETLMKNPDKIQELRE,1
Des94,GRPDLTNVPGLLGEFARARASVIIPHPVPCPPKVPSFYEALLRPGLALILVILKASPSEGLIRDDFDPRRIAALYRQYAAAIIVATDRQVFQGDNNFLRIIAQIAPQPIGAWDFILDPFMLYAFRAFGAAVVVLIVNLLGHLTGEYLEIAARYDLDVLIDITSEEDFQKVASVARPKIWVIVTMDLTTMTIDKSILWKLMKLIPPNMVIILAGGIKDPRELKDLRGKVNAVIVSTSIMKAEDPRAFLEEMEKHAH,0
Des95,PSVLDEIIAGVRADVAARAAVVSLDELKERAARAPPPRDAMAAFRAPGVAVLLLCLKASPSKGLIREDFDPTRIAAVYRHYADAIVVMTDEKYFQGSFDFLRIVSQVAPQPILCADFIVDEYQVHEARAHGADMVLLIVALLDQDQLRSLLELIHSLGMTAIVDVHDEEELERALRAGARVICIGNKDLKTNEVDLETAKKLASLIPSDVIIISWGGIYDPRQLKDLRGVYDGFLIGTALMRAEDPEKFLRELKAYAE,1
Des96,MEEVLAKIVKDKAIWIEERKQQQPLESFRDSIQPSTRNFYDALTGDRTAFILECIKASPSKGLIREDFDPARIAAVYRHYASAIAVLTDEKYFQGSFDFLRIVRSQVPQPILCFDFIIDPIQIYLAAAYGADAILLIVAILDDEQMKELYELARELGMDVLVTVFDEEDLEKVFSVMRPKIIGIANTDLRTMEVDLNTTEKLAKLIPPDTILIAWGGVRGPEDLLRAAAWGADAVLVGQGLVTDGDPRQAVADLVTAGSHPSCPR,1
Des97,MEEVLAKIVKDKAIWVEARKQQQPLESFRDEVQPSTRNFYQALQGDRTAFILDCIKASPSKGLIRDDFDPARIAAVYRHYASAIAVLTDEKYFQGSFDFLRIVSSQAPQPIICFDFIIDPYQIYLARYHQADAILLMLSVLDDEQYRQLAAVAHSLNMGVLVTIHDEEDLEKVLSVCRPKIIGIGNTDYRTMETDLNTTEKLAKLIPPDTILISISGIYDPRQLKDLRGYVDGILVGTALMRAEDPGKFCRELVAWAE,1
Des98,MDDADLRNVTGELAKIAKTIAKSIRPYPLPEPPPGPSFESALRRPGIAIICLFIKASPSKGDINPNLDLESVIRMYDKYADAIEILTEPHYQKGSPDYIKQARKYTNLPILRWDFIVTEYQIYEARAHGADAILLIVALLEQEVLESLIALIESLGMVPVVIVHTEEEADRALKAGARIIAILTEDLKTGDVDKTLFERIADLLPDEVVRICVGGIYDPQQLKDLRGKADAVLIGEALMRAEDPKKMLQDFLAYAE,1
Des99,MDRADLRNIEGRLAEIAKTIAADLQPKPLPPPPPGRNFEAALRRPGIALILACLKATPAKGLLREDFDPVRIAAIYRHYADAIAVITDEKYLQGSMSFLRQVRAVAPQPILCVDFIVDPSQIDEARAAGADAILLIVAILTPEALKKLYEYAKSLGLDPIVEVHTEEELKRALKLGARIIGILNIDLRTGTIDRNVAEHLMRLARKQGFRGVLIAIGGYSTKEELKSLEGLADAVLIWEAIMTAPDIAKKLAKLRG,1
Des100,MEEVLAKIVKDKAIWVEARKQQQPIESFRDELQPSTRNFYQALTGDRTAFIALCLKASPSKGLIREDFDPVRIASVYRHYASAIAVLTDEKHFQGSFDFLRQVSKVVPQPVLCWDFIVDSYQIHEARAHGADAVMLIVAALEQEQLEELYARIESLGMTALVEVHTEEELERALRAGAKIIGINNMDLRTMEVDRNTAERLGRLARERGFTGVLVAMGGYSTPEQIKSLRGIFDAVCIGTSLMRAPDIEKKVRELIG,1
Des101,DNPIVKHVKGEIAAIVKAVLAELKPDQLPEPPPVRSFEAALRKPGVSIICDYARKSPSGMDVERDPIEYAKTAEKYAAALAVLTDEKYFNGSLEDLRKIRSAVDIPVIRLDFIVDPYQIYEARAHGASAIWLIVAVAGDKLKDFYEYARELGLHVIVVVHTEEELERALRAGADIIGILNVDLRTFEVDPNTAMRLGRLARERGFTGLLICIGGIYTYQQVRELSQYADGAVISSALMSQDDLEAALRRVLLGDNKV,1
Des102,MPSALDAIISGVRADVAARKAKVSLEELKERAKRAPPPRDVLAALRSPGVAIILLCLKASPSKGLIRDDFDPVRIAAVYRHYADAIAVLTDEKYHQGSFSFLRQVRNVAPQPIICVDFIVDPIQLYEAKAHGADAVWLIVAVLGDRLEEFYDTARKLGLHVLVMIHDEEDLKIALRIGARIIEILAIDLKTFKVDLETQKRLISLIPPEVIIIAVGGIEDPQQLKDLRGYVDAVLIGAAIMTAEDPKKFLADLLAYAE,1
Des103,PSAMDAAVAGAREDMAAREARLSFDELKEQAERAPPPRDALAALRAPGVQVIALVARASPSQGNIRPLDPVEQAKEYEKAGASAISVITDPRYFGGSDEDFKAIRSAVDLPIEAVDFIVDPAQIYLARAYQADAVLLLLSVLDAEQARQLAAVAHSLNMGVVVVISNEEEMERAIALGAKVVAILNRDLRDLSIDLNRTRQLAPQLGHGVIVISAGGIKEPEQIKRMAKLGVDAVWIGETLVRNPDKIKEFKE,1
Des104,MDQPDLRNVKGEEAKIAKTVKKKLRPKPLEPPPPGRDFEAALRRPGVAIICVYLRKSPSGLDVERDPIEWAKMAEKYAAALAVLTDEDYYNGSLEDLKKIASAVDIPVECMNFIVDPWQIYLARHYQADAIVLILSILSDEAYRQLASVAHALNMGVIVVVHTEEEAERALKLGARIIAIVTLDPKTGDVDRSTFARIADRLPDEVVRICYGGIKDPQELKDLRGKFDAVLVGEALMRAEDPEKFLQDMVKYSQ,1
Des105,MDRPDLRNVKGEIAEIAKQILKDLRPSPIAPPPPGLDFEAALRKPGVSILAMVYRASPSQGNIKPLDPVQQAQTYEKAGADAIVVLTDPKYWGGSMEDLKKIAQAVSLPIECVDFIVDPWQIYLARHYQADAILLMLSILSDETYKQLASVAHALNMGVIVIVHTEEEAERALKLGARVIAILAQDWKTGKIDRSAFERIAGRLPDEVVRIAAAGITGPEDLLHYAAAGADAIFVGIGLITDGDPRQAIADLVTAAFHPSCPK,1
Des106,MDAPDLRNIKGLLAKIAKAVYLDLKPYPLPEPPPVRSFEEALRRPGVAIILVCIKATPSQGLIRDDFDPTRIAAIYRHYADAIAVITDEKYYQGSFSFLRIVRAVAPQPILCVDFIVDPYQLYEARAHGASAIWLIVALLGDLLKKFIDIAKKLGLDPIVLVHTEEELERALKAGADIIEISNVDLTTGEVDRSVAKRLGRLARERGFTGVLIAVGGIYDPQQLKDLRGKFDAVLVGAAIMRAEDPKKFLADMLAYAQ,0.5
Des107,DRPILKHVKGEAAKIAKAVAENQKPKPLPEPPPIRSFEAALRQPGVAIIAIYARKSPSGMDVERDPIEYAKTMEKYAAALAVITDEKFFNGSLEDLRKIRSAVDIPIERLDFIVDPYQIEEARAHGASAIWLIVAILGDRIKEFYEYARELGLDVLVLVHDEEDLEKVFSHCKPKIIAILNQDLHTFEVDLNTTEKLLKLIPPDCVIICVGGIYDPRQLKDLRGKVDAVLIGEAIMRAEDPKKFLKEMFAYSQ,0.5
Des108,GRPDLTNVPGFIGEWARWRASVIVPHPLPCPPKRPSFATALLRPGLAIIAVYMNKAPDGLSSNIHHGEYAKTAAKIAAALVILTDEKYFNGSAETLRKIASSVDIPILHYEAIVDPTIIYAAAADNAAAVVLIASILDDDQFRQLAAVAKALKLDVVVDITSEEDWEKIASVIRPKIIVIVTTDLATGTTDKSILWKLMKLIPPNTILIATGGYSRKEELKALEGIFDAVIISTSIMRAPDPEAFIRKLLG,0
Des109,PSVLDSIIAGAKEDIAARRAQVSLDEIKARAAKAPPARDVVAALRAPGVAVILVCEKASPSKGLIREDFDPARIASVYRHYADAIVVLTDEKYFQGSFDFLRIVRKVAPQPILCFDFILDPYQIYLARYYQADAILLMLSILDDEQYRQLAAVAHSLNMGVLVDVHDEEDLEKVFSHVRPKIIGINNTDLKTMETDLNTTEKLLKLIPPDTVVVSSSGIYDPRQLKDLRGYVDAVLVGTALMRAEDPKKFLKEMIAWAE,0
Des110,PRYLKGWLKDVVQLALRRPSTEAQRDRPIINLAERILEANKRNKVAIIAIYLRKDPSGLDVERDPIEYAKFMEKYAVALIVLTDEKYFNGSMEDLRKIASAVSIPILMYDFIVKEYQIYEAYALGADCVLLIVAILTEEELKSLLEYARSYGMEPIIDIFDEEDLEIALKIGARFIGVTSRDLKTNEVDLETQKKLISLIPSDVVIVAISGISEPEQIEELRKLGVNAFLIGSTLMRNPDKIKKFHE,0
Des111,MEEVLAKIVRDKKIWVEERKQQQPLESFRDEVQPSTRNFYDALSGDKTAFILVCLKASPSKGLIREDFDPVRIAAVYRHYASAITVLTDEKYFQGSFDFLRQVSNVAPQPILCYDFIVDEYQLYEAAYYGAAAILLIVAILGDRTKEFIDMARELGLDVLVDVFDEEDLEKVFSYCRPKIIGVVNTDWRTLETDLNTTEKLAKLIPPDTIVIAISGISEPEQVKRLRKAGVDGVLIGSTFARNPDKAAEAKE,1
Des112,PSVLDEIIAGAREDVAARRAQVSLDEIKEQAARAPPPRDAMAALRAPGVAVILVCLKASPSKGLIREDFDPVRIAAVYRHYANAIAVLTDEKYYQGSFDFLRQVSSQAPQPILCEDYIVDEYQVWEARAHGADMVLLIVAALDQDQLRSLLELIHSLGMTAVTAVSNEEELERAIALGAKVVGIPNIDLRDQSIDLNRTRQLAPRLGPGVIVIAWGGIRGPEDLLRAAAAGADAVVVGQGLVTDGDPRQAVADLVTAATHPSCPR,0
Des113,DAAILKHVKGALAAAAKQVKLDLKPKPAAEPPPGRSFEAALRQPGVAIIAVFLKASPSKGDINPNADPEEIIRIYNKYADAITVITEEHYFKGSPEYIQQARKATNLPILCWDFIVDPAQIYLARAYHADAIVLMLSILDDEAYRQLAAVAHSLNMGVLVIVHTEEELERALKAGARIIGIENQDLRTMEVDRNTAERLGRLARERGFTGVLVALGGYSTKEELKSLEGIFDAVLIGESLMRAPDIAAAIRELIG,0.5
Des114,PSALDAIIKGVREEVAAREALVSFDEIKERAARAPPPRDALAALRAPGVALILDCLKASPSKGLIREDFDPVRIASVYRHYASAIAVLTDEKYFQGSFDFLRQVRAVAPQPILCWDFIVDPYQLYEARAYGADAVLLIVAVLGDRLEEFYRLARELGMDVLVIIHDEEELEIALRCGARLIGILNRDLKTFRVDLETFLKLISLIPPDVLIIAILGVRGPEDLLRYAAAGADAVVVGEGLVTHGDPRQALADLVTAGTHPSCPR,1
Des115,PSAMDAAVAGAREDVAAREARVSFDELKERAARAPPPRDVLAALRAPGVAVIALVARASPSDGAIRPLDPVEAAREYEKGGASAISVITDPRYFGGSLEYLKAIRSAVDLPILCVNWIVDPAQIYLARAYQADAIVLFLSVLDDEQARQLAAVAHSLNMGVIVVVHDEEDLEKVFSVIKPKIIAIDNLDLDTFEVDLNTTEKLLKLIPPDTIVISVGGIYTYQQVRELSHYANGFWIGSALMSEDDLHAAVRRVALGDNKA,1
Des116,METVLAKIVRDKAIWVEARKQQQPLESFRDKLQPSTRNFYQALTGDRTAFIAWVGRASPSEGNIRELDPVEAARTYEEAGADAITVLTDPKYFGGSDEILKAVRSAVDLPILCFDFIIDPWQIYLARYYQADAVTLILSILDDEQYRQLAAVAHSLNMGVLVDVHTEEELERALRAGAEVIGIGNTDYRTLEVDRNTAERLGRLARERGFTGVLVAIGGISEPEELKRLKKAGVDAVLIGSTLMRNPDKIKEFRE,1
Des117,DEAILKHVKGALAAIAKAVKEQLKPKPLPEPPPGRSFEAALRQPGIAIIAMFVKASPSKGDINPDADPEEIIRIYNKYADAIEVLTEEHYFKGSPDYIKQARKVTNLPILRWDFIVHEWQIYEAAAAGADAILLIAAILTDKALKDLYEAARELGMDCLVVIHDEEELERALRAGARIIGILSQDLHTFEVDLETFEKLISMIPPDIIIVAVWGIYDPRQLKDLRGYVDAVLVGESLMRAEDPKKFLAEMIAWAK,1
Des118,MDAADLRNVKGLLAKIAKTIYKKLRPYPLPEPPPGRDFEAALRRPGLAIICLYVRKSPSGLDVERDPIEWAKLMEKYAAALAVITDEDYFNGSLEDLQKIRSAVDIPVERVDFIVTEYQVYEARAHGADAVLLIVALLEEEVLRRLYELIQSLGMVALVLIHDEEDLEIALRAGAQMIGIVAQDKRTQQVDMDTFKRLISLIPPEIIIVAVGGISEPEQLKELAKLGVDAVFIGETLMRNPEKIKEFHK,1
Des119,PSAADAAVAGAREDVAAREARVSFDELKERAARAPPPRDALAALRAPGVAVIALFVKASPSKGDINPNADPEEIIRIYNKYADAIVVLTEKDYFKGSPEYIQQARKATNLPIICWDFIVDPAQIYLARAYHADAIVLMASVLDDEQYRQLAAVAHSLNMGVFVDVHTEEEAERALALGAKIIAVLARDLKTAEVDPSAFARIADRLPDDVVRLAVGGIYTYQQVRELSHYANGFFIGSALMSEDDAEAALRRVALGDNKA,1
Des120,MEEVLAKIVKDKAIWVEARKQQQPLESFRDEVQPSTRNFYQALTGDRTAFIAWVGRASPSEGDIRPLDPVEAARTYEEAGADAIAVLTDPKYFGGSLEDLKAVRSAVDLPILCIDFIIDPYQIYLARYYQADAILLMLSILDDEQYRELAAVAHSLNMGVLVEVHDEEDLEKVFSVMRPKIIGINNTDLATFETDLNTTEKLLKLIPPDTVVISWSGIYDPRQLKDLRGKVDAVLVGTAIMRAEDPKKFCKEMIAWAE,1
Des121,MPSALDEIISGVRQDVAARESKVSFDEMKERAERAPPTLDVLAALRAPGIALICLYIRKSPSGLDVERDPIEWAKIAEKYAAALVVLTDEKHHNGSLEDLKKIRSTVTIPVIMADFIIDEYQIYEARAMGADAILLIVAILDDEQLKKLYETAKKLGMDVIVLVHTEEELERALRLGAEIIGILNIDLRTFEVDRSVAEHLGRLARKQGFTGVLEAVGGYSTPEELKSLRGIFDAVFIGESIMRAPDIEDKIRKLVG,1
Des122,PSVLDAIVAGAREDMAAREARLSFDELKEQAARAPPPRDALAALRAPGVAVIAMFIKASPSKGDINPNADPEEVIRIYNKYADAIAVITEKDYFKGSPEYIQQARKATNLPILAIDFVVDAYQIHEARAHGADLVLLIAAALEDAQLEELIERVHSLGMVAIVTVHTEEEAERALAAGAKVIAVFAMDFKTAEVDREAFARIADRLPDDVVRIAVVGIRGPEDLLAAAAWGADAVEVGDGLVTHGDPRQALADLVTAGTHPSCPR,1
Des123,PSALDAAVAGAREDLAAREARLSFDELKEQAERAPPPRDALAALRAPGVAVIALFVKASPSKGDINPNADPEEIIKIYNKYADAIIVATERDYFKGSPEYIRQARKATNLPLIAWDFIVDPAQIYMARAYQADAIILILSVLDDEQARQLAAVAHSLNMGVIFDVHDEEDLEKVFSVIKPKIIAIINQDLDTFEVDLNTTEKLLKLIPPDTIVIAVVGIRGPEDLLHYAAAGADAVIVGIGLVTHGDPRQALADLVTAGTHPSCPR,1
Des124,PSVLDEIVAGAREDVAARQAEVSLDELKEQAARAPPPRDAMAAFRAPGCAVVALVTKASPSKGDINPDFDPVEIIKIYNKYADAISVLTDEKYFKGSPEYLKQARKHTNLPLLCWDFIVDEYQIYEARAAGADAILLIVAILDDEQLKELYEAARELGMDVLVDIFDEEDLEKVLSVIRPKLIGISNTDYKTFETDLNTTEKLAKLIPPDTILVAISGISEPEQIKRLRKAGVDGVLIGETLVRNPDKIQEFKE,0
Des125,MEEVLAKIVKDKAKWVEARKQQQPLESFRDEVQPSTRNFYQALQGDRTKFIALYLRKSPSGLDVERDPIEYAKEMEKYAAALVVLTDEKYFNGSYEDLRKIASAVNIPILCWDFIIDEIQIYQAAAAGADAILLIAAILDDEQLKELYEAARELGMDCLVDVFTEEELERALRAGARIIGIGNMDLKTMEVDLNTAERLGRLARERGFSGVLVAISGISEPEQIERLRKAGVDAVLIGSTFVKNPEKAKELKE,1
Des126,MEEVLAKIVRDKKIWVEERKQQQPLESFRDKVQPSTRNFYDALQGDRTAFIALFTKASPSKGDINPDADPVEIIKIYNKYADAISVLTDEKYFKGSPEYLKEIRKHTNLPLICANFIVTPYQIWLARAHGADVVLLIVAALDQDQMRALLELIHSLGMTAVVDIHDEEELEIALRLGARIIGIGNRDLKTNEVDLETTKKLISLIPSDVIIISFSGIYDPRQLKDLRGYVDAFLIGTALMRAEDPEKFLKELIAWIE,1
Des127,MDDADLRNVPGELAKIAKTILADVRPDQLPEPPPIPSFEDALKQPGVALIALYARKSPSGMDVERDPIEYAKMMEKYVTALVVLTDPKYYNGSLEDLQKIRSAVSIPVIRQDFIVTEYQVYEARAHGADLVPLIVALLEEEVLRRLYELIQSLGMVALVLISTEEELKRAIKLGARVVGILNVDERDNSIDLNRTKHLAPQLGPGIIIEALGGIYDPRQLKDLRGLVDAVFIGEALMTAEDPKKTLQEMFKYAK,1
Des128,SRADLTNVPGDVGEFARDRASVIKPHPVPCPPKRPSFYEALLRPGLAIIAAYTNKAPDGLSSNIHHQEYALTAAHIAAALVITTDEKYFNGSRETLRKIASSVDVPLIHWDFPMDAAQLLEAAADGVAAVVIDVSALEPKVWAEMFKRTISYGMVPLIDIMCEKYMHEAIALGVRVVVILTIDLENQRIDFNWIRELANKLGGNITVIAVSGISEAEQLEELRKIGVNAVIIGQTLMSNPEKIWELNR,0
Des129,MIRELKGWLKEVAEMAKNRPPFDAQREKPVISLASRILEAKKRGKLALICLYVRKSPSGLDVERDPIEFAKLMEKYAVALAVLTDEKFYKGSLEDLRRIRSAVDIPIIMVDFIVDESQIYEAYAAGADAILLIVSILTDDELKRLYEYARSYGMEPIIIVHTEEEADRALKAGAKIIAINAQDWRTGDVDQSLFERIADRLPDEVIKEAVGGISEPEQLKRLRKLGVDAVFIGETLMRNPSKIEKFRE,1
Des130,PSALDAIVAAVREDVAAREAYVSFDEMKERAARAPPPRDALAALRAPGLGVIAIYIRKSPSGLDVEQDPIEFAKTMEKYANALAVVTDEKYFNGSLEDLRKIASAVSIPVIRIDFIIDEYQIYEAKAMGADAIWLIAAILDDEQLKKLYELAKELGMDVLIAVHTEEELERALRAGAEIIGIDNRDLKTFEVDPNTTERLGRLARERGFTGVLIAVGGIYDPRQLKDLRGYFDAILVGEALMRAEDPKKFLKELKAWAE,1
Des131,PSALDALIAGVREDVAAREADVSFDEIKEQAERAPPPRDALAALRAPGVGVILICLKASPSKGLIREDFDPLRIASVYRHYASAIAVVTDEKYFQGSFDFLRIVRAVVPQPILCVDFIVTPYQIHEARAHGADLVWLIVAALEQEQLEELYERVESLGMHALVVVHTEEELERALRAGAEIIGIDNIDLHTFEVDPNTTERLARLARERGFTGVLISIGGIYNPQQLKDLRGYVDAVLVGESLMRAEDPKKFLKEMIAWSE,1
Des132,REMWLIMKQVAEDITQMQAENMIPEIRNHLFLQHLSGKYRVKIIAVYMNKAMDGLSANIDHIEYAKTAAKIAAALVILTDEKYFNGSAETLRKIASSVDIPILHWHFIIDPTAIRAAAADKADAVVLIASILDDDQYRQLAAVAHALHLDVVLDITSEEDWEKIASVIRPKIIVIVTQDLDTFKIDKSILWKLMKLIPPNTVVIAASGIKDPRELKDLRGKVNAVIISTSIMKAPDPKAFLEKAEKHSE,0
Des133,MEEVLAKIVKDKAIWVEARKQQQPLESFQNKIQPSTRNFYDALQGDKTAFILVCIKASPSKGLIREDFDPARIAAVYRHYADAITVLTDEKYFQGSFDFLRIVSQVAPQPILCWDFIIDEIQIYLAALAGADAILLIAAMLDDEQLKELYELARELGMDCLVDVHDEEELERALKIGAKIIGVGNQDLKTNEVDLETSKKLASLIPSDVTIISISGIYTYQQVRELSHYANGFLIGSALMAEDDLEAAVRRVLLGDNKI,1
Des134,MRKLEKILEEAKKFKQSIEYENIQFQEKNKNFLKAMLGSERIRIILLCIKASPSKGLIREDFDPVRIAALYRHYADAIAIITDEKYYQGSFSFLRQVAAVATQPIICVDFILDKSQILQAAAAGADAVWLIVKILSPDQLKSLYEYAESYGMQPLITIHDEEDLEIALRIGAKIIEISSVDLDTFSVDLELQKKLMKLIPPEIVIIALTGITGPEDLMEYAKWGADAVLVGIGLITDGDPRQALADLVTAAQHPSCPS,1
Des135,MEEVLAKIVKDKAIWVEARKQQQPLESFQNKVQPSTRNFYDALQGDRTAFIALYLRKSPSGLDVERDPIEYAKIMEKYAAALIVLTDEKYFNGSFEDLRKIASAVNIPILRWDFIIDEYQIWQAAYYGADAILLIAAILDDEQLKELYEIARELGMDVIVDVHTEEELERALKAGARVIGIGNMDYKTMEVDLNTSERLGRLARERGFSGVLISFSGIYNPQQLKDLRGKFDGVLIGTALMRAEDPKKKAAEMVAWAE,1
Des136,PSVLDSIVAGAREDAAARRAQVSLDEMKERAAKAPPARDAMAAFRAPGVAVIALVGRASPSEGDIRPLDPVEAARTYEEAGADAITVLTDPRYFGGSLEDLRAIREAVDLPIIRYDFIVDESQILEAKAAGADAVLLIVAILTEEELKHLYEFARSLGMEVIVDIHDEEDLEIALRIGARLIGINSKDLKTNEVDLETQKRLISLIPSDVVIVALSGIYNPQQLKDLRGYVDAVLVGTAIMRAEDPKKFLKEMKAWAE,0
Des137,MEEVLAKIVKDKKKWVEARKQQKPLESFQNTVQPSTRNFYDALQGDKTAFILVCLKASPSKGLIREDFDPARIASVYRHYASAIVVLTDEKYFQGSFDFLRIVSQVAPQPILCFDYIVEPYQIHLARAHGADAVLLMVAALDQDQLRSLLELIHSLGMTALTDVSNEEEAERAIALGAKVIGILNIDLRDLSIDLNRTRQLAPKLGPGVTVISLSGIYNPQQLKDLRGYVDGFLIGTALMRAEDPEKAAREFKAWAE,1
Des138,RKWEEIIEAQKKKKQELLEENIQFQRKNHSFLKALLDKSRIKIIAMFLKASPSKGDINPNADPEEIIKIYNKYADAIEVLTEEDFFKGSPDYIKQARKATNLPILCWDFIIDEAQIYEAAAAGADAILLIAAILDKDQMKELYEAAKELGMDVLVAVHTEEEAERALAAGAKIIAVIALDLKTAEVDRSAFARIADRLPDDVVVIAYAGIRGPEDLLAAAAAGADAVIVGEGLVTHGDPRQALADLVTAGTHPSCPR,1
Des139,DAAILKHVKGALAAIVKQVALDQKPKPAAEPPPGRSFEAALRRPGVAIILICLKATPSKGLIREDFDPVRIASVYRHYASAIAVITDEKYLQGSFDFIRQVRAVAPQPILCVDFIVDEYQIYEARAAGADAILLIAKLLTDKAIKDLYEAAKELGMDCLVVVHDEEDLEKVFSVIKPKIIGIENRDFATFEVDLNTTEKLLKLIPPDTVVVALGGYSTKEQLKSLEGLFDAVLIGESLMRAPDIAAALRELRG,1
Des140,PSMMDQAVAGAREDMAAREARLSFDELKEQAARAPPPRDVLAALRAPGVAVILLCLKASPSKGLIREDFDPARIAAVYRHYASAIVVITDEKYFQGSFDFLRIVSKVAPQPIICWDFIVDPAQIYLARAHQADAIVLMASVLDDEQARQLAAVAHSLNMGVIVDISNEEEMERAIALGAKVVAIINKDLRDMSIDLNRTRQLAPQLGHGVIVIAISGIRGPEDLLAAAAAGADAVIVGEGLVTHGDPRQALADLVTAGTHPSCPR,1
Des141,MEEVLAKIVKDKRKWVEERKQRQPLESFQNTVQPSTRNFYDALTGDKTAFILLVTRASPSQGNIRPLDPVEAARIYEKAGADAIAVLTDPKYFGGSFEDLRAVAEAVDLPILCADFIVTEYQVHLARAHGADAVLLLVAALDQDQMRSLLELIHSLGMTAVTDVSNEEELERAIALGAKVVGINNIDLRDQSIDLNRTRQLAPKLGPGVIVISYGGIYDPRQLKDLRGYVDGVLIGTALMRAEDPKKFCKELKAWSE,1
Des142,MPSVLDAILSGVLEDVAARKAKVSLEELKERAKRAPPPLDALAVLLAPGIAIICIIVKASPSKGDINPDADPEKIARIYDKYADAIIVLTEERYWKGSLSYIQRIRSTTNLPIICWDFIIEPYQIYEARAHGADLVILIVSALDEEQLRRLYELIESLGMVAIVDISTEEEMKRALALGAKVIAIINIDQRDFSIDLNRTKHLAPQLGPGVIIIAIGGIYDPRQLKDLRGLVDAVLVGEALMRAEDPKKFLQDLLAYAH,0
Des143,MEEVLAKIVKDKAIWVEARKQQQPLESFRDSIQPSQRNFYQALTGDRTAFIAVYTRKSPSGLDVERDPIEYAKTMEKYAAALIVVTDEKYFNGSLEDLRKIRSAVSIPILRWDFIIDEWQIYEAAAAGADAIVLLAAILDDDQLKELYEAAKALGMDCLVDVHTEEELERALKAGAEVIGIINMDLRTMEVDRNTAERLGRLARERGFTGVLVAISGISTPEDLKRLKKAGFDAAIIGSSLMRNPDKAEEFIE,1
Des144,PSVLDAIVAGVREDVAARRAHVSFDEIKERAERAPPPLDVLAALRAPGVAVIAVYARKSPSGLDVERDPIEYAKFMEKYVAAIAVLTDEKYFNGSLEDLARIRSAVNLPVECVNFIVDPAQIYLARAYQADAIVLMLSVLDDEQYRELAAVAHSLNMGVFVVVHTEEEAERALALGAEIIAVNVRDLKTAEVDRSAFARIARRLPDDVVKIAYGGISEPEEIKRLAKMGVDAVLIGETLMRNENKEEEFNE,1
Des145,PSVLDEIIAGAREDIEARKAQLSLDELKERAERAPPPRDAMAAFRAPGSAVVLFCLKASPSKGLIREDFDPARIAAVYRHYANAIAVLTDEKYFQGSFDFLRIVSSQAPQPILCADFIVDEYQVHEARAHGADMVLLIVAALDQDQLRRLLELVHSLGMLALVEIHDEEDLEKVLSVVRPKLIGIYNTDYKTFETDLNTTEKLAKLIPPDTILVAILGISEPEQIERLRKAGVDGFLIGSTFARNPDKAAEAKE,0
Des146,RKLEEIIEAMKKKRQEIPEENIQPQRSNHAFYKALLGKERLKIILICLKASPSKGLIREDFDPVRIASVYRHYADAITVLTDEKYFQGSFDFLRQVAAVAPQPILCWDFIIDPAQIYLAAHHQADAVVLILSVLSDEQYRQLAAVAHSLNMGVVVDVHDEEDLRKVFSVLKPKIIAILNRDLDTFEVDLNTTEKLLKLIPPDTIVIAVGGYSTPEQLKSLEGLADAVLIGESLMTAPDIAAKLRELVG,1
Des147,RKEEEIIEAQKKKKQELLEENIQFQRKNHSFLKALLSKERLKIIAIFVKASPSKGDINPNADPEEIIRIYNKYADAISVITDEDFFKGSPEYLQQARKATNLPIECVDFIIDPAQIYLAAHYQADAIWLMLSVLDDEQARQLAAVAHSLNMGVIVLISNEEEMERAIALGAKIVAILNVDLRDFSIDLNRTRQLAPQLGHGVIVISVGGIYNPQQLKDLRGYVNAVLVGEALMRAEDIKKFLQDMIAWAE,1
Des148,RKEEEIIEAAKKKKQELLEENIQFQRRNHAFLKALLGKERVKLIADILKASPSKGDINPDFDLEEIIRIYNKYADAITVLTEEDFFKGSPEYLQQARKITNLPILRWDFVVDPAQIWEAAAHGADAILLIVRVAGDRTAEFYKLASELGLDVLVLVHDEEDLEKVFSYLKPKIIAIINRDLDTFEVDLNTTEKLLKLIPPDCIVIAIVGVRGPEDLLRYAAQGADAVVVGEGLVTHGDPRQALADLVTAGTHPSCPR,1
Des149,SEKWKIMKQVAEDFTQMEAENMIPQIRNHLFLQHLSGKYRVKIIAVYTNKAPDGLSSNMDHIEYAKTAAHIAAALVIVTDEKHFNGSRETLRKIASSVDIPLLHWYFIIDPTAIRDAAANNVDAVVLILDILDDDQYRQLWAVAAALHLDVVVDIMCEKYMHRAIALGARDVAILNIDLENQQIDLNWTRKLANKLGHNVTVIAVSGISEAEQLEELRKLGVNAAVISATLMNNPEKIWELNR,0
Des150,SRADLTNVPGAVGEFARARASVIVPHPVPCPPKVPSFYEALLRPGAAIIALFTRASPSKGDINAHANLEAFIRWYAELADAISIMTEKHYNKGDPAFIKHARNLVSFPILRFDFVDDPFMLYAARAFGAAAIVLIVALTGHRTGEYLEIAARYDLDVLIDITSEEDWEKVASVARPPIWVIVTTDLATFETDKSILWKLMKLIPPNTVILVVGGIYVAAIIEEQASGADGFIISEALMAHDDLHSALRRLLEANQNR,0
Des151,MDLPDLRNIPGEVAKIAKAVKKSLRPYPLPEPPPVRSVEEALRRPGVAIVALFLKASPSKGDINPDADPAKIIKIYDKYVDAIAILTEKHYHKGDMSYIQKARQYTNLPIIRQDFIVDPYQLYEARAHGASAILLIVRLLGDKLEDFIKLAHELGMDVFTLISTEEEMKRAIALGAKIVAILNIDYRDNSIDLNRTKHLAPQLGPGVVIEAVGGIYDPRQLKNLRGKVDAVLVGEALMRAEDPKAFLAEMLKCAE,0
Des152,PSVLDEIIANVRKDVAARRAQLSLDEVKERAERAPPPRDAMAAFRAPGCAVILICLKASPSQGLIREDFDPARIAAVYRHYADAIVVPTDEKYFQGSFDFLRIVSSQAPQPILCFDFIIDEYQIYEARAAGADAILLIAAVLDREQLKRLYEAARELGMDVLVDVHDEEDLEKVFSAIRPKIIGIVNTDWKTFETDLNTTEKLAKLIPPDTIVIAISGISEPEQIKRMRKAGVDAVMIGSTFARNPDKAAEAKE,1
Des153,PSALDALVAGAREDVAAREARVSFDELKERAARAPPPRDVWAALRAPGVQVIAICLKATPSKGLIREDFDPARIAAVYRHYASAIAVITDEKYWQGSFDFLRIVRNVAPQPILCLNMIVDPAQIYLARAYQADAVLLIASVLDAEQARQLAAVAHSLNMGVLVVVHDEEDLEKVFSVIKPPLIGIENLDLDTFEIDLNTTEKLLKLIPPDTIVVAIGGISEPEQIKRLAKLGVDAVMIGETLARNPDKAAEFKE,1
Des154,MIQPDLRNVKGLLAEIAKTVAKDLRPRPLPEPPPGPSFESALRRPGLALLLVCLKASPSKGLIREDFDPTRIAAIYRHYADAILVITDEKYHQGSFSFLRIVRAVAPQPIECLDFIVDEIQIYEAAAAGADAILLIVAILTDEALKHLIEVAKSLGMDVIVVVHTEEEAERALKAGAKIIAINAQDWHTGKVDKTLYARIADLLPDEVVKIAVGGYSTKEELKSLEGVFDAVYIGEAIMRAPDIAKALKKLLG,1
Des155,MARELKGWLKEVVDRAKNRPTIETERKKPVISLASRILEIKKRGKLAIIALIVKASPSKGDINPNADPVKIAKIYSKYAAAIAILTERDFHKGSPSYIQEIRQHTDLPLICVDFIVDERQILEAYALGADAILLIVAILTEDELKHLYKAAKKLGMDVIIDVHTEEEADRALKVGAKMIAVNALDYRTGEVDMSAFERIIDRLPDEVVKITVGGISEPEQLKELRKLGVDAVFIGETLMRNPSKIQEFIK,1
Des156,PSALDAAVAGAREDLAAREARVSFDEMKERAERAPPPRDALAALRAPGVGVIAVVARASPSEGAIRPLDPVEAARAYEQAGASAISVITDPKYFGGSFEDLKAVRSAVDLPIEAVDFIIDEAQIYEAKAAGADAILLIAKILDKEQIKELYEAAKELGMDVIVLISNEEEMERAIALGAKVVAILNRDLRDLSIDLNRTRQLAPQLGHGVIVISVGGIYTYQQARELSHYANAFYIGSALMSEDDLEAAARRVALGDNKA,1
Des157,MEEVLAKIVRDKAIWVEARKQQQPIESFRDELQPSTRNFYQALTGDRTAFILPCIKASPSKGLIREDFDPVRIASVYRHYASAIAVLTDEKYFQGSFDFLRQVRAVAPQPVLMFDFIIDEYQIYQAALAGADAVLLIVAILSDEELKHLYEFARSLGMDVLVDVHTEEELERALRLGARVIGIGNTDLRTMEVDPNTAERLGRLARERGFTGVLVAISGIYDPQQLKDLRGYFDAVLVGTSLMRAEDPKKACKEMVAWAE,1
Des158,PSALDAAVAGAREDVAAREARLSFDELKEQAARAPPPRDVLAALRAPGVAVIAVVIRTSASKGPLASIADPAALAREYEAAGAHAIEVITERRRYKGSLEDLDAVRAAVDVPVLCFDFIVDPAQIYMARAYHADAILLMLSVLDDEQARQLAAVAHSLNMGVLVQVHDEEDLEKVFSVIKPKIIAILNRDLDTFEVDLNTTEKLLKLIPPDTIVISISGIYTYQQARELSHYANGFIIWAALMSEADAHAALRRVTLGDNKA,1
Des159,MHPSKGWLKNVALLALHRPKFIDEMEKPIRKLAETILEANKRNITAIIALFTRATPSEGDINAHANLEKFIRWYAELADAITIMTEKHYFKGDPAFIKHARNLTNFPIIAYDFYHKEEQIESAYNAGADAIVLLTSQQTEDLLATLHKYAKKYKMDTLVDIFSEEDWEKVASVIRPKIIVIVTQDLETFTIDKSILWKLMKLIPPNTVILAAGGYSRKEELKSLEGVFDAVFISTSIMKAPDPRAFMQKLLG,0
Des160,PRELKGWLKEVVQIAKRRPSLEAQRKKPIISLASRILELRKRGKLAIIALYMRKSPSGLDVERDPIEYAKTMEKYAVALAVITDEKFFNGSLEDLKKIRSAVDIPILRVDFIVDEKQIYEAYALGADAIWLIAAILDKDEIKELYEIAKSLGMDVLVLVHDEEDLEKVFSVIKPKVIAIDNRDLKTFSVDLNTTEKLLKLIPPDCVIVAVGGISEPEQLERLRKLGVDAVLIGETLMRNPDKIKKFQE,0
Des161,PSVLDEIVAGVREDAAARRAEVSLDEIKARASKQPPARDAVAAFRAPGVAVILVCQKASPSKGLIREDFDPVRIASVYRHYADAIVVLTDEKYFQGSFDFLRQVRKVAPQPILCWDFIVDPYQIYLARYHQADAILLMLSVLDDEQYRQLAAVAHSLNMGVLVDVHTEEELERALKAGAEIIGINNMDLRTMEVDPNTAERLGRLARERGFTGVLVAHSGIYNPEQLRDLRGYVDAVLVGTALMRAEDPKKFLKEMIAAAE,0
Des162,MEEVLAKIVKDKAVWVEERKQQQPIESFRDKLQPSQRNFYQALTGDRTAFIALYTRKSPSGLDVERDPIEYAKTMEKYADALIVLTDEKYFNGSLEDLRKIRSAVSIPILRYDFIIDEWQIYEAAAAGADCVLLIVAILSDEELKSLYEIARSLGMEVLVDVHTEEELERALKLGARVIGINNTDLRTMEVDRNTAERLGRLARERGFTGVLVAISGISTPEDIKRLKKAGVDAVLIGEALMRNPNKAEEFKE,1
Des163,PTMLDDMNTEVRKDLAKRNATVSYNDLLALAALAPPPCDVMAALRSPGVGIIAQIIKASPSTGLIRDDFDPKRIAAIFRQYAVAILVTADRSVFQADFNFIRIIAQIAPQPVLALFLIIDPAAIAAAKAAEADAIFLLLSMLDDDQYRQLWAVAAALKMYVLTEVTTEEQAKRALKIGAKVIGVWPIVIWTGDIDLEAIKRIARNLPPEVIIILFQGILVAAIAEELAHHADALIIGKAIMAHDDLHAAMAKIARANKNK,0
Des164,DAAIIKHTKGAAAAIAKQVALDQKPKPAAEPPPGRSFEAALRRPGVAIILLCLKASPSKGLIREDFDPVRIASVYRHYADAIVVLTDEKYFQGSFDFIRQVRAVAPQPILCADFIVDEYQIYEAAAAGADAIFLIAAILTDKAIKDLYEAAKELGMDVLVIVHDEEDLEKVFSVIKPKIIGINNRDLATFEVDLNTTEKLLKLIPPDTVVVAEGGYSTKEQLKSLEGLADAVLIGESLMRAPDIAAALRELRG,1
Des165,RKMDLIMKQVATDITQMQAENMIPEIRNHLFLQHLSGKYRVKIIAVYTNKAPDGLSANIDHIEYAKTAAKIAAALIILTDEKHFNGSAETLRKIASSVDIPILHYHFIIDPTAIRAAAADKADAVVLIASILDDDQYRQLAAVAHALHLDVVLDITSEEDWEKIASVIRPKIIVIVTQDLDTFTIDKSILWKLMKLIPPNTVVIAASGIKDPRELKDLRGKVNAVIISTSIMKAPDPKAFLEKAEKHSE,0
Des166,PSALDAIVAGAREDLAAREARLSFDELKEQAARAPPPRDALAALRAPGVSVIADYMRKSPSGVDVERDPIEYAKTAEKYAAALAVLTDEKWFNGSLEDLRKIASAVSIPVIAVDFIVDPAQIYLARAYQADAIWLILSVLDDEQARQLAAVAHSLNMGVLVVIHDEEDLEIALRIGARLIGILSRDLKTFEMDLETTKKLISMIPPDVIIITIGGIYTYQQVRELSHYANGFIISSALMSEDDAEAAIRRVALGDNKA,1
Des167,PSVLDAIIAGVREDVAARKAKVSFDELKERAARAPPPRDVLAALRAPGVAVIAIFLKASPSKGDINPDADPEEIIKIYNKYADAITVLTERRYFKGSPEYIQQARKFTNLPILRWDFIVDPAQIYEAKAHGADAILLIVAVLGDRLKEFLKLARELGLHVLVDIHDEEELEIALRCGARLIGILNVDLKTFRVDLETFKKLISMIPPDVIRVAIGGIKNPQQLKDLRGYVDAVLVGEALMRAEDPEKFLKEMRAYAE,1
Des168,SRADLTNVPGIAGEIARARASEIVPHPIPCPPKVSSFAEALLRPGLAIIAVCLKATPSTGLDLENFDPKKIAALFKQYAAAITAAIDRKAFQADNNFIRIIAQIAPQPILVWDFVVDAAQIVIAAGIYAAAVVLDTSVLEPKVWLEMFKRIASWGMFCCVSVTTERDLQIAIEAGADILIIETTDYKTMRTNIETARRLGRLARKRGFGGILIAAGGYSRKEELKSLEGIFDAVIISTSIMRAPDPEAFIRKLLG,0.5
Des169,MRKLEEIIEAAKKKKQELEEENIQPQMKNHNFLKAMLGNERLKIICTFFKASPSKGDINPNADPKQVIKIYDKYADAIAILTEEDFGKGSFEYIKEARKHTNLPIICWDFILDPRQIYQAAAAGADAILLIVRILDEEQIKRLYETAKKLGMDVLILVHDQEDLRKVFSVIRPKIIEIANQDLDTFSVDLSTTLKLLKLIPPETIIISVGGIYTYQQVKELSQYVHGAVISEALMSEEDLEAAVQRVVLGDNKV,0.5
Des170,PSALDAAVAGAREDLAAREARLSFDELKEQAARAPPPRDGLAALRAPGVAVIAVVVRSSASKGPLASIADPAALAREAEAAGAHMIAVLTERRRFKGSLEDMDAVRAAVDVPVLALDFIVDPAQIYMARAYHADAIVLIASVLDDEQARQLAAVAHSLNMGVFIVVHDEEDLEKVFSVIKPKIIAIDNQDLDTFEVDLNTTEKLLKLIPPDTIVVAFGGIYTYQQARELSHYANGFVISSAIMSEADIHAAIRRVTLGDNKA,1
Des171,MPSVLDAIISGVRADVSARKAKVSFDELKERAERAPPPRDALAVLLAPGVQIILVCLKASPSKGLIREDFDPLRIAAVYRHYASAIAIITDEKYHQGSFDFLRLVRSVAPQPIICIDFIVDPAQIYEAKAHGADAILLIVAVAGDRLKEFYDLARKLGLDVIVLVHTEEELERALRAGARIIEISNVDLRTGEVDISVFEHLARLARERGFTGVLISYGGIYTYQQLKELSKLADGFVISEALMSEEDLETAVRRLLLGDNKV,1
Des172,PRYLEGWLKDVVQLALRRPSIEAQRDRPIINLAERILEANKRNKVAIILVCEKASPSKGLIREDFDPARIAAVYRHHASAIVVLTDEKYNQGSFDFLRIVSQVAPQPVIMYDFIVDPYQIYQAAAHGAAAILLIVAVLGDRLAEFLELAKSLGLEVLVDIHDEEDLEKVLSHCRPDLIGINNTDLKTFETDLNTTKKLAKLIPPDTIIVAISGISEPEQIERLRKLGVNAFLIGSTLMRNPEKAKELKE,0
Des173,MEEVLAKIVRDKKIWVETRKQQQPLESFRDTIQPSTRNFYDALQGDRTAFIALFTKASPSEGDINPDADPVEIIKIYNKYADAIAVLTDEKYFKGSPEYLKEIRKHTNLPLLCIDFIVTPYQIWEARAHGADVVVLYVAALDQDQMRRLLELIHSLGMTALVDIHDEEELEIALRLGARIIAIGNRDLKTNEVDLETAKKLASLIPSDVIIISFSGIYDPRQLKDLRGVYDAFCIGTALMRAEDPHKFLKELIAWIE,0.5
Des174,PSVLDEIIANARTDAAARRAQVSLDELKEQAERAPPPRDAMAAFRAPGCAVILFCIKASPSQGLIREDFDPVRIASVYRHYADAIVVPTDEKYWQGSFDFLRQVSQVVPQPIFCYDFIVDEYQIAEARAAGADAVLLIVAALSEEELKSLYEFARSLGMDVLVDIHDEEDLEKVLSVIRPKLIGIINTDYKTFETDLNTTEKLAKLIPPDTILVAYGGISEPEQIKRMRKAGVDAVLIGSTVARNPDKAAEAKE,1
Des175,PRDLKGWLRDVVQAALRRPSFEAEPKRPAISIASAIEEAKKRNKAAIIAICEKASPSQGLIREDFDPARIAAVYRHYAAAIYVLTDEKYLQGSFDFLRIVSNVAPQPILCFDFIVDEYQIYRARAYGADAILLIAAILDDDQLKRLYEIAKELGMDVLVEVHTEEELERALRAGARMIGISNMDLRTMEVDRNTAERLGRLARERGFTGVLVAWGGYSTKEQLKSLEGLFDAVLIGTSLMRAPDIEKAARELLG,1
Des176,PSIMDAIVAGVREDVAAREARLSFDELKEQAERAPPPRDALAALRAPGVSVIAVVTRASPTAGAIRPLDPVEAARIAEEGGASAIAVLTDPKYFGGSDEYLKAIRSAVDLPILCINMIVDPAQIYLARAHQADAIILIASVLDDEQYRQLAAVAHSLNMGVLVIVHTEEEAERALAAGAKVIGVLARDWKTAEVDRSAFARIADRLPDDVVRISEGGIYTYQQARELSHYANGFLIGSALMSEDDLEAAVRRVALGDNKA,1
Des177,PSVADAIVAAVREDVAARKAQVSFDELKARAAKAPPPRDVLAALRAPGVGIIALFLKASPSKGDINPDADPEEILKIYNKYADAIDVLTEKKYFKGSPEYIKQARKVTDLPILCWNWIVDPAQIYLARAYHADAIVLLLSVLDDEQARQLAAVAHSLNMGVLVFIHDEEELEIALRIGARLIGILSRDLKTFEVDLETQKKLISLIPSDVIVVAIGGISEPEQIKELAKAGVDAVLIGETLMKNPDKIQEFTE,1
Des178,IHPNTGWLKYVILAALHCPKFIDEMERPIRKLCEVILEFNKRNITAIIAVCMKASFSKGLIVDDFDPRRIAALYRQYAAAIAVMADEIIFQAAPLFIRIIAQIAPQPILMLDFIVKEEQIERAYAAGADAIVLITEIQTEDLLKTLIKFAKKFDMVPMIEVHTERDLEIAIRAGAKVLAIWNMDQKTMRENVETARDLGRLARKRGFNGVLVAISGISEAEQLEELRKLGVNAFMISETLLKNPEKIKELNR,0
Des179,VRELKGWLKDVVQLALRRPSIEAQRDKPIINLAERILEANKRNKVAIIALFTKASPSKGDINPDADPAEIIKIYNKYADAICVLTEEAFNKGSPEYIREARQHTNLPILMWDFIVKEVQIYDAYALGADAVLLIVTILTDEELKRLLEYARSYGMEPLVDVHTEEELERALRAGARIIGIVNTDLKTAEVDRNTAKRLGRLARERGFSGVLVAIGGISEPEEIEELRKAGVNAFIIGETLMKNPEKAKEFKE,1
Des180,MDAADLRNVKGLLAKIAKTIYKKLRPYPLPEPPPGRDFEAALRRPGVAIICAYARKSPSGLDVERDPIEWAKLMEKYAAALAVLTDEDYYNGSLEDLQKIRSAVDIPVERVDFIVTEYQVYEARAHGADVVLLIVAALEEEALRSLYELIQSLGMVAIVLIHDEEDLEIALRAGAQMIGIVAQDKRTQQVDLETFKRLISLIPPEIIIIAVGGVSEPEQLKELAKLGVDAVYIGETLMRNPEKIKEFHK,1
Des181,GRPDLTNVPGLLGEFARARASVIIPHPVPCPPKVSSFYEALLRPGLALILVIIKASPSEGLIRDDFDPRRIAALYRQYAAAIIVATDRQVFQGDNNFLRIIAQIAPQPIGAFDFIVDPFMLYAFRAFGAAVVVLIVALLGELTGEYLEIAARYDLDVLIDITSEEDWQKVASVARPKIIVIVTMDLATMTIDKSILWKLMKLIPPNMVIILAGGIEDPRELKDLRGKVNAVIVSTSIMKAEDPRAFLEEMEKHAH,0
Des182,PDYLKGWLRDVVEAARRRPSKEDEPKKPPISIAEAIEEAKKRNKAAIILVCQKASPSKGLIREDFDPARIASVYRHYASAITVLTDEKYFQGSYDFLRIVSNVAPQPILCWDFIVDESQIHQARSAGADAVLLIVAILTPEELKHLYEYAKSYGMDVLVDVHDEEDLEKVFSVIRPKLIGINNTDLKTFETDLNTTEKLLKLIPPDIIVVSISGIYDPRQLKDLRGKVDAVLVGTAIMRAEDPKKFLKDMIAWAR,0
Des183,PSALDAIIAGIREDLAAREARVSFDELKEQAERAPPPRDAMAVLRAPGVAVIAIFIKASPSKGDINPDADPEEILRIYNKYADAITVLTEKDYFKGSPEYLQQARKVTNLPIECVDFIVTPYQIYEARAHGADMVWLIVAALEQEQLEELYERVESLGMHAIVTVHTEEELERALRAGAEIIGILNTDLRTFEVDLNTAERLGRLARERGFTGVLIVIGGYSTPEELKSLEGIFDAVLIGESLMRAPDIAAAIRELIG,1
Des184,PSVLDAIVAGAREDVAAREAKVSFDEVKERAERAPPPRDVMAALRAPGVAVICVFLKASPSKGDINPDLDPEEIIKIYNKYADAIEVLTERTYFKGSPDYLKQARKITNLPILCWNMIVDPYQIYLARAYHADAILLILSVLDDEQYRQLAAVAHSLNMGVLTVISNEEEMKRAIALGAKIVAILNQDLRNMSIDLNRTRQLAQQLGPGVIIIAYGGYSTKEQLKSLEGLADAVLVGESLMRAPDIAAAIRELIG,1
Des185,GSVLDEILAGVREDLAARKAVVSFDEIKERAARAPPPLDVMAALRAPGVGVIALFTKASPSKGDINPDADPEEIIRAYNDYADAIVVATEERFNKGSPEYLKQARKVTNLPIIRWDFIIDEYQIYEARAAGADAILLIAACLDDEQMKRLYETARNLGMDVWVDIHDEEDLEKALKAGARVIGVVSKDLKTNSVDLETTKRLISLIPSDVIIIAMFGVRGPEDLLAFAAWGADAVLVGDGLVTHGDPRQAVADLVTAGTHPSCPR,1
Des186,MEEVLAQIVKDKAIWVEKRKQQQPLESFRDTLQPSTRNFYQALTGDRTAFIAIYLRKSPSGLDVERDPIEYAKTMEKYADALIVSTDEKYFNGSLEDLRKIRSAVSIPILCYDYIVDSYQIWEARAHGADAVLLIVAALDDEQLRELYERIESLGMDALVDVHTEEELERALKLGARIIGIGNMDLRTMEVDRNTAERLGRLARERGFTGVLVAISGISEPEEVERLRKAGVDAVMIGSTLMRNPDKAKEFKE,1
Des187,MEEVLARIVKDKEIWVETRKQQQPLESFRDKLQPSTRNFYQALTGDRTAFIAVYLRKSPSGLDVERDPIEYAKTMEKYADALVVLTDEKYFNGSLEDLRKIRSAVSIPILRFDFIVDSYQIWEARAHGADAVVLIVAALDDEQLRELYERIESLGMTAHVDVHTEEELERALKLGARIIGIVNTDLRTMEVDRNTAERLGRLARERGFTGVLVAISGIHEPEEVERLRKAGVDAVIIGSTLMRNPDKAKEFKE,1
Des188,MEEVLAKIVKDKKIWVEERKQQQPLESFQNQVQPSTRNFYDALQGDKTAFILVCLKASPSKGLIREDFDPVRIAAVYRHYASAIAVLTDEKYFQGSFDFLRQVSQVAPQPILCFDFIVDEIQIYQAALHGADAILLIVAVVGDRLKEFIDVARELGLDVIVDIHDEEDLEKVLSYCRPKIIGINNTDYRTMETDLNTTEKLAKLIPPDTILVSISGIYTYQQVRELSHYANGFLIGSALMAEDDLEAAVRRVLLGDNKI,1
Des189,MEEVLAKIVKDKRIWVEARKQQQPLESFQNEVQPSTRNFYQALQGDKTAFILVCIKASPSKGLIREDFDPARIAAVYRHYADAIAVLTDEKYFQGSLDFLRIVSAVAPQPILCYDYIVDSYQIHQARAYGADAVLLLVAALDQDQLRELLERVHSLGMTAVVDVHTEEELERALRAGAEVIGINNTDYKTMEVDPNTAERLGRLARERGFSGVLISISGIYTYQQVRELSHYADGFLIGSALMAEDDLEAAVRRVLLGDNKI,1
Des190,MPSVLDAIVSGAREDARAREAKVPLDELRERAKRAPPPRDVLAALLKPGVAIILLCVKASPSKGLIRDDFDPVRIAAIYRHYADAIAVLTDEKYYQGSLSFLRQVRAVAPQPILCVDFIIDESQIYQAKAYGADAVWLIVAILSPDQLKKLYEIAKSLGMDPIITVHDEEDLEKVFSVIRPKIIEIVNTDLDTWSTDLNTTEKLLKLIPPETIIIAVGGIEDPRQLKDLRGKVDAVLVGVSIMRAEDPKKFLADMLAYAK,1
Des191,GSVLDEILDGVRKDVAAREALVSFDEIKERAARAPPPLDVMAALRAPGVGVIAWFTKASPSKGDINPDADPAEIIKAYNEYADAITVTTEERFFKGSPEYLKEARKITNLPILRFDFIIDEYQIYEARAAGADAILLIAACLDDEQMKRLYEAARELGMDVWVDVHTEEELERALRAGAEVIMILNFDQRTAEVDLNTFERLGRLARERGFTGVLIAAGGVRGPEDLLHYAAAGADAVLVGDGLVTHGDPRQAVADLVTAGTHPSCPR,1
Des192,MDQPDLRNIPGLLAKIAKTILKSLRPYPLPEPPPVRSFEEALRQPGMAIICIFVKASPSKGDINPNADLEKLIKIYDKYADAIIILTEPHYHKGDLSYIQKARQITNLPILRFDFIVDPYQIYEARAHGASAVLLIVALLGDKLADFIKIAKKLGLDVLVDVRTQEEADRALKAGAKIIAILALDIHTGKVDMTLFERIADRLPDEVVRVAIGGIKEPEQLKRLQKLGADAVLIGETLMKNPDKIKEFIK,0
Des193,PRELKGWLKDVVQLALRRPSIEAQRDKPIINLAERILEANKRNKVAIIALFTKASPSKGDINPDADPAEIIKIYNKYADAIWVTTEEAFNKGSPEYIREARQHTNLPIMMFDFIVKEFQIYDAYALGADAVLLIVAILTDEELKRLLEYARSYGMEPLVDVHTEEELERALRAGARIIGIGNVDNKTARVDRNTAKRLGRLARERGFSGVLVALLGISEPEEIEELRKAGVNAFLIGETLMKNPEKAKEFKE,1
Des194,METVLAKIVKDKKKWVETRKQQQPIESFRDELQPSTRNFYQALTGDRTAFILDCIKASPSKGLIREDFDPARIASVYRHYADAIAVLTDEKYFQGSFDFLRIVRNVAPQPVLCIDFIVDEYQIHQARAHGADAVLLIVAAAEDAQLVSLYQRIESLGMTAMVMIHDEEDLEIALRAGARIIGIGSTDLKTNEVDLETTKKLISLIPSDVVIVAFSGIYDPRQLKDLRGYVDAVLIGTALMRAEDPKKFCKELVAYAE,1
Des195,PRELKGWLKEVVQRAKRRPSIEAQRKKPIISLASRILEARKRGKLAIICIVIKASPSKGDINPDADPEEIIKIYNKYAAAITVLTEEDFFKGSPEYLKQARKITDLPLLCWDFIVDEKQIYEAYALGADCILLIAAILDDEQIKKLYEAAKELGMDVLVDVHDEEDLEKVFSVIKPKIIAILNRDLKTFEVDLNTTEKLLKLIPPDTIVVAIGGYSTKEQLKSLEGLADAVLIGESLMRAPDIAAALRELIG,0.5
Des196,MDQPDLRHTEGAAAKIAKTVLKSIRPRPLPEPPPGRSWESALRRPGIAIICLIIKASPSKGDINPDADPKEILDIYDKYADAIAIITDPHYFKGDDSYIQKARNITNLPILRVDFIVDEIQIEEAAALGADAIWLIVSILTDKALKDLYETARKLGMDVIVTVHTEEELERALKLGARIIEISNVDLRTFTVDRNVAEHLGRLARKRGFTGVLIALGGIYDPQQLKDLRGLFDAVLVGEAIMRAEDPRKFLADMLAYAE,1
Des197,PRSLEGWLKEVVQRAMRRPSYEAQRKKPIISLASRILEAKKRGKIAIIAIFLKASPSKGDINPDADPEEIIRIYNKYVDAITVLTEEDFFKGSPEYIKQARKATDLPIIRWDFIVDPYQLYEAAAIGADVVLLIVAVLGDRTAEFYKYAKELGLDVEVLVHDEEDLEKVFSYCKPKVIAILNEDLKTFKVDLNTTEKLLKLIPPDCVIIAIGGIYDPRQLKDLRGKVDAVLIGEAIMRAEDPKKFLREMIAWAE,1
Des198,MPSVLDAIVAGAREDMAAREAKVPLDELRERAKRAPPPRDVLAALLKPGVAIILLCVKASPSKGLIRDDFDPVRIAAIYRHYADAIAVLTDEKYYQGSFSFLRLVRAVAPQPIICADFIVDESQIYQAKAAGADTVWLIVAILSPDQLKKLYEIAKSLGMDPLILVHDEEDLEKVFSVIRPKIIEILNTDLDTFSTDLNTTEKLLKLIPPETIIVAVGGIEDPRQLKDLRGKVDAVLVGASLMRAEDPKKFLADMLAYAK,1
Des199,PRYLKGWLRDVVQTALRRPSIEDQPQKPAISIASAIEEAKKRNKPAIIALYTRKSPSGLDVERDPIEYAKFMEKYAVALVVLTDQKYFNGSPEDLKKIASAVSIPILCFDFIVDEYQIYEAYALGADAILLIVAILDDEQLRELYEAAKELGMDVLVDVHTEEELERALRAGAEMIGINNQDLKTLEVDPNTAERLGRLARERGFTGVLVAISGISTAEDIKRLRKAGVDAFLIGSSLMRNPDKAKKFRE,0
Des200,MDDADLRNVKGVIAEIAKSVYKDQRPYPLPEPPPGKDYEAAMRRPGVALICLFIKASPSKGDINPDADLEKIIRIYDKYADAIVILTDPHYWKGDDQYIQRAKNYTELPIIRMNWIVTEYQVYEARAHGADAVILVVAALEQEVLESLYELIESLGMVAVVEVHTEEELERALRAGARVIGILNVDMRTMEVDRSVAEHLGRLARKRGFTGVLVTIGGVSSKEEIKRLEKAGVDAILIGDTLMKNPSKAEEFRE,1
Des201,PTASDDHITNVRKIQAKREAKVSYNDLKAIAASAPPPCDVLAALRSPGLVIIAVLIKASPSTGLILDDFDPKRIAALYRQYAVAIIVATDRSVFQADFNFIRIIAQIAPQPIIAWNYYTHIAQIAWAAAAGADAIVLITATQTEDLLATLHKYAKKYKMDTFVDIFSEEDWEKVASVIRPKIIVIVTTDLDTFKTDKSILWKLMKLIPPNTIIVAVSGISEAEELEELRKLGVNAAVISETLMRNPEKIAELNR,0
