,team,sequence,output,target,Category
860,TUM Rostlab,ATAPSIKSGTILHAWNWSFNTLKHNMKDIHDAGYTAIQTSPIMQVKEGNQGDKSMSNWYWLYQPTSYHIGNRYLGTEQEFKEMCAAAEEYGIKVIVDAVLNHTTSDYNAISNEVKSIPNWTHGNTPIKNWSDRWDVTQNSLLGLYDWNTQNTQVQSYLKRFLDRALNDGADGFRFDAAKHIELPDDGSYGSQFWPNITNTSAVFQYGEILQDSVSRDAAYANYMDITASNYGHSIRSALKNRNLGVSNISHYAIDVSADKLVTWVESHDTYANDDEESTWMSDDDIRLGWAVIASRSGSTPLFFSRPEGGGNGVRFPGKSQIGDRGSALFEDQAITAVNRFHNVMAGQPEELSNPNGNNQILMNQRGSHGVVLANAGSSSVSINTATKLPDGRYDNKAGAGSFQVNDGKLTGTINARSVAVLYAD,0.0127646318653077,Specific Activity,Pass
862,TUM Rostlab,ATAPSIKSGTILHAWNWSFNTLKHNMKDIHDAGYTAIQTSPIMQVKEGNQGDKSMSNWYWLYQPTSYHIGNRYLGTEQEFKEMCAAAEEYGIKVIVDAVLNHTTSDYNAISNEVKSIPNWTHGNTPIKNWSDRWDVTQNSLLGLYDWNTQNTQVQSYLKRFLDRALNDGADGFRFDAAKHIELPDDGSYGSQFWPNITNTSAVFQYGEILQDSVSRDAAYANYMDITASNYGHSIRSALKNRNLGVSNISHYAIDVSADKLVTWVESHDTYANDDEESTWMSDDDIRLGWAVIASRSGSTPLFFSRPEGGGNGVRFPGKSQIGDRGSALFKDQAITAVNRFHNVMAGQPEELSNPNGNNQIFMNQRGSHGVVLANAGSSSVSINTATKLPDGRYDNKAGAGSFQVNDGKLTGTINARSVAVLYAD,0.0126788013453844,Specific Activity,Pass
857,TUM Rostlab,ATAPSIKSGTILHAWNWSFNTLKHNMKDIHDAGYTAIQTSPIMQVKEGNQGDKSMSNWYWLYQPTSYHIGNRYLGTEQEFKEMCAAAEEYGIKVIVDAVLNHTTSDYNAISNEVKSIPNWTHGNTPIKNWSDRWDVTQNSLLGLYDWNTQNTQVQSYLKRFLDRALNDGADGFRFDAAKHIELPDDGSYGSQFWPNITNTSAVFQYGEILQDSVSRDAAYANYMDITASNYGHSIRSALKNRNLGVSNISHYAIDVSADKLVTWVESHDTYANDDEESTWMSDDDIRLGWAVIASRSGSTPLFFSRPEGGGNGVRFPGKSQIGDRGSALFEDQAITAVNRFHNVMAGQPEELSNPNGNNQIFMNQRGSHGVVLANAGSSSVSINTATKLPDGRYDNKAGAGSFQVNDGKLTGTINARSVAVLYAD,0.0126165472882199,Specific Activity,Pass
816,TUM Rostlab,ATAPSIKDGTILHAWNWSFNTLKHNMKDIHDAGYTAIQTSPIMQVKEGNQGDKSMSNWYWLYQPTSYHIGNRYLGTEQEFKEMCAAAEEYGIKVIVDAVLNHTTSDYAAISNEVKSIPNWTHGNTPIKNWSDRWDVTQNSLLGLYDWNTQNTQVQSYLKRFLDRALNDGADGFRFDAAKHIELPDDGSYGSQFWPNITNTSAVFQYGEILQDSVSRDAAYANYMDITASNYGHSIRSALKNRNLGVSNISHYAIDVSADKLVTWVESHDTYANDDEESTWMSDDDIRLGWAVIASRSGSTPLFFSRPEGGGNGVRFPGKSQIGDRGSALFKDQAITAVNRFHNVMAGQPEELSNPNGNNQIFMNQRGSHGVVLANAGSSSVSINTATKLPDGRYDNKAGAGSFQVNDGKLTGTINARSVAVLYAD,0.0126114554260572,Specific Activity,Pass
20,MediumBio,LTAPSIKSGTILHAWNWSFNTLKHNMKDIHDAGYTAIQTSPINQVKEGNQGDKSMSNWYWLYQPTSYQIGNRYLGTEQEFKEMCYAAEEYGIKVIVDAVLNHTTSDYAAISNEVKSIPNWTHGNTPIKNWSDRWDVTQNSLLGLYDWNTQNPQVQSYLKRFLDRALNDGADGFRFDAAKHIELPDDGSYGSQFWPNITNTSAEFQYGEILQDSVSRDAAYANYMDVTASNYGHSIRSALKNRNLGVSNISHYLIDVSADKLVTWVESHDTYANDDEESTWMSDDDIRLGWAVIASRSGSTPLFFSRPEGGGNGVRFPGKSQIGDRGSALFEDQAITAVNRFHNVMAGQPEELSNPNGNNQIFMNQRGSHGVVLANAGSSSVLINTATKLPDGRYDNKAGAGSFQVNDGKLTGTINARSVAVLYPD,0.012340354587674,Specific Activity,Pass
16,MediumBio,LTAPSIKSGTILHAWNWSFNTLKHNMKDIHDAGYTAIQTSPINQVKEGNQGDKSMSNWYWLYQPTSYQIGNRYLGTEQEFKEMCAAAEEYGIKVIVDAVLNHTTSDYAAISNEVKSIPNWTHGNTPIKNWSDRWDVTQNSLLGLYDWNTQNPQVQSYLKRFLDRALNDGADGFRFDAAKHIELPDDGSYGSQFWPFITNTSAEFQYGEILQDSVSRDAAYANYMDVTASNYGHSIRSALKNRNLGVSNISHYLIDVSADKLVTWVESHDTYANDDEESTWMSDDDIRLGWAVIASRSGSTPLFFSRPEGGGNGVRFPGKSQIGDRGSALFEDQAITAVNRFHNVMAGQPESLSNPNGNNQIFMNQRGSHGVVLANAGSSSVSINTATKLPDGRYDNKAGAGSFQVNDGKLTGTINARSVAVLYPD,0.01233867019263955,Specific Activity,Pass
922,TUM Rostlab,ATAPSIKSMTILHAWNWSFNTLKHNMKDIHDAGYTAIQTSPIMQVKEGNQGDKSMSNWYWLYQPTSYHIGNRYLGTEQEFKEMCAAAEEYGIKVIVDAVLNHTTSDYAAISNEVKSIPNWTHGNTPIQNWSDRWDVTQNSLLGLYDWNTQNTQVQSYLKRFLDRALNDGADGFRFDAAKHIELPDDGSYGSQFWPNITNTSAEFQYGEILQDSVSRDAAYANYMDITASNYGHSIRSALKNRNLGVSNISHYAIDVSADKLVTWVESHDTYANDDEESTWMSDDDIRLGWAVIASRSGSTPLFFSRPEGGGNGVRFPGKSQIGDRGSALFEDQAITAVNRFHNVMAGQPEELSNPNGNNQIFMNQRGSHGVVLANAGSSSVSINTATKLPDGRYDNKAGAGSFQVNDGKLTGTINARSVAVLYAD,0.01216222557701295,Specific Activity,Pass
911,TUM Rostlab,ATAPSIKSMTILHAWNWSFNTLKHNMKDIHDAGYTAIQTSPIMQVKEGNQGDKSMSNWYWLYQPTSYHIGNRYLGTEQEFKEMCAAAEEYGIKVIVDAVLNHTTSDYAAISNEVKSIPNWTHGNTPIKNWSDRWDVTQNSLLGLYDWNTQNTQVQSYLKRFLDRALNDGADGFRFDAAKHIELPDDGSYGSQFWPNITNTSAEFQYGEILQDSVSRDAAYANYMDITASNYGHSIRSALKNRNLGVSNISHYAIDVSADKLVTWVESHDTYANDDEESTWMSDDDIRLGWAVIASRSGSTPLFFSRPEGGGNGVRFPGKSQIGDRGSALFEDQAITAVNRFHNVMAGQPEELSNPNGNNQIFMNQRGSHGVVLANAGSSSVSIVTATKLPDGRYDNKAGAGSFQVNDGKLTGTINARSVAVLYAD,0.0121064239429277,Specific Activity,Pass
858,TUM Rostlab,ATAPSIKSGTILHAWNWSFNTLKHNMKDIHDAGYTAIQTSPIMQVKEGNQGDKSMSNWYWLYQPTSYHIGNRYLGTEQEFKEMCAAAEEYGIKVIVDAVLNHTTSDYNAISNEVKSIPNWTHGNTPIKNWSDRWDVTQNSLLGLYDWNTQNTQVQSYLKRFLDRALNDGADGFRFDAAKHIELPDDGSYGSQFWPNITNTSAVFQYGEILQDSVSRDAAYANYMDITASNYGHSIRSALKNRNLGVSNISHYAIDVSADKLVTWVESHDTYANDDEESTWMSDDDIRLGWAVIASRSGSTPLFFSRPEGGGNGVRFPGKSQIGDRGSALFEDQAITAVNRFHNVMAGQPEELSNPNGNNQIFMNQRGSHGVVLANAGSSSVSINTATKLPDGRYTNKAGAGSFQVNDGKLTGTINARSVAVLYAD,0.012082179473549049,Specific Activity,Pass
824,TUM Rostlab,ATAPSIKSGTILHAWNWSFNTIKHNMKDIHDAGYTAIQTSPIMQVKEGNQGDKSMSNWYWLYQPTSYHIGNRYLGTEQEFKEMCAAAEEYGIKVIVDAVLNHTTSDYNAISNEVKSIPNWTHGNTPIKNWSDRWDVTQNSLLGLYDWNTQNTQVQSYLKRFLDRALNDGADGFRFDAAKHIELPDDGSYGSQFWPNITNTSAVFQYGEILQDSVSRDAAYANYMDITASNYGHSIRSALKNRNLGVSNISHYAIDVSADKLVTWVESHDTYANDDEESTWMSDDDIRLGWAVIASRSGSTPLFFSRPEGGGNGVRFPGKSQIGDRGSALFEDQAITAVNRFHNVMAGQPEELSNPNGNNQIFMNQRGSHGVVLANAGSSSVSINTATKLPDGRYDNKAGAGSFQVNDGKLTGTINARSVAVLYAD,0.012021403595152101,Specific Activity,Pass
