Design id,mutant,mutated_sequence,Phenylethylamine Activity,(4-Chlorophenyl)phenylmethanamine Activity,1_3-Diphenyl-propane-1-amine Activity
TDY1J,WT,MLKNDQLDQWDRDNFFHPSTHLAQHARGESANRVIKTASGVFIEDRDGTKLLDAFAGLWCVNVGYGRQEIAEAIADQARELAYYHSFVGHGTEASITLAKMILDRAPKNMSKVYFGLGGSDANETNVKLIWYYNNILGRPEKKKIISRWRGFHGSGLVTGSLTGLELFHKKFDLPVEQVIHTEAPYYFRREDLNQTEEQFVAHCVAELEALIEREGADTIAAFIGEPILGAGGIVPPPAGYWEAIQTVLNKHDILLVADEVVTGFGRLGTMFGSDHYGLEPDIITIAKGLTSAYAPLSGSIVSDKVWKVLEQGTDENGPIGHGWTYSAHPIGAAAGVANLKLLDELNLVSNAGEVGAYLNATMAEALSQHANVGDVRGEGLLCAVEFVKDRDSRTFFDAADKIGPQISAKLLEQDKIIARAMPQGDILGFAPPFCLTRAEADQVVEGTLRAVKAVLGSLEHHHHHH,0.878,0.874,1.953
2A63E,G332C:H85G:F152Y:S120T,MLKNDQLDQWDRDNFFHPSTHLAQHARGESANRVIKTASGVFIEDRDGTKLLDAFAGLWCVNVGYGRQEIAEAIADQARELAYYGSFVGHGTEASITLAKMILDRAPKNMSKVYFGLGGTDANETNVKLIWYYNNILGRPEKKKIISRWRGYHGSGLVTGSLTGLELFHKKFDLPVEQVIHTEAPYYFRREDLNQTEEQFVAHCVAELEALIEREGADTIAAFIGEPILGAGGIVPPPAGYWEAIQTVLNKHDILLVADEVVTGFGRLGTMFGSDHYGLEPDIITIAKGLTSAYAPLSGSIVSDKVWKVLEQGTDENGPIGHGWTYSAHPICAAAGVANLKLLDELNLVSNAGEVGAYLNATMAEALSQHANVGDVRGEGLLCAVEFVKDRDSRTFFDAADKIGPQISAKLLEQDKIIARAMPQGDILGFAPPFCLTRAEADQVVEGTLRAVKAVLGSLEHHHHHH,0.0,0,0.046
0IVFQ,K402N:W59F:Y83H:D47E,MLKNDQLDQWDRDNFFHPSTHLAQHARGESANRVIKTASGVFIEDREGTKLLDAFAGLFCVNVGYGRQEIAEAIADQARELAHYHSFVGHGTEASITLAKMILDRAPKNMSKVYFGLGGSDANETNVKLIWYYNNILGRPEKKKIISRWRGFHGSGLVTGSLTGLELFHKKFDLPVEQVIHTEAPYYFRREDLNQTEEQFVAHCVAELEALIEREGADTIAAFIGEPILGAGGIVPPPAGYWEAIQTVLNKHDILLVADEVVTGFGRLGTMFGSDHYGLEPDIITIAKGLTSAYAPLSGSIVSDKVWKVLEQGTDENGPIGHGWTYSAHPIGAAAGVANLKLLDELNLVSNAGEVGAYLNATMAEALSQHANVGDVRGEGLLCAVEFVKDRDSRTFFDAADNIGPQISAKLLEQDKIIARAMPQGDILGFAPPFCLTRAEADQVVEGTLRAVKAVLGSLEHHHHHH,0.002,0,0.063
0Y86E,P423Q:F152W:D401R:F168N,MLKNDQLDQWDRDNFFHPSTHLAQHARGESANRVIKTASGVFIEDRDGTKLLDAFAGLWCVNVGYGRQEIAEAIADQARELAYYHSFVGHGTEASITLAKMILDRAPKNMSKVYFGLGGSDANETNVKLIWYYNNILGRPEKKKIISRWRGWHGSGLVTGSLTGLELNHKKFDLPVEQVIHTEAPYYFRREDLNQTEEQFVAHCVAELEALIEREGADTIAAFIGEPILGAGGIVPPPAGYWEAIQTVLNKHDILLVADEVVTGFGRLGTMFGSDHYGLEPDIITIAKGLTSAYAPLSGSIVSDKVWKVLEQGTDENGPIGHGWTYSAHPIGAAAGVANLKLLDELNLVSNAGEVGAYLNATMAEALSQHANVGDVRGEGLLCAVEFVKDRDSRTFFDAARKIGPQISAKLLEQDKIIARAMQQGDILGFAPPFCLTRAEADQVVEGTLRAVKAVLGSLEHHHHHH,0,0.016,0
VOV03,A71V:P423H:L167S:F168Y,MLKNDQLDQWDRDNFFHPSTHLAQHARGESANRVIKTASGVFIEDRDGTKLLDAFAGLWCVNVGYGRQEIVEAIADQARELAYYHSFVGHGTEASITLAKMILDRAPKNMSKVYFGLGGSDANETNVKLIWYYNNILGRPEKKKIISRWRGFHGSGLVTGSLTGLESYHKKFDLPVEQVIHTEAPYYFRREDLNQTEEQFVAHCVAELEALIEREGADTIAAFIGEPILGAGGIVPPPAGYWEAIQTVLNKHDILLVADEVVTGFGRLGTMFGSDHYGLEPDIITIAKGLTSAYAPLSGSIVSDKVWKVLEQGTDENGPIGHGWTYSAHPIGAAAGVANLKLLDELNLVSNAGEVGAYLNATMAEALSQHANVGDVRGEGLLCAVEFVKDRDSRTFFDAADKIGPQISAKLLEQDKIIARAMHQGDILGFAPPFCLTRAEADQVVEGTLRAVKAVLGSLEHHHHHH,0.551,0.682,0.479
JBMFB,G332C:A71I:S86T:M422S,MLKNDQLDQWDRDNFFHPSTHLAQHARGESANRVIKTASGVFIEDRDGTKLLDAFAGLWCVNVGYGRQEIIEAIADQARELAYYHTFVGHGTEASITLAKMILDRAPKNMSKVYFGLGGSDANETNVKLIWYYNNILGRPEKKKIISRWRGFHGSGLVTGSLTGLELFHKKFDLPVEQVIHTEAPYYFRREDLNQTEEQFVAHCVAELEALIEREGADTIAAFIGEPILGAGGIVPPPAGYWEAIQTVLNKHDILLVADEVVTGFGRLGTMFGSDHYGLEPDIITIAKGLTSAYAPLSGSIVSDKVWKVLEQGTDENGPIGHGWTYSAHPICAAAGVANLKLLDELNLVSNAGEVGAYLNATMAEALSQHANVGDVRGEGLLCAVEFVKDRDSRTFFDAADKIGPQISAKLLEQDKIIARASPQGDILGFAPPFCLTRAEADQVVEGTLRAVKAVLGSLEHHHHHH,0.006,0.009,0.211
6DZG4,V262A:R420K:W59G:E29K,MLKNDQLDQWDRDNFFHPSTHLAQHARGKSANRVIKTASGVFIEDRDGTKLLDAFAGLGCVNVGYGRQEIAEAIADQARELAYYHSFVGHGTEASITLAKMILDRAPKNMSKVYFGLGGSDANETNVKLIWYYNNILGRPEKKKIISRWRGFHGSGLVTGSLTGLELFHKKFDLPVEQVIHTEAPYYFRREDLNQTEEQFVAHCVAELEALIEREGADTIAAFIGEPILGAGGIVPPPAGYWEAIQTVLNKHDILLVADEVATGFGRLGTMFGSDHYGLEPDIITIAKGLTSAYAPLSGSIVSDKVWKVLEQGTDENGPIGHGWTYSAHPIGAAAGVANLKLLDELNLVSNAGEVGAYLNATMAEALSQHANVGDVRGEGLLCAVEFVKDRDSRTFFDAADKIGPQISAKLLEQDKIIAKAMPQGDILGFAPPFCLTRAEADQVVEGTLRAVKAVLGSLEHHHHHH,0,0.015,0.095
V8VS2,I234M:L382I:H85G:R391K,MLKNDQLDQWDRDNFFHPSTHLAQHARGESANRVIKTASGVFIEDRDGTKLLDAFAGLWCVNVGYGRQEIAEAIADQARELAYYGSFVGHGTEASITLAKMILDRAPKNMSKVYFGLGGSDANETNVKLIWYYNNILGRPEKKKIISRWRGFHGSGLVTGSLTGLELFHKKFDLPVEQVIHTEAPYYFRREDLNQTEEQFVAHCVAELEALIEREGADTIAAFIGEPILGAGGMVPPPAGYWEAIQTVLNKHDILLVADEVVTGFGRLGTMFGSDHYGLEPDIITIAKGLTSAYAPLSGSIVSDKVWKVLEQGTDENGPIGHGWTYSAHPIGAAAGVANLKLLDELNLVSNAGEVGAYLNATMAEALSQHANVGDVRGEGLICAVEFVKDKDSRTFFDAADKIGPQISAKLLEQDKIIARAMPQGDILGFAPPFCLTRAEADQVVEGTLRAVKAVLGSLEHHHHHH,0,0.015,0.139
ISE5F,Q406A:P423G:W59L:A231G,MLKNDQLDQWDRDNFFHPSTHLAQHARGESANRVIKTASGVFIEDRDGTKLLDAFAGLLCVNVGYGRQEIAEAIADQARELAYYHSFVGHGTEASITLAKMILDRAPKNMSKVYFGLGGSDANETNVKLIWYYNNILGRPEKKKIISRWRGFHGSGLVTGSLTGLELFHKKFDLPVEQVIHTEAPYYFRREDLNQTEEQFVAHCVAELEALIEREGADTIAAFIGEPILGGGGIVPPPAGYWEAIQTVLNKHDILLVADEVVTGFGRLGTMFGSDHYGLEPDIITIAKGLTSAYAPLSGSIVSDKVWKVLEQGTDENGPIGHGWTYSAHPIGAAAGVANLKLLDELNLVSNAGEVGAYLNATMAEALSQHANVGDVRGEGLLCAVEFVKDRDSRTFFDAADKIGPAISAKLLEQDKIIARAMGQGDILGFAPPFCLTRAEADQVVEGTLRAVKAVLGSLEHHHHHH,0,0.054,0.234
WY6DJ,N250D:V262M:F152W:H90K,MLKNDQLDQWDRDNFFHPSTHLAQHARGESANRVIKTASGVFIEDRDGTKLLDAFAGLWCVNVGYGRQEIAEAIADQARELAYYHSFVGKGTEASITLAKMILDRAPKNMSKVYFGLGGSDANETNVKLIWYYNNILGRPEKKKIISRWRGWHGSGLVTGSLTGLELFHKKFDLPVEQVIHTEAPYYFRREDLNQTEEQFVAHCVAELEALIEREGADTIAAFIGEPILGAGGIVPPPAGYWEAIQTVLDKHDILLVADEVMTGFGRLGTMFGSDHYGLEPDIITIAKGLTSAYAPLSGSIVSDKVWKVLEQGTDENGPIGHGWTYSAHPIGAAAGVANLKLLDELNLVSNAGEVGAYLNATMAEALSQHANVGDVRGEGLLCAVEFVKDRDSRTFFDAADKIGPQISAKLLEQDKIIARAMPQGDILGFAPPFCLTRAEADQVVEGTLRAVKAVLGSLEHHHHHH,0,0.035,0
4CAK1,L382F:P423L:A231T:S120T,MLKNDQLDQWDRDNFFHPSTHLAQHARGESANRVIKTASGVFIEDRDGTKLLDAFAGLWCVNVGYGRQEIAEAIADQARELAYYHSFVGHGTEASITLAKMILDRAPKNMSKVYFGLGGTDANETNVKLIWYYNNILGRPEKKKIISRWRGFHGSGLVTGSLTGLELFHKKFDLPVEQVIHTEAPYYFRREDLNQTEEQFVAHCVAELEALIEREGADTIAAFIGEPILGTGGIVPPPAGYWEAIQTVLNKHDILLVADEVVTGFGRLGTMFGSDHYGLEPDIITIAKGLTSAYAPLSGSIVSDKVWKVLEQGTDENGPIGHGWTYSAHPIGAAAGVANLKLLDELNLVSNAGEVGAYLNATMAEALSQHANVGDVRGEGLFCAVEFVKDRDSRTFFDAADKIGPQISAKLLEQDKIIARAMLQGDILGFAPPFCLTRAEADQVVEGTLRAVKAVLGSLEHHHHHH,0.049,0.073,0.211
1XX9V,L382F:R420A:P423A:F168Y,MLKNDQLDQWDRDNFFHPSTHLAQHARGESANRVIKTASGVFIEDRDGTKLLDAFAGLWCVNVGYGRQEIAEAIADQARELAYYHSFVGHGTEASITLAKMILDRAPKNMSKVYFGLGGSDANETNVKLIWYYNNILGRPEKKKIISRWRGFHGSGLVTGSLTGLELYHKKFDLPVEQVIHTEAPYYFRREDLNQTEEQFVAHCVAELEALIEREGADTIAAFIGEPILGAGGIVPPPAGYWEAIQTVLNKHDILLVADEVVTGFGRLGTMFGSDHYGLEPDIITIAKGLTSAYAPLSGSIVSDKVWKVLEQGTDENGPIGHGWTYSAHPIGAAAGVANLKLLDELNLVSNAGEVGAYLNATMAEALSQHANVGDVRGEGLFCAVEFVKDRDSRTFFDAADKIGPQISAKLLEQDKIIAAAMAQGDILGFAPPFCLTRAEADQVVEGTLRAVKAVLGSLEHHHHHH,0,0.069,0.009
LYX0R,V262Q:Q406R:F397L:A399P,MLKNDQLDQWDRDNFFHPSTHLAQHARGESANRVIKTASGVFIEDRDGTKLLDAFAGLWCVNVGYGRQEIAEAIADQARELAYYHSFVGHGTEASITLAKMILDRAPKNMSKVYFGLGGSDANETNVKLIWYYNNILGRPEKKKIISRWRGFHGSGLVTGSLTGLELFHKKFDLPVEQVIHTEAPYYFRREDLNQTEEQFVAHCVAELEALIEREGADTIAAFIGEPILGAGGIVPPPAGYWEAIQTVLNKHDILLVADEVQTGFGRLGTMFGSDHYGLEPDIITIAKGLTSAYAPLSGSIVSDKVWKVLEQGTDENGPIGHGWTYSAHPIGAAAGVANLKLLDELNLVSNAGEVGAYLNATMAEALSQHANVGDVRGEGLLCAVEFVKDRDSRTFLDPADKIGPRISAKLLEQDKIIARAMPQGDILGFAPPFCLTRAEADQVVEGTLRAVKAVLGSLEHHHHHH,0,0.008,0.102
0MGG2,V262I:G332A:A231G:A399Q,MLKNDQLDQWDRDNFFHPSTHLAQHARGESANRVIKTASGVFIEDRDGTKLLDAFAGLWCVNVGYGRQEIAEAIADQARELAYYHSFVGHGTEASITLAKMILDRAPKNMSKVYFGLGGSDANETNVKLIWYYNNILGRPEKKKIISRWRGFHGSGLVTGSLTGLELFHKKFDLPVEQVIHTEAPYYFRREDLNQTEEQFVAHCVAELEALIEREGADTIAAFIGEPILGGGGIVPPPAGYWEAIQTVLNKHDILLVADEVITGFGRLGTMFGSDHYGLEPDIITIAKGLTSAYAPLSGSIVSDKVWKVLEQGTDENGPIGHGWTYSAHPIAAAAGVANLKLLDELNLVSNAGEVGAYLNATMAEALSQHANVGDVRGEGLLCAVEFVKDRDSRTFFDQADKIGPQISAKLLEQDKIIARAMPQGDILGFAPPFCLTRAEADQVVEGTLRAVKAVLGSLEHHHHHH,0.057,0.132,0.141
MEHEO,A71I:K402V:W59A:E177G,MLKNDQLDQWDRDNFFHPSTHLAQHARGESANRVIKTASGVFIEDRDGTKLLDAFAGLACVNVGYGRQEIIEAIADQARELAYYHSFVGHGTEASITLAKMILDRAPKNMSKVYFGLGGSDANETNVKLIWYYNNILGRPEKKKIISRWRGFHGSGLVTGSLTGLELFHKKFDLPVGQVIHTEAPYYFRREDLNQTEEQFVAHCVAELEALIEREGADTIAAFIGEPILGAGGIVPPPAGYWEAIQTVLNKHDILLVADEVVTGFGRLGTMFGSDHYGLEPDIITIAKGLTSAYAPLSGSIVSDKVWKVLEQGTDENGPIGHGWTYSAHPIGAAAGVANLKLLDELNLVSNAGEVGAYLNATMAEALSQHANVGDVRGEGLLCAVEFVKDRDSRTFFDAADVIGPQISAKLLEQDKIIARAMPQGDILGFAPPFCLTRAEADQVVEGTLRAVKAVLGSLEHHHHHH,0.04,0,0.023
LBOUU,N250K:K402E:F87L:S19W,MLKNDQLDQWDRDNFFHPWTHLAQHARGESANRVIKTASGVFIEDRDGTKLLDAFAGLWCVNVGYGRQEIAEAIADQARELAYYHSLVGHGTEASITLAKMILDRAPKNMSKVYFGLGGSDANETNVKLIWYYNNILGRPEKKKIISRWRGFHGSGLVTGSLTGLELFHKKFDLPVEQVIHTEAPYYFRREDLNQTEEQFVAHCVAELEALIEREGADTIAAFIGEPILGAGGIVPPPAGYWEAIQTVLKKHDILLVADEVVTGFGRLGTMFGSDHYGLEPDIITIAKGLTSAYAPLSGSIVSDKVWKVLEQGTDENGPIGHGWTYSAHPIGAAAGVANLKLLDELNLVSNAGEVGAYLNATMAEALSQHANVGDVRGEGLLCAVEFVKDRDSRTFFDAADEIGPQISAKLLEQDKIIARAMPQGDILGFAPPFCLTRAEADQVVEGTLRAVKAVLGSLEHHHHHH,0.119,0.036,0.083
QZVHO,L382I:K402E:P423G:C60V,MLKNDQLDQWDRDNFFHPSTHLAQHARGESANRVIKTASGVFIEDRDGTKLLDAFAGLWVVNVGYGRQEIAEAIADQARELAYYHSFVGHGTEASITLAKMILDRAPKNMSKVYFGLGGSDANETNVKLIWYYNNILGRPEKKKIISRWRGFHGSGLVTGSLTGLELFHKKFDLPVEQVIHTEAPYYFRREDLNQTEEQFVAHCVAELEALIEREGADTIAAFIGEPILGAGGIVPPPAGYWEAIQTVLNKHDILLVADEVVTGFGRLGTMFGSDHYGLEPDIITIAKGLTSAYAPLSGSIVSDKVWKVLEQGTDENGPIGHGWTYSAHPIGAAAGVANLKLLDELNLVSNAGEVGAYLNATMAEALSQHANVGDVRGEGLICAVEFVKDRDSRTFFDAADEIGPQISAKLLEQDKIIARAMGQGDILGFAPPFCLTRAEADQVVEGTLRAVKAVLGSLEHHHHHH,0.011,0,0
JUI1R,N250Y:V262A:W59Y:F168N,MLKNDQLDQWDRDNFFHPSTHLAQHARGESANRVIKTASGVFIEDRDGTKLLDAFAGLYCVNVGYGRQEIAEAIADQARELAYYHSFVGHGTEASITLAKMILDRAPKNMSKVYFGLGGSDANETNVKLIWYYNNILGRPEKKKIISRWRGFHGSGLVTGSLTGLELNHKKFDLPVEQVIHTEAPYYFRREDLNQTEEQFVAHCVAELEALIEREGADTIAAFIGEPILGAGGIVPPPAGYWEAIQTVLYKHDILLVADEVATGFGRLGTMFGSDHYGLEPDIITIAKGLTSAYAPLSGSIVSDKVWKVLEQGTDENGPIGHGWTYSAHPIGAAAGVANLKLLDELNLVSNAGEVGAYLNATMAEALSQHANVGDVRGEGLLCAVEFVKDRDSRTFFDAADKIGPQISAKLLEQDKIIARAMPQGDILGFAPPFCLTRAEADQVVEGTLRAVKAVLGSLEHHHHHH,0.028,0,0.118
BHL6N,I234F:W59Y:E280V:L167S,MLKNDQLDQWDRDNFFHPSTHLAQHARGESANRVIKTASGVFIEDRDGTKLLDAFAGLYCVNVGYGRQEIAEAIADQARELAYYHSFVGHGTEASITLAKMILDRAPKNMSKVYFGLGGSDANETNVKLIWYYNNILGRPEKKKIISRWRGFHGSGLVTGSLTGLESFHKKFDLPVEQVIHTEAPYYFRREDLNQTEEQFVAHCVAELEALIEREGADTIAAFIGEPILGAGGFVPPPAGYWEAIQTVLNKHDILLVADEVVTGFGRLGTMFGSDHYGLVPDIITIAKGLTSAYAPLSGSIVSDKVWKVLEQGTDENGPIGHGWTYSAHPIGAAAGVANLKLLDELNLVSNAGEVGAYLNATMAEALSQHANVGDVRGEGLLCAVEFVKDRDSRTFFDAADKIGPQISAKLLEQDKIIARAMPQGDILGFAPPFCLTRAEADQVVEGTLRAVKAVLGSLEHHHHHH,0,0,0
WIXO2,V262I:Q406K:F152W:L167F,MLKNDQLDQWDRDNFFHPSTHLAQHARGESANRVIKTASGVFIEDRDGTKLLDAFAGLWCVNVGYGRQEIAEAIADQARELAYYHSFVGHGTEASITLAKMILDRAPKNMSKVYFGLGGSDANETNVKLIWYYNNILGRPEKKKIISRWRGWHGSGLVTGSLTGLEFFHKKFDLPVEQVIHTEAPYYFRREDLNQTEEQFVAHCVAELEALIEREGADTIAAFIGEPILGAGGIVPPPAGYWEAIQTVLNKHDILLVADEVITGFGRLGTMFGSDHYGLEPDIITIAKGLTSAYAPLSGSIVSDKVWKVLEQGTDENGPIGHGWTYSAHPIGAAAGVANLKLLDELNLVSNAGEVGAYLNATMAEALSQHANVGDVRGEGLLCAVEFVKDRDSRTFFDAADKIGPKISAKLLEQDKIIARAMPQGDILGFAPPFCLTRAEADQVVEGTLRAVKAVLGSLEHHHHHH,0.008,0,0.195
M1NV4,I234V:R420K:L167S:E177A,MLKNDQLDQWDRDNFFHPSTHLAQHARGESANRVIKTASGVFIEDRDGTKLLDAFAGLWCVNVGYGRQEIAEAIADQARELAYYHSFVGHGTEASITLAKMILDRAPKNMSKVYFGLGGSDANETNVKLIWYYNNILGRPEKKKIISRWRGFHGSGLVTGSLTGLESFHKKFDLPVAQVIHTEAPYYFRREDLNQTEEQFVAHCVAELEALIEREGADTIAAFIGEPILGAGGVVPPPAGYWEAIQTVLNKHDILLVADEVVTGFGRLGTMFGSDHYGLEPDIITIAKGLTSAYAPLSGSIVSDKVWKVLEQGTDENGPIGHGWTYSAHPIGAAAGVANLKLLDELNLVSNAGEVGAYLNATMAEALSQHANVGDVRGEGLLCAVEFVKDRDSRTFFDAADKIGPQISAKLLEQDKIIAKAMPQGDILGFAPPFCLTRAEADQVVEGTLRAVKAVLGSLEHHHHHH,0.045,0.041,0.107
BNT2B,V262M:E280K:R46T:F168N,MLKNDQLDQWDRDNFFHPSTHLAQHARGESANRVIKTASGVFIEDTDGTKLLDAFAGLWCVNVGYGRQEIAEAIADQARELAYYHSFVGHGTEASITLAKMILDRAPKNMSKVYFGLGGSDANETNVKLIWYYNNILGRPEKKKIISRWRGFHGSGLVTGSLTGLELNHKKFDLPVEQVIHTEAPYYFRREDLNQTEEQFVAHCVAELEALIEREGADTIAAFIGEPILGAGGIVPPPAGYWEAIQTVLNKHDILLVADEVMTGFGRLGTMFGSDHYGLKPDIITIAKGLTSAYAPLSGSIVSDKVWKVLEQGTDENGPIGHGWTYSAHPIGAAAGVANLKLLDELNLVSNAGEVGAYLNATMAEALSQHANVGDVRGEGLLCAVEFVKDRDSRTFFDAADKIGPQISAKLLEQDKIIARAMPQGDILGFAPPFCLTRAEADQVVEGTLRAVKAVLGSLEHHHHHH,0,0.007,0.038
XWSXD,I234M:S368G:P281A:M422S,MLKNDQLDQWDRDNFFHPSTHLAQHARGESANRVIKTASGVFIEDRDGTKLLDAFAGLWCVNVGYGRQEIAEAIADQARELAYYHSFVGHGTEASITLAKMILDRAPKNMSKVYFGLGGSDANETNVKLIWYYNNILGRPEKKKIISRWRGFHGSGLVTGSLTGLELFHKKFDLPVEQVIHTEAPYYFRREDLNQTEEQFVAHCVAELEALIEREGADTIAAFIGEPILGAGGMVPPPAGYWEAIQTVLNKHDILLVADEVVTGFGRLGTMFGSDHYGLEADIITIAKGLTSAYAPLSGSIVSDKVWKVLEQGTDENGPIGHGWTYSAHPIGAAAGVANLKLLDELNLVSNAGEVGAYLNATMAEALGQHANVGDVRGEGLLCAVEFVKDRDSRTFFDAADKIGPQISAKLLEQDKIIARASPQGDILGFAPPFCLTRAEADQVVEGTLRAVKAVLGSLEHHHHHH,0,0.038,0
UHNJ3,I234F:N250D:L167V:M422A,MLKNDQLDQWDRDNFFHPSTHLAQHARGESANRVIKTASGVFIEDRDGTKLLDAFAGLWCVNVGYGRQEIAEAIADQARELAYYHSFVGHGTEASITLAKMILDRAPKNMSKVYFGLGGSDANETNVKLIWYYNNILGRPEKKKIISRWRGFHGSGLVTGSLTGLEVFHKKFDLPVEQVIHTEAPYYFRREDLNQTEEQFVAHCVAELEALIEREGADTIAAFIGEPILGAGGFVPPPAGYWEAIQTVLDKHDILLVADEVVTGFGRLGTMFGSDHYGLEPDIITIAKGLTSAYAPLSGSIVSDKVWKVLEQGTDENGPIGHGWTYSAHPIGAAAGVANLKLLDELNLVSNAGEVGAYLNATMAEALSQHANVGDVRGEGLLCAVEFVKDRDSRTFFDAADKIGPQISAKLLEQDKIIARAAPQGDILGFAPPFCLTRAEADQVVEGTLRAVKAVLGSLEHHHHHH,0,0.069,0.09
APZAR,G332A:P423Q:L167F:R391P,MLKNDQLDQWDRDNFFHPSTHLAQHARGESANRVIKTASGVFIEDRDGTKLLDAFAGLWCVNVGYGRQEIAEAIADQARELAYYHSFVGHGTEASITLAKMILDRAPKNMSKVYFGLGGSDANETNVKLIWYYNNILGRPEKKKIISRWRGFHGSGLVTGSLTGLEFFHKKFDLPVEQVIHTEAPYYFRREDLNQTEEQFVAHCVAELEALIEREGADTIAAFIGEPILGAGGIVPPPAGYWEAIQTVLNKHDILLVADEVVTGFGRLGTMFGSDHYGLEPDIITIAKGLTSAYAPLSGSIVSDKVWKVLEQGTDENGPIGHGWTYSAHPIAAAAGVANLKLLDELNLVSNAGEVGAYLNATMAEALSQHANVGDVRGEGLLCAVEFVKDPDSRTFFDAADKIGPQISAKLLEQDKIIARAMQQGDILGFAPPFCLTRAEADQVVEGTLRAVKAVLGSLEHHHHHH,0.013,0.102,0
VTIG7,G332S:R420A:W59A:E29A,MLKNDQLDQWDRDNFFHPSTHLAQHARGASANRVIKTASGVFIEDRDGTKLLDAFAGLACVNVGYGRQEIAEAIADQARELAYYHSFVGHGTEASITLAKMILDRAPKNMSKVYFGLGGSDANETNVKLIWYYNNILGRPEKKKIISRWRGFHGSGLVTGSLTGLELFHKKFDLPVEQVIHTEAPYYFRREDLNQTEEQFVAHCVAELEALIEREGADTIAAFIGEPILGAGGIVPPPAGYWEAIQTVLNKHDILLVADEVVTGFGRLGTMFGSDHYGLEPDIITIAKGLTSAYAPLSGSIVSDKVWKVLEQGTDENGPIGHGWTYSAHPISAAAGVANLKLLDELNLVSNAGEVGAYLNATMAEALSQHANVGDVRGEGLLCAVEFVKDRDSRTFFDAADKIGPQISAKLLEQDKIIAAAMPQGDILGFAPPFCLTRAEADQVVEGTLRAVKAVLGSLEHHHHHH,0,0,0.146
Z7LIZ,N250K:F87Q:L167A:P281S,MLKNDQLDQWDRDNFFHPSTHLAQHARGESANRVIKTASGVFIEDRDGTKLLDAFAGLWCVNVGYGRQEIAEAIADQARELAYYHSQVGHGTEASITLAKMILDRAPKNMSKVYFGLGGSDANETNVKLIWYYNNILGRPEKKKIISRWRGFHGSGLVTGSLTGLEAFHKKFDLPVEQVIHTEAPYYFRREDLNQTEEQFVAHCVAELEALIEREGADTIAAFIGEPILGAGGIVPPPAGYWEAIQTVLKKHDILLVADEVVTGFGRLGTMFGSDHYGLESDIITIAKGLTSAYAPLSGSIVSDKVWKVLEQGTDENGPIGHGWTYSAHPIGAAAGVANLKLLDELNLVSNAGEVGAYLNATMAEALSQHANVGDVRGEGLLCAVEFVKDRDSRTFFDAADKIGPQISAKLLEQDKIIARAMPQGDILGFAPPFCLTRAEADQVVEGTLRAVKAVLGSLEHHHHHH,0.059,0.616,0.853
VMCOV,G332C:R420L:L58W:Q369G,MLKNDQLDQWDRDNFFHPSTHLAQHARGESANRVIKTASGVFIEDRDGTKLLDAFAGWWCVNVGYGRQEIAEAIADQARELAYYHSFVGHGTEASITLAKMILDRAPKNMSKVYFGLGGSDANETNVKLIWYYNNILGRPEKKKIISRWRGFHGSGLVTGSLTGLELFHKKFDLPVEQVIHTEAPYYFRREDLNQTEEQFVAHCVAELEALIEREGADTIAAFIGEPILGAGGIVPPPAGYWEAIQTVLNKHDILLVADEVVTGFGRLGTMFGSDHYGLEPDIITIAKGLTSAYAPLSGSIVSDKVWKVLEQGTDENGPIGHGWTYSAHPICAAAGVANLKLLDELNLVSNAGEVGAYLNATMAEALSGHANVGDVRGEGLLCAVEFVKDRDSRTFFDAADKIGPQISAKLLEQDKIIALAMPQGDILGFAPPFCLTRAEADQVVEGTLRAVKAVLGSLEHHHHHH,0.001,0.019,0.007
3W308,A71I:W59Y:A231S:L58W,MLKNDQLDQWDRDNFFHPSTHLAQHARGESANRVIKTASGVFIEDRDGTKLLDAFAGWYCVNVGYGRQEIIEAIADQARELAYYHSFVGHGTEASITLAKMILDRAPKNMSKVYFGLGGSDANETNVKLIWYYNNILGRPEKKKIISRWRGFHGSGLVTGSLTGLELFHKKFDLPVEQVIHTEAPYYFRREDLNQTEEQFVAHCVAELEALIEREGADTIAAFIGEPILGSGGIVPPPAGYWEAIQTVLNKHDILLVADEVVTGFGRLGTMFGSDHYGLEPDIITIAKGLTSAYAPLSGSIVSDKVWKVLEQGTDENGPIGHGWTYSAHPIGAAAGVANLKLLDELNLVSNAGEVGAYLNATMAEALSQHANVGDVRGEGLLCAVEFVKDRDSRTFFDAADKIGPQISAKLLEQDKIIARAMPQGDILGFAPPFCLTRAEADQVVEGTLRAVKAVLGSLEHHHHHH,0,0.032,0.005
7Z9XS,Q406K:S86A:R214S:R394K,MLKNDQLDQWDRDNFFHPSTHLAQHARGESANRVIKTASGVFIEDRDGTKLLDAFAGLWCVNVGYGRQEIAEAIADQARELAYYHAFVGHGTEASITLAKMILDRAPKNMSKVYFGLGGSDANETNVKLIWYYNNILGRPEKKKIISRWRGFHGSGLVTGSLTGLELFHKKFDLPVEQVIHTEAPYYFRREDLNQTEEQFVAHCVAELEALIESEGADTIAAFIGEPILGAGGIVPPPAGYWEAIQTVLNKHDILLVADEVVTGFGRLGTMFGSDHYGLEPDIITIAKGLTSAYAPLSGSIVSDKVWKVLEQGTDENGPIGHGWTYSAHPIGAAAGVANLKLLDELNLVSNAGEVGAYLNATMAEALSQHANVGDVRGEGLLCAVEFVKDRDSKTFFDAADKIGPKISAKLLEQDKIIARAMPQGDILGFAPPFCLTRAEADQVVEGTLRAVKAVLGSLEHHHHHH,0.11,0.134,0.576
6IRQ0,I234V:F87Y:L167N:D47Q,MLKNDQLDQWDRDNFFHPSTHLAQHARGESANRVIKTASGVFIEDRQGTKLLDAFAGLWCVNVGYGRQEIAEAIADQARELAYYHSYVGHGTEASITLAKMILDRAPKNMSKVYFGLGGSDANETNVKLIWYYNNILGRPEKKKIISRWRGFHGSGLVTGSLTGLENFHKKFDLPVEQVIHTEAPYYFRREDLNQTEEQFVAHCVAELEALIEREGADTIAAFIGEPILGAGGVVPPPAGYWEAIQTVLNKHDILLVADEVVTGFGRLGTMFGSDHYGLEPDIITIAKGLTSAYAPLSGSIVSDKVWKVLEQGTDENGPIGHGWTYSAHPIGAAAGVANLKLLDELNLVSNAGEVGAYLNATMAEALSQHANVGDVRGEGLLCAVEFVKDRDSRTFFDAADKIGPQISAKLLEQDKIIARAMPQGDILGFAPPFCLTRAEADQVVEGTLRAVKAVLGSLEHHHHHH,0.352,0.117,1.996
1GGBT,W59A:S86A:A231S:A56S,MLKNDQLDQWDRDNFFHPSTHLAQHARGESANRVIKTASGVFIEDRDGTKLLDAFSGLACVNVGYGRQEIAEAIADQARELAYYHAFVGHGTEASITLAKMILDRAPKNMSKVYFGLGGSDANETNVKLIWYYNNILGRPEKKKIISRWRGFHGSGLVTGSLTGLELFHKKFDLPVEQVIHTEAPYYFRREDLNQTEEQFVAHCVAELEALIEREGADTIAAFIGEPILGSGGIVPPPAGYWEAIQTVLNKHDILLVADEVVTGFGRLGTMFGSDHYGLEPDIITIAKGLTSAYAPLSGSIVSDKVWKVLEQGTDENGPIGHGWTYSAHPIGAAAGVANLKLLDELNLVSNAGEVGAYLNATMAEALSQHANVGDVRGEGLLCAVEFVKDRDSRTFFDAADKIGPQISAKLLEQDKIIARAMPQGDILGFAPPFCLTRAEADQVVEGTLRAVKAVLGSLEHHHHHH,0.045,0.101,0.266
V6MID,N250Y:R420W:R214S:L58W,MLKNDQLDQWDRDNFFHPSTHLAQHARGESANRVIKTASGVFIEDRDGTKLLDAFAGWWCVNVGYGRQEIAEAIADQARELAYYHSFVGHGTEASITLAKMILDRAPKNMSKVYFGLGGSDANETNVKLIWYYNNILGRPEKKKIISRWRGFHGSGLVTGSLTGLELFHKKFDLPVEQVIHTEAPYYFRREDLNQTEEQFVAHCVAELEALIESEGADTIAAFIGEPILGAGGIVPPPAGYWEAIQTVLYKHDILLVADEVVTGFGRLGTMFGSDHYGLEPDIITIAKGLTSAYAPLSGSIVSDKVWKVLEQGTDENGPIGHGWTYSAHPIGAAAGVANLKLLDELNLVSNAGEVGAYLNATMAEALSQHANVGDVRGEGLLCAVEFVKDRDSRTFFDAADKIGPQISAKLLEQDKIIAWAMPQGDILGFAPPFCLTRAEADQVVEGTLRAVKAVLGSLEHHHHHH,0.0,0.018,0
6WNDU,P423A:R46H:A399P:F168N,MLKNDQLDQWDRDNFFHPSTHLAQHARGESANRVIKTASGVFIEDHDGTKLLDAFAGLWCVNVGYGRQEIAEAIADQARELAYYHSFVGHGTEASITLAKMILDRAPKNMSKVYFGLGGSDANETNVKLIWYYNNILGRPEKKKIISRWRGFHGSGLVTGSLTGLELNHKKFDLPVEQVIHTEAPYYFRREDLNQTEEQFVAHCVAELEALIEREGADTIAAFIGEPILGAGGIVPPPAGYWEAIQTVLNKHDILLVADEVVTGFGRLGTMFGSDHYGLEPDIITIAKGLTSAYAPLSGSIVSDKVWKVLEQGTDENGPIGHGWTYSAHPIGAAAGVANLKLLDELNLVSNAGEVGAYLNATMAEALSQHANVGDVRGEGLLCAVEFVKDRDSRTFFDPADKIGPQISAKLLEQDKIIARAMAQGDILGFAPPFCLTRAEADQVVEGTLRAVKAVLGSLEHHHHHH,0,0.025,0
DK7AQ,G429R:S368G:R391P:F397L,MLKNDQLDQWDRDNFFHPSTHLAQHARGESANRVIKTASGVFIEDRDGTKLLDAFAGLWCVNVGYGRQEIAEAIADQARELAYYHSFVGHGTEASITLAKMILDRAPKNMSKVYFGLGGSDANETNVKLIWYYNNILGRPEKKKIISRWRGFHGSGLVTGSLTGLELFHKKFDLPVEQVIHTEAPYYFRREDLNQTEEQFVAHCVAELEALIEREGADTIAAFIGEPILGAGGIVPPPAGYWEAIQTVLNKHDILLVADEVVTGFGRLGTMFGSDHYGLEPDIITIAKGLTSAYAPLSGSIVSDKVWKVLEQGTDENGPIGHGWTYSAHPIGAAAGVANLKLLDELNLVSNAGEVGAYLNATMAEALGQHANVGDVRGEGLLCAVEFVKDPDSRTFLDAADKIGPQISAKLLEQDKIIARAMPQGDILRFAPPFCLTRAEADQVVEGTLRAVKAVLGSLEHHHHHH,0,0.07,0.07
Z8JK3,D398E:D401L:L165M:H90R,MLKNDQLDQWDRDNFFHPSTHLAQHARGESANRVIKTASGVFIEDRDGTKLLDAFAGLWCVNVGYGRQEIAEAIADQARELAYYHSFVGRGTEASITLAKMILDRAPKNMSKVYFGLGGSDANETNVKLIWYYNNILGRPEKKKIISRWRGFHGSGLVTGSLTGMELFHKKFDLPVEQVIHTEAPYYFRREDLNQTEEQFVAHCVAELEALIEREGADTIAAFIGEPILGAGGIVPPPAGYWEAIQTVLNKHDILLVADEVVTGFGRLGTMFGSDHYGLEPDIITIAKGLTSAYAPLSGSIVSDKVWKVLEQGTDENGPIGHGWTYSAHPIGAAAGVANLKLLDELNLVSNAGEVGAYLNATMAEALSQHANVGDVRGEGLLCAVEFVKDRDSRTFFEAALKIGPQISAKLLEQDKIIARAMPQGDILGFAPPFCLTRAEADQVVEGTLRAVKAVLGSLEHHHHHH,0,0.04,0.079
Q11WG,N250Y:L382I:R420A:L58I,MLKNDQLDQWDRDNFFHPSTHLAQHARGESANRVIKTASGVFIEDRDGTKLLDAFAGIWCVNVGYGRQEIAEAIADQARELAYYHSFVGHGTEASITLAKMILDRAPKNMSKVYFGLGGSDANETNVKLIWYYNNILGRPEKKKIISRWRGFHGSGLVTGSLTGLELFHKKFDLPVEQVIHTEAPYYFRREDLNQTEEQFVAHCVAELEALIEREGADTIAAFIGEPILGAGGIVPPPAGYWEAIQTVLYKHDILLVADEVVTGFGRLGTMFGSDHYGLEPDIITIAKGLTSAYAPLSGSIVSDKVWKVLEQGTDENGPIGHGWTYSAHPIGAAAGVANLKLLDELNLVSNAGEVGAYLNATMAEALSQHANVGDVRGEGLICAVEFVKDRDSRTFFDAADKIGPQISAKLLEQDKIIAAAMPQGDILGFAPPFCLTRAEADQVVEGTLRAVKAVLGSLEHHHHHH,0,0,0.007
2BD8H,P423H:W59G:Q369D:D398E,MLKNDQLDQWDRDNFFHPSTHLAQHARGESANRVIKTASGVFIEDRDGTKLLDAFAGLGCVNVGYGRQEIAEAIADQARELAYYHSFVGHGTEASITLAKMILDRAPKNMSKVYFGLGGSDANETNVKLIWYYNNILGRPEKKKIISRWRGFHGSGLVTGSLTGLELFHKKFDLPVEQVIHTEAPYYFRREDLNQTEEQFVAHCVAELEALIEREGADTIAAFIGEPILGAGGIVPPPAGYWEAIQTVLNKHDILLVADEVVTGFGRLGTMFGSDHYGLEPDIITIAKGLTSAYAPLSGSIVSDKVWKVLEQGTDENGPIGHGWTYSAHPIGAAAGVANLKLLDELNLVSNAGEVGAYLNATMAEALSDHANVGDVRGEGLLCAVEFVKDRDSRTFFEAADKIGPQISAKLLEQDKIIARAMHQGDILGFAPPFCLTRAEADQVVEGTLRAVKAVLGSLEHHHHHH,0.004,0,0.168
Z1G0D,L382M:P423A:W59Y:M422A,MLKNDQLDQWDRDNFFHPSTHLAQHARGESANRVIKTASGVFIEDRDGTKLLDAFAGLYCVNVGYGRQEIAEAIADQARELAYYHSFVGHGTEASITLAKMILDRAPKNMSKVYFGLGGSDANETNVKLIWYYNNILGRPEKKKIISRWRGFHGSGLVTGSLTGLELFHKKFDLPVEQVIHTEAPYYFRREDLNQTEEQFVAHCVAELEALIEREGADTIAAFIGEPILGAGGIVPPPAGYWEAIQTVLNKHDILLVADEVVTGFGRLGTMFGSDHYGLEPDIITIAKGLTSAYAPLSGSIVSDKVWKVLEQGTDENGPIGHGWTYSAHPIGAAAGVANLKLLDELNLVSNAGEVGAYLNATMAEALSQHANVGDVRGEGLMCAVEFVKDRDSRTFFDAADKIGPQISAKLLEQDKIIARAAAQGDILGFAPPFCLTRAEADQVVEGTLRAVKAVLGSLEHHHHHH,0.003,0.014,0
DR9GF,F87Q:C60V:S393A:H90K,MLKNDQLDQWDRDNFFHPSTHLAQHARGESANRVIKTASGVFIEDRDGTKLLDAFAGLWVVNVGYGRQEIAEAIADQARELAYYHSQVGKGTEASITLAKMILDRAPKNMSKVYFGLGGSDANETNVKLIWYYNNILGRPEKKKIISRWRGFHGSGLVTGSLTGLELFHKKFDLPVEQVIHTEAPYYFRREDLNQTEEQFVAHCVAELEALIEREGADTIAAFIGEPILGAGGIVPPPAGYWEAIQTVLNKHDILLVADEVVTGFGRLGTMFGSDHYGLEPDIITIAKGLTSAYAPLSGSIVSDKVWKVLEQGTDENGPIGHGWTYSAHPIGAAAGVANLKLLDELNLVSNAGEVGAYLNATMAEALSQHANVGDVRGEGLLCAVEFVKDRDARTFFDAADKIGPQISAKLLEQDKIIARAMPQGDILGFAPPFCLTRAEADQVVEGTLRAVKAVLGSLEHHHHHH,0.009,0,0
XRNT8,N250R:F87L:H252R:Q369D,MLKNDQLDQWDRDNFFHPSTHLAQHARGESANRVIKTASGVFIEDRDGTKLLDAFAGLWCVNVGYGRQEIAEAIADQARELAYYHSLVGHGTEASITLAKMILDRAPKNMSKVYFGLGGSDANETNVKLIWYYNNILGRPEKKKIISRWRGFHGSGLVTGSLTGLELFHKKFDLPVEQVIHTEAPYYFRREDLNQTEEQFVAHCVAELEALIEREGADTIAAFIGEPILGAGGIVPPPAGYWEAIQTVLRKRDILLVADEVVTGFGRLGTMFGSDHYGLEPDIITIAKGLTSAYAPLSGSIVSDKVWKVLEQGTDENGPIGHGWTYSAHPIGAAAGVANLKLLDELNLVSNAGEVGAYLNATMAEALSDHANVGDVRGEGLLCAVEFVKDRDSRTFFDAADKIGPQISAKLLEQDKIIARAMPQGDILGFAPPFCLTRAEADQVVEGTLRAVKAVLGSLEHHHHHH,0.036,0.623,1.14
8P9S4,R420L:H85M:W59G:L167A,MLKNDQLDQWDRDNFFHPSTHLAQHARGESANRVIKTASGVFIEDRDGTKLLDAFAGLGCVNVGYGRQEIAEAIADQARELAYYMSFVGHGTEASITLAKMILDRAPKNMSKVYFGLGGSDANETNVKLIWYYNNILGRPEKKKIISRWRGFHGSGLVTGSLTGLEAFHKKFDLPVEQVIHTEAPYYFRREDLNQTEEQFVAHCVAELEALIEREGADTIAAFIGEPILGAGGIVPPPAGYWEAIQTVLNKHDILLVADEVVTGFGRLGTMFGSDHYGLEPDIITIAKGLTSAYAPLSGSIVSDKVWKVLEQGTDENGPIGHGWTYSAHPIGAAAGVANLKLLDELNLVSNAGEVGAYLNATMAEALSQHANVGDVRGEGLLCAVEFVKDRDSRTFFDAADKIGPQISAKLLEQDKIIALAMPQGDILGFAPPFCLTRAEADQVVEGTLRAVKAVLGSLEHHHHHH,0.003,0.0,0.334
49CBL,R420A:F87Q:R214A:P281A,MLKNDQLDQWDRDNFFHPSTHLAQHARGESANRVIKTASGVFIEDRDGTKLLDAFAGLWCVNVGYGRQEIAEAIADQARELAYYHSQVGHGTEASITLAKMILDRAPKNMSKVYFGLGGSDANETNVKLIWYYNNILGRPEKKKIISRWRGFHGSGLVTGSLTGLELFHKKFDLPVEQVIHTEAPYYFRREDLNQTEEQFVAHCVAELEALIEAEGADTIAAFIGEPILGAGGIVPPPAGYWEAIQTVLNKHDILLVADEVVTGFGRLGTMFGSDHYGLEADIITIAKGLTSAYAPLSGSIVSDKVWKVLEQGTDENGPIGHGWTYSAHPIGAAAGVANLKLLDELNLVSNAGEVGAYLNATMAEALSQHANVGDVRGEGLLCAVEFVKDRDSRTFFDAADKIGPQISAKLLEQDKIIAAAMPQGDILGFAPPFCLTRAEADQVVEGTLRAVKAVLGSLEHHHHHH,0,0.008,0.067
SWXYH,V262Q:G332S:E280V:R46T,MLKNDQLDQWDRDNFFHPSTHLAQHARGESANRVIKTASGVFIEDTDGTKLLDAFAGLWCVNVGYGRQEIAEAIADQARELAYYHSFVGHGTEASITLAKMILDRAPKNMSKVYFGLGGSDANETNVKLIWYYNNILGRPEKKKIISRWRGFHGSGLVTGSLTGLELFHKKFDLPVEQVIHTEAPYYFRREDLNQTEEQFVAHCVAELEALIEREGADTIAAFIGEPILGAGGIVPPPAGYWEAIQTVLNKHDILLVADEVQTGFGRLGTMFGSDHYGLVPDIITIAKGLTSAYAPLSGSIVSDKVWKVLEQGTDENGPIGHGWTYSAHPISAAAGVANLKLLDELNLVSNAGEVGAYLNATMAEALSQHANVGDVRGEGLLCAVEFVKDRDSRTFFDAADKIGPQISAKLLEQDKIIARAMPQGDILGFAPPFCLTRAEADQVVEGTLRAVKAVLGSLEHHHHHH,0.072,0,0
I7E8G,K402V:C60P:Q369D:D392E,MLKNDQLDQWDRDNFFHPSTHLAQHARGESANRVIKTASGVFIEDRDGTKLLDAFAGLWPVNVGYGRQEIAEAIADQARELAYYHSFVGHGTEASITLAKMILDRAPKNMSKVYFGLGGSDANETNVKLIWYYNNILGRPEKKKIISRWRGFHGSGLVTGSLTGLELFHKKFDLPVEQVIHTEAPYYFRREDLNQTEEQFVAHCVAELEALIEREGADTIAAFIGEPILGAGGIVPPPAGYWEAIQTVLNKHDILLVADEVVTGFGRLGTMFGSDHYGLEPDIITIAKGLTSAYAPLSGSIVSDKVWKVLEQGTDENGPIGHGWTYSAHPIGAAAGVANLKLLDELNLVSNAGEVGAYLNATMAEALSDHANVGDVRGEGLLCAVEFVKDRESRTFFDAADVIGPQISAKLLEQDKIIARAMPQGDILGFAPPFCLTRAEADQVVEGTLRAVKAVLGSLEHHHHHH,0,0,0.089
FISHX,P423H:G429A:L167A:D398A,MLKNDQLDQWDRDNFFHPSTHLAQHARGESANRVIKTASGVFIEDRDGTKLLDAFAGLWCVNVGYGRQEIAEAIADQARELAYYHSFVGHGTEASITLAKMILDRAPKNMSKVYFGLGGSDANETNVKLIWYYNNILGRPEKKKIISRWRGFHGSGLVTGSLTGLEAFHKKFDLPVEQVIHTEAPYYFRREDLNQTEEQFVAHCVAELEALIEREGADTIAAFIGEPILGAGGIVPPPAGYWEAIQTVLNKHDILLVADEVVTGFGRLGTMFGSDHYGLEPDIITIAKGLTSAYAPLSGSIVSDKVWKVLEQGTDENGPIGHGWTYSAHPIGAAAGVANLKLLDELNLVSNAGEVGAYLNATMAEALSQHANVGDVRGEGLLCAVEFVKDRDSRTFFAAADKIGPQISAKLLEQDKIIARAMHQGDILAFAPPFCLTRAEADQVVEGTLRAVKAVLGSLEHHHHHH,0.168,0.291,0.912
RIYVF,L382F:Q406A:D401R:P281S,MLKNDQLDQWDRDNFFHPSTHLAQHARGESANRVIKTASGVFIEDRDGTKLLDAFAGLWCVNVGYGRQEIAEAIADQARELAYYHSFVGHGTEASITLAKMILDRAPKNMSKVYFGLGGSDANETNVKLIWYYNNILGRPEKKKIISRWRGFHGSGLVTGSLTGLELFHKKFDLPVEQVIHTEAPYYFRREDLNQTEEQFVAHCVAELEALIEREGADTIAAFIGEPILGAGGIVPPPAGYWEAIQTVLNKHDILLVADEVVTGFGRLGTMFGSDHYGLESDIITIAKGLTSAYAPLSGSIVSDKVWKVLEQGTDENGPIGHGWTYSAHPIGAAAGVANLKLLDELNLVSNAGEVGAYLNATMAEALSQHANVGDVRGEGLFCAVEFVKDRDSRTFFDAARKIGPAISAKLLEQDKIIARAMPQGDILGFAPPFCLTRAEADQVVEGTLRAVKAVLGSLEHHHHHH,0.693,0.487,1.723
RB33P,I234F:G332C:P423L:R214S,MLKNDQLDQWDRDNFFHPSTHLAQHARGESANRVIKTASGVFIEDRDGTKLLDAFAGLWCVNVGYGRQEIAEAIADQARELAYYHSFVGHGTEASITLAKMILDRAPKNMSKVYFGLGGSDANETNVKLIWYYNNILGRPEKKKIISRWRGFHGSGLVTGSLTGLELFHKKFDLPVEQVIHTEAPYYFRREDLNQTEEQFVAHCVAELEALIESEGADTIAAFIGEPILGAGGFVPPPAGYWEAIQTVLNKHDILLVADEVVTGFGRLGTMFGSDHYGLEPDIITIAKGLTSAYAPLSGSIVSDKVWKVLEQGTDENGPIGHGWTYSAHPICAAAGVANLKLLDELNLVSNAGEVGAYLNATMAEALSQHANVGDVRGEGLLCAVEFVKDRDSRTFFDAADKIGPQISAKLLEQDKIIARAMLQGDILGFAPPFCLTRAEADQVVEGTLRAVKAVLGSLEHHHHHH,0.0,0.041,0
4PJSS,W59G:F87Y:A231G:S120T,MLKNDQLDQWDRDNFFHPSTHLAQHARGESANRVIKTASGVFIEDRDGTKLLDAFAGLGCVNVGYGRQEIAEAIADQARELAYYHSYVGHGTEASITLAKMILDRAPKNMSKVYFGLGGTDANETNVKLIWYYNNILGRPEKKKIISRWRGFHGSGLVTGSLTGLELFHKKFDLPVEQVIHTEAPYYFRREDLNQTEEQFVAHCVAELEALIEREGADTIAAFIGEPILGGGGIVPPPAGYWEAIQTVLNKHDILLVADEVVTGFGRLGTMFGSDHYGLEPDIITIAKGLTSAYAPLSGSIVSDKVWKVLEQGTDENGPIGHGWTYSAHPIGAAAGVANLKLLDELNLVSNAGEVGAYLNATMAEALSQHANVGDVRGEGLLCAVEFVKDRDSRTFFDAADKIGPQISAKLLEQDKIIARAMPQGDILGFAPPFCLTRAEADQVVEGTLRAVKAVLGSLEHHHHHH,0,0.011,0.029
ZS9W1,L382M:F87L:E29K:D392E,MLKNDQLDQWDRDNFFHPSTHLAQHARGKSANRVIKTASGVFIEDRDGTKLLDAFAGLWCVNVGYGRQEIAEAIADQARELAYYHSLVGHGTEASITLAKMILDRAPKNMSKVYFGLGGSDANETNVKLIWYYNNILGRPEKKKIISRWRGFHGSGLVTGSLTGLELFHKKFDLPVEQVIHTEAPYYFRREDLNQTEEQFVAHCVAELEALIEREGADTIAAFIGEPILGAGGIVPPPAGYWEAIQTVLNKHDILLVADEVVTGFGRLGTMFGSDHYGLEPDIITIAKGLTSAYAPLSGSIVSDKVWKVLEQGTDENGPIGHGWTYSAHPIGAAAGVANLKLLDELNLVSNAGEVGAYLNATMAEALSQHANVGDVRGEGLMCAVEFVKDRESRTFFDAADKIGPQISAKLLEQDKIIARAMPQGDILGFAPPFCLTRAEADQVVEGTLRAVKAVLGSLEHHHHHH,0.036,0.216,0.617
435RP,H85M:H252Y:E29K:D47E,MLKNDQLDQWDRDNFFHPSTHLAQHARGKSANRVIKTASGVFIEDREGTKLLDAFAGLWCVNVGYGRQEIAEAIADQARELAYYMSFVGHGTEASITLAKMILDRAPKNMSKVYFGLGGSDANETNVKLIWYYNNILGRPEKKKIISRWRGFHGSGLVTGSLTGLELFHKKFDLPVEQVIHTEAPYYFRREDLNQTEEQFVAHCVAELEALIEREGADTIAAFIGEPILGAGGIVPPPAGYWEAIQTVLNKYDILLVADEVVTGFGRLGTMFGSDHYGLEPDIITIAKGLTSAYAPLSGSIVSDKVWKVLEQGTDENGPIGHGWTYSAHPIGAAAGVANLKLLDELNLVSNAGEVGAYLNATMAEALSQHANVGDVRGEGLLCAVEFVKDRDSRTFFDAADKIGPQISAKLLEQDKIIARAMPQGDILGFAPPFCLTRAEADQVVEGTLRAVKAVLGSLEHHHHHH,0.067,0.233,0.744
IE1FH,A231V:L167V:D398A:P281A,MLKNDQLDQWDRDNFFHPSTHLAQHARGESANRVIKTASGVFIEDRDGTKLLDAFAGLWCVNVGYGRQEIAEAIADQARELAYYHSFVGHGTEASITLAKMILDRAPKNMSKVYFGLGGSDANETNVKLIWYYNNILGRPEKKKIISRWRGFHGSGLVTGSLTGLEVFHKKFDLPVEQVIHTEAPYYFRREDLNQTEEQFVAHCVAELEALIEREGADTIAAFIGEPILGVGGIVPPPAGYWEAIQTVLNKHDILLVADEVVTGFGRLGTMFGSDHYGLEADIITIAKGLTSAYAPLSGSIVSDKVWKVLEQGTDENGPIGHGWTYSAHPIGAAAGVANLKLLDELNLVSNAGEVGAYLNATMAEALSQHANVGDVRGEGLLCAVEFVKDRDSRTFFAAADKIGPQISAKLLEQDKIIARAMPQGDILGFAPPFCLTRAEADQVVEGTLRAVKAVLGSLEHHHHHH,0.276,0.173,0.178
HQ51X,K402E:L167V:L58I:L165I,MLKNDQLDQWDRDNFFHPSTHLAQHARGESANRVIKTASGVFIEDRDGTKLLDAFAGIWCVNVGYGRQEIAEAIADQARELAYYHSFVGHGTEASITLAKMILDRAPKNMSKVYFGLGGSDANETNVKLIWYYNNILGRPEKKKIISRWRGFHGSGLVTGSLTGIEVFHKKFDLPVEQVIHTEAPYYFRREDLNQTEEQFVAHCVAELEALIEREGADTIAAFIGEPILGAGGIVPPPAGYWEAIQTVLNKHDILLVADEVVTGFGRLGTMFGSDHYGLEPDIITIAKGLTSAYAPLSGSIVSDKVWKVLEQGTDENGPIGHGWTYSAHPIGAAAGVANLKLLDELNLVSNAGEVGAYLNATMAEALSQHANVGDVRGEGLLCAVEFVKDRDSRTFFDAADEIGPQISAKLLEQDKIIARAMPQGDILGFAPPFCLTRAEADQVVEGTLRAVKAVLGSLEHHHHHH,0.409,0.165,0.118
TRRXM,F87Y:Y83S:A399P:L165M,MLKNDQLDQWDRDNFFHPSTHLAQHARGESANRVIKTASGVFIEDRDGTKLLDAFAGLWCVNVGYGRQEIAEAIADQARELASYHSYVGHGTEASITLAKMILDRAPKNMSKVYFGLGGSDANETNVKLIWYYNNILGRPEKKKIISRWRGFHGSGLVTGSLTGMELFHKKFDLPVEQVIHTEAPYYFRREDLNQTEEQFVAHCVAELEALIEREGADTIAAFIGEPILGAGGIVPPPAGYWEAIQTVLNKHDILLVADEVVTGFGRLGTMFGSDHYGLEPDIITIAKGLTSAYAPLSGSIVSDKVWKVLEQGTDENGPIGHGWTYSAHPIGAAAGVANLKLLDELNLVSNAGEVGAYLNATMAEALSQHANVGDVRGEGLLCAVEFVKDRDSRTFFDPADKIGPQISAKLLEQDKIIARAMPQGDILGFAPPFCLTRAEADQVVEGTLRAVKAVLGSLEHHHHHH,0.001,0.01,0.017
S3K9Y,L382M:H252R:C60P:R394K,MLKNDQLDQWDRDNFFHPSTHLAQHARGESANRVIKTASGVFIEDRDGTKLLDAFAGLWPVNVGYGRQEIAEAIADQARELAYYHSFVGHGTEASITLAKMILDRAPKNMSKVYFGLGGSDANETNVKLIWYYNNILGRPEKKKIISRWRGFHGSGLVTGSLTGLELFHKKFDLPVEQVIHTEAPYYFRREDLNQTEEQFVAHCVAELEALIEREGADTIAAFIGEPILGAGGIVPPPAGYWEAIQTVLNKRDILLVADEVVTGFGRLGTMFGSDHYGLEPDIITIAKGLTSAYAPLSGSIVSDKVWKVLEQGTDENGPIGHGWTYSAHPIGAAAGVANLKLLDELNLVSNAGEVGAYLNATMAEALSQHANVGDVRGEGLMCAVEFVKDRDSKTFFDAADKIGPQISAKLLEQDKIIARAMPQGDILGFAPPFCLTRAEADQVVEGTLRAVKAVLGSLEHHHHHH,0.028,0.035,0
IPF5P,L382I:R420W:A231V:S120T,MLKNDQLDQWDRDNFFHPSTHLAQHARGESANRVIKTASGVFIEDRDGTKLLDAFAGLWCVNVGYGRQEIAEAIADQARELAYYHSFVGHGTEASITLAKMILDRAPKNMSKVYFGLGGTDANETNVKLIWYYNNILGRPEKKKIISRWRGFHGSGLVTGSLTGLELFHKKFDLPVEQVIHTEAPYYFRREDLNQTEEQFVAHCVAELEALIEREGADTIAAFIGEPILGVGGIVPPPAGYWEAIQTVLNKHDILLVADEVVTGFGRLGTMFGSDHYGLEPDIITIAKGLTSAYAPLSGSIVSDKVWKVLEQGTDENGPIGHGWTYSAHPIGAAAGVANLKLLDELNLVSNAGEVGAYLNATMAEALSQHANVGDVRGEGLICAVEFVKDRDSRTFFDAADKIGPQISAKLLEQDKIIAWAMPQGDILGFAPPFCLTRAEADQVVEGTLRAVKAVLGSLEHHHHHH,0,0.021,0.048
J5JQ1,P423A:W59A:S393A:D401L,MLKNDQLDQWDRDNFFHPSTHLAQHARGESANRVIKTASGVFIEDRDGTKLLDAFAGLACVNVGYGRQEIAEAIADQARELAYYHSFVGHGTEASITLAKMILDRAPKNMSKVYFGLGGSDANETNVKLIWYYNNILGRPEKKKIISRWRGFHGSGLVTGSLTGLELFHKKFDLPVEQVIHTEAPYYFRREDLNQTEEQFVAHCVAELEALIEREGADTIAAFIGEPILGAGGIVPPPAGYWEAIQTVLNKHDILLVADEVVTGFGRLGTMFGSDHYGLEPDIITIAKGLTSAYAPLSGSIVSDKVWKVLEQGTDENGPIGHGWTYSAHPIGAAAGVANLKLLDELNLVSNAGEVGAYLNATMAEALSQHANVGDVRGEGLLCAVEFVKDRDARTFFDAALKIGPQISAKLLEQDKIIARAMAQGDILGFAPPFCLTRAEADQVVEGTLRAVKAVLGSLEHHHHHH,0.019,0.047,0
40W8O,G332A:L382F:R420W:W59A,MLKNDQLDQWDRDNFFHPSTHLAQHARGESANRVIKTASGVFIEDRDGTKLLDAFAGLACVNVGYGRQEIAEAIADQARELAYYHSFVGHGTEASITLAKMILDRAPKNMSKVYFGLGGSDANETNVKLIWYYNNILGRPEKKKIISRWRGFHGSGLVTGSLTGLELFHKKFDLPVEQVIHTEAPYYFRREDLNQTEEQFVAHCVAELEALIEREGADTIAAFIGEPILGAGGIVPPPAGYWEAIQTVLNKHDILLVADEVVTGFGRLGTMFGSDHYGLEPDIITIAKGLTSAYAPLSGSIVSDKVWKVLEQGTDENGPIGHGWTYSAHPIAAAAGVANLKLLDELNLVSNAGEVGAYLNATMAEALSQHANVGDVRGEGLFCAVEFVKDRDSRTFFDAADKIGPQISAKLLEQDKIIAWAMPQGDILGFAPPFCLTRAEADQVVEGTLRAVKAVLGSLEHHHHHH,0.001,0.007,0
HXF9I,E29K:A56S:L165I:S19Y,MLKNDQLDQWDRDNFFHPYTHLAQHARGKSANRVIKTASGVFIEDRDGTKLLDAFSGLWCVNVGYGRQEIAEAIADQARELAYYHSFVGHGTEASITLAKMILDRAPKNMSKVYFGLGGSDANETNVKLIWYYNNILGRPEKKKIISRWRGFHGSGLVTGSLTGIELFHKKFDLPVEQVIHTEAPYYFRREDLNQTEEQFVAHCVAELEALIEREGADTIAAFIGEPILGAGGIVPPPAGYWEAIQTVLNKHDILLVADEVVTGFGRLGTMFGSDHYGLEPDIITIAKGLTSAYAPLSGSIVSDKVWKVLEQGTDENGPIGHGWTYSAHPIGAAAGVANLKLLDELNLVSNAGEVGAYLNATMAEALSQHANVGDVRGEGLLCAVEFVKDRDSRTFFDAADKIGPQISAKLLEQDKIIARAMPQGDILGFAPPFCLTRAEADQVVEGTLRAVKAVLGSLEHHHHHH,0.476,0.211,0.288
L68OJ,L382I:S86T:L167F:D392E,MLKNDQLDQWDRDNFFHPSTHLAQHARGESANRVIKTASGVFIEDRDGTKLLDAFAGLWCVNVGYGRQEIAEAIADQARELAYYHTFVGHGTEASITLAKMILDRAPKNMSKVYFGLGGSDANETNVKLIWYYNNILGRPEKKKIISRWRGFHGSGLVTGSLTGLEFFHKKFDLPVEQVIHTEAPYYFRREDLNQTEEQFVAHCVAELEALIEREGADTIAAFIGEPILGAGGIVPPPAGYWEAIQTVLNKHDILLVADEVVTGFGRLGTMFGSDHYGLEPDIITIAKGLTSAYAPLSGSIVSDKVWKVLEQGTDENGPIGHGWTYSAHPIGAAAGVANLKLLDELNLVSNAGEVGAYLNATMAEALSQHANVGDVRGEGLICAVEFVKDRESRTFFDAADKIGPQISAKLLEQDKIIARAMPQGDILGFAPPFCLTRAEADQVVEGTLRAVKAVLGSLEHHHHHH,0.297,0.252,0.45
0JDEY,P423L:G429Y:R394K:A399Q,MLKNDQLDQWDRDNFFHPSTHLAQHARGESANRVIKTASGVFIEDRDGTKLLDAFAGLWCVNVGYGRQEIAEAIADQARELAYYHSFVGHGTEASITLAKMILDRAPKNMSKVYFGLGGSDANETNVKLIWYYNNILGRPEKKKIISRWRGFHGSGLVTGSLTGLELFHKKFDLPVEQVIHTEAPYYFRREDLNQTEEQFVAHCVAELEALIEREGADTIAAFIGEPILGAGGIVPPPAGYWEAIQTVLNKHDILLVADEVVTGFGRLGTMFGSDHYGLEPDIITIAKGLTSAYAPLSGSIVSDKVWKVLEQGTDENGPIGHGWTYSAHPIGAAAGVANLKLLDELNLVSNAGEVGAYLNATMAEALSQHANVGDVRGEGLLCAVEFVKDRDSKTFFDQADKIGPQISAKLLEQDKIIARAMLQGDILYFAPPFCLTRAEADQVVEGTLRAVKAVLGSLEHHHHHH,0,0.01,0.089
5D8TG,A71V:K402E:R420L:S155V,MLKNDQLDQWDRDNFFHPSTHLAQHARGESANRVIKTASGVFIEDRDGTKLLDAFAGLWCVNVGYGRQEIVEAIADQARELAYYHSFVGHGTEASITLAKMILDRAPKNMSKVYFGLGGSDANETNVKLIWYYNNILGRPEKKKIISRWRGFHGVGLVTGSLTGLELFHKKFDLPVEQVIHTEAPYYFRREDLNQTEEQFVAHCVAELEALIEREGADTIAAFIGEPILGAGGIVPPPAGYWEAIQTVLNKHDILLVADEVVTGFGRLGTMFGSDHYGLEPDIITIAKGLTSAYAPLSGSIVSDKVWKVLEQGTDENGPIGHGWTYSAHPIGAAAGVANLKLLDELNLVSNAGEVGAYLNATMAEALSQHANVGDVRGEGLLCAVEFVKDRDSRTFFDAADEIGPQISAKLLEQDKIIALAMPQGDILGFAPPFCLTRAEADQVVEGTLRAVKAVLGSLEHHHHHH,0,0,0
AKKNK,R420W:G429R:F87Q:R46H,MLKNDQLDQWDRDNFFHPSTHLAQHARGESANRVIKTASGVFIEDHDGTKLLDAFAGLWCVNVGYGRQEIAEAIADQARELAYYHSQVGHGTEASITLAKMILDRAPKNMSKVYFGLGGSDANETNVKLIWYYNNILGRPEKKKIISRWRGFHGSGLVTGSLTGLELFHKKFDLPVEQVIHTEAPYYFRREDLNQTEEQFVAHCVAELEALIEREGADTIAAFIGEPILGAGGIVPPPAGYWEAIQTVLNKHDILLVADEVVTGFGRLGTMFGSDHYGLEPDIITIAKGLTSAYAPLSGSIVSDKVWKVLEQGTDENGPIGHGWTYSAHPIGAAAGVANLKLLDELNLVSNAGEVGAYLNATMAEALSQHANVGDVRGEGLLCAVEFVKDRDSRTFFDAADKIGPQISAKLLEQDKIIAWAMPQGDILRFAPPFCLTRAEADQVVEGTLRAVKAVLGSLEHHHHHH,0.012,0.01,0.012
B66WN,W59F:E280K:L167N:R214A,MLKNDQLDQWDRDNFFHPSTHLAQHARGESANRVIKTASGVFIEDRDGTKLLDAFAGLFCVNVGYGRQEIAEAIADQARELAYYHSFVGHGTEASITLAKMILDRAPKNMSKVYFGLGGSDANETNVKLIWYYNNILGRPEKKKIISRWRGFHGSGLVTGSLTGLENFHKKFDLPVEQVIHTEAPYYFRREDLNQTEEQFVAHCVAELEALIEAEGADTIAAFIGEPILGAGGIVPPPAGYWEAIQTVLNKHDILLVADEVVTGFGRLGTMFGSDHYGLKPDIITIAKGLTSAYAPLSGSIVSDKVWKVLEQGTDENGPIGHGWTYSAHPIGAAAGVANLKLLDELNLVSNAGEVGAYLNATMAEALSQHANVGDVRGEGLLCAVEFVKDRDSRTFFDAADKIGPQISAKLLEQDKIIARAMPQGDILGFAPPFCLTRAEADQVVEGTLRAVKAVLGSLEHHHHHH,0.084,0.094,0.138
Q23N5,Q406R:A231T:S155A:D398A,MLKNDQLDQWDRDNFFHPSTHLAQHARGESANRVIKTASGVFIEDRDGTKLLDAFAGLWCVNVGYGRQEIAEAIADQARELAYYHSFVGHGTEASITLAKMILDRAPKNMSKVYFGLGGSDANETNVKLIWYYNNILGRPEKKKIISRWRGFHGAGLVTGSLTGLELFHKKFDLPVEQVIHTEAPYYFRREDLNQTEEQFVAHCVAELEALIEREGADTIAAFIGEPILGTGGIVPPPAGYWEAIQTVLNKHDILLVADEVVTGFGRLGTMFGSDHYGLEPDIITIAKGLTSAYAPLSGSIVSDKVWKVLEQGTDENGPIGHGWTYSAHPIGAAAGVANLKLLDELNLVSNAGEVGAYLNATMAEALSQHANVGDVRGEGLLCAVEFVKDRDSRTFFAAADKIGPRISAKLLEQDKIIARAMPQGDILGFAPPFCLTRAEADQVVEGTLRAVKAVLGSLEHHHHHH,0.088,0.133,0.226
OTR4K,E280V:L167A:A56S:S19F,MLKNDQLDQWDRDNFFHPFTHLAQHARGESANRVIKTASGVFIEDRDGTKLLDAFSGLWCVNVGYGRQEIAEAIADQARELAYYHSFVGHGTEASITLAKMILDRAPKNMSKVYFGLGGSDANETNVKLIWYYNNILGRPEKKKIISRWRGFHGSGLVTGSLTGLEAFHKKFDLPVEQVIHTEAPYYFRREDLNQTEEQFVAHCVAELEALIEREGADTIAAFIGEPILGAGGIVPPPAGYWEAIQTVLNKHDILLVADEVVTGFGRLGTMFGSDHYGLVPDIITIAKGLTSAYAPLSGSIVSDKVWKVLEQGTDENGPIGHGWTYSAHPIGAAAGVANLKLLDELNLVSNAGEVGAYLNATMAEALSQHANVGDVRGEGLLCAVEFVKDRDSRTFFDAADKIGPQISAKLLEQDKIIARAMPQGDILGFAPPFCLTRAEADQVVEGTLRAVKAVLGSLEHHHHHH,0.399,0.754,1.792
ICNUX,P423R:F87Y:L167V:S368G,MLKNDQLDQWDRDNFFHPSTHLAQHARGESANRVIKTASGVFIEDRDGTKLLDAFAGLWCVNVGYGRQEIAEAIADQARELAYYHSYVGHGTEASITLAKMILDRAPKNMSKVYFGLGGSDANETNVKLIWYYNNILGRPEKKKIISRWRGFHGSGLVTGSLTGLEVFHKKFDLPVEQVIHTEAPYYFRREDLNQTEEQFVAHCVAELEALIEREGADTIAAFIGEPILGAGGIVPPPAGYWEAIQTVLNKHDILLVADEVVTGFGRLGTMFGSDHYGLEPDIITIAKGLTSAYAPLSGSIVSDKVWKVLEQGTDENGPIGHGWTYSAHPIGAAAGVANLKLLDELNLVSNAGEVGAYLNATMAEALGQHANVGDVRGEGLLCAVEFVKDRDSRTFFDAADKIGPQISAKLLEQDKIIARAMRQGDILGFAPPFCLTRAEADQVVEGTLRAVKAVLGSLEHHHHHH,0,0.019,0.022
HY877,S368G:S393D:M422T:S19Y,MLKNDQLDQWDRDNFFHPYTHLAQHARGESANRVIKTASGVFIEDRDGTKLLDAFAGLWCVNVGYGRQEIAEAIADQARELAYYHSFVGHGTEASITLAKMILDRAPKNMSKVYFGLGGSDANETNVKLIWYYNNILGRPEKKKIISRWRGFHGSGLVTGSLTGLELFHKKFDLPVEQVIHTEAPYYFRREDLNQTEEQFVAHCVAELEALIEREGADTIAAFIGEPILGAGGIVPPPAGYWEAIQTVLNKHDILLVADEVVTGFGRLGTMFGSDHYGLEPDIITIAKGLTSAYAPLSGSIVSDKVWKVLEQGTDENGPIGHGWTYSAHPIGAAAGVANLKLLDELNLVSNAGEVGAYLNATMAEALGQHANVGDVRGEGLLCAVEFVKDRDDRTFFDAADKIGPQISAKLLEQDKIIARATPQGDILGFAPPFCLTRAEADQVVEGTLRAVKAVLGSLEHHHHHH,0.048,0,0
IW0P3,I234V:K402E:F397L:D398E,MLKNDQLDQWDRDNFFHPSTHLAQHARGESANRVIKTASGVFIEDRDGTKLLDAFAGLWCVNVGYGRQEIAEAIADQARELAYYHSFVGHGTEASITLAKMILDRAPKNMSKVYFGLGGSDANETNVKLIWYYNNILGRPEKKKIISRWRGFHGSGLVTGSLTGLELFHKKFDLPVEQVIHTEAPYYFRREDLNQTEEQFVAHCVAELEALIEREGADTIAAFIGEPILGAGGVVPPPAGYWEAIQTVLNKHDILLVADEVVTGFGRLGTMFGSDHYGLEPDIITIAKGLTSAYAPLSGSIVSDKVWKVLEQGTDENGPIGHGWTYSAHPIGAAAGVANLKLLDELNLVSNAGEVGAYLNATMAEALSQHANVGDVRGEGLLCAVEFVKDRDSRTFLEAADEIGPQISAKLLEQDKIIARAMPQGDILGFAPPFCLTRAEADQVVEGTLRAVKAVLGSLEHHHHHH,0.0,0,0
38QW0,R420K:E29A:D47Q:F168Y,MLKNDQLDQWDRDNFFHPSTHLAQHARGASANRVIKTASGVFIEDRQGTKLLDAFAGLWCVNVGYGRQEIAEAIADQARELAYYHSFVGHGTEASITLAKMILDRAPKNMSKVYFGLGGSDANETNVKLIWYYNNILGRPEKKKIISRWRGFHGSGLVTGSLTGLELYHKKFDLPVEQVIHTEAPYYFRREDLNQTEEQFVAHCVAELEALIEREGADTIAAFIGEPILGAGGIVPPPAGYWEAIQTVLNKHDILLVADEVVTGFGRLGTMFGSDHYGLEPDIITIAKGLTSAYAPLSGSIVSDKVWKVLEQGTDENGPIGHGWTYSAHPIGAAAGVANLKLLDELNLVSNAGEVGAYLNATMAEALSQHANVGDVRGEGLLCAVEFVKDRDSRTFFDAADKIGPQISAKLLEQDKIIAKAMPQGDILGFAPPFCLTRAEADQVVEGTLRAVKAVLGSLEHHHHHH,0.007,0.008,0.066
E7M3S,P423G:G429Y:F152Y:S155A,MLKNDQLDQWDRDNFFHPSTHLAQHARGESANRVIKTASGVFIEDRDGTKLLDAFAGLWCVNVGYGRQEIAEAIADQARELAYYHSFVGHGTEASITLAKMILDRAPKNMSKVYFGLGGSDANETNVKLIWYYNNILGRPEKKKIISRWRGYHGAGLVTGSLTGLELFHKKFDLPVEQVIHTEAPYYFRREDLNQTEEQFVAHCVAELEALIEREGADTIAAFIGEPILGAGGIVPPPAGYWEAIQTVLNKHDILLVADEVVTGFGRLGTMFGSDHYGLEPDIITIAKGLTSAYAPLSGSIVSDKVWKVLEQGTDENGPIGHGWTYSAHPIGAAAGVANLKLLDELNLVSNAGEVGAYLNATMAEALSQHANVGDVRGEGLLCAVEFVKDRDSRTFFDAADKIGPQISAKLLEQDKIIARAMGQGDILYFAPPFCLTRAEADQVVEGTLRAVKAVLGSLEHHHHHH,0.0,0,0.291
8MN0J,G429Y:W59L:E177A:R46H,MLKNDQLDQWDRDNFFHPSTHLAQHARGESANRVIKTASGVFIEDHDGTKLLDAFAGLLCVNVGYGRQEIAEAIADQARELAYYHSFVGHGTEASITLAKMILDRAPKNMSKVYFGLGGSDANETNVKLIWYYNNILGRPEKKKIISRWRGFHGSGLVTGSLTGLELFHKKFDLPVAQVIHTEAPYYFRREDLNQTEEQFVAHCVAELEALIEREGADTIAAFIGEPILGAGGIVPPPAGYWEAIQTVLNKHDILLVADEVVTGFGRLGTMFGSDHYGLEPDIITIAKGLTSAYAPLSGSIVSDKVWKVLEQGTDENGPIGHGWTYSAHPIGAAAGVANLKLLDELNLVSNAGEVGAYLNATMAEALSQHANVGDVRGEGLLCAVEFVKDRDSRTFFDAADKIGPQISAKLLEQDKIIARAMPQGDILYFAPPFCLTRAEADQVVEGTLRAVKAVLGSLEHHHHHH,0,0,0
S9V93,I234M:S120A:M422A:S19F,MLKNDQLDQWDRDNFFHPFTHLAQHARGESANRVIKTASGVFIEDRDGTKLLDAFAGLWCVNVGYGRQEIAEAIADQARELAYYHSFVGHGTEASITLAKMILDRAPKNMSKVYFGLGGADANETNVKLIWYYNNILGRPEKKKIISRWRGFHGSGLVTGSLTGLELFHKKFDLPVEQVIHTEAPYYFRREDLNQTEEQFVAHCVAELEALIEREGADTIAAFIGEPILGAGGMVPPPAGYWEAIQTVLNKHDILLVADEVVTGFGRLGTMFGSDHYGLEPDIITIAKGLTSAYAPLSGSIVSDKVWKVLEQGTDENGPIGHGWTYSAHPIGAAAGVANLKLLDELNLVSNAGEVGAYLNATMAEALSQHANVGDVRGEGLLCAVEFVKDRDSRTFFDAADKIGPQISAKLLEQDKIIARAAPQGDILGFAPPFCLTRAEADQVVEGTLRAVKAVLGSLEHHHHHH,0,0.054,0
XRV86,V262Q:R214A:C60P:L165M,MLKNDQLDQWDRDNFFHPSTHLAQHARGESANRVIKTASGVFIEDRDGTKLLDAFAGLWPVNVGYGRQEIAEAIADQARELAYYHSFVGHGTEASITLAKMILDRAPKNMSKVYFGLGGSDANETNVKLIWYYNNILGRPEKKKIISRWRGFHGSGLVTGSLTGMELFHKKFDLPVEQVIHTEAPYYFRREDLNQTEEQFVAHCVAELEALIEAEGADTIAAFIGEPILGAGGIVPPPAGYWEAIQTVLNKHDILLVADEVQTGFGRLGTMFGSDHYGLEPDIITIAKGLTSAYAPLSGSIVSDKVWKVLEQGTDENGPIGHGWTYSAHPIGAAAGVANLKLLDELNLVSNAGEVGAYLNATMAEALSQHANVGDVRGEGLLCAVEFVKDRDSRTFFDAADKIGPQISAKLLEQDKIIARAMPQGDILGFAPPFCLTRAEADQVVEGTLRAVKAVLGSLEHHHHHH,0,0.029,0.013
R2P0U,V262Q:Q406K:A231E:S19F,MLKNDQLDQWDRDNFFHPFTHLAQHARGESANRVIKTASGVFIEDRDGTKLLDAFAGLWCVNVGYGRQEIAEAIADQARELAYYHSFVGHGTEASITLAKMILDRAPKNMSKVYFGLGGSDANETNVKLIWYYNNILGRPEKKKIISRWRGFHGSGLVTGSLTGLELFHKKFDLPVEQVIHTEAPYYFRREDLNQTEEQFVAHCVAELEALIEREGADTIAAFIGEPILGEGGIVPPPAGYWEAIQTVLNKHDILLVADEVQTGFGRLGTMFGSDHYGLEPDIITIAKGLTSAYAPLSGSIVSDKVWKVLEQGTDENGPIGHGWTYSAHPIGAAAGVANLKLLDELNLVSNAGEVGAYLNATMAEALSQHANVGDVRGEGLLCAVEFVKDRDSRTFFDAADKIGPKISAKLLEQDKIIARAMPQGDILGFAPPFCLTRAEADQVVEGTLRAVKAVLGSLEHHHHHH,0,0.011,0.024
C36DY,W59L:S155A:A56G:M422L,MLKNDQLDQWDRDNFFHPSTHLAQHARGESANRVIKTASGVFIEDRDGTKLLDAFGGLLCVNVGYGRQEIAEAIADQARELAYYHSFVGHGTEASITLAKMILDRAPKNMSKVYFGLGGSDANETNVKLIWYYNNILGRPEKKKIISRWRGFHGAGLVTGSLTGLELFHKKFDLPVEQVIHTEAPYYFRREDLNQTEEQFVAHCVAELEALIEREGADTIAAFIGEPILGAGGIVPPPAGYWEAIQTVLNKHDILLVADEVVTGFGRLGTMFGSDHYGLEPDIITIAKGLTSAYAPLSGSIVSDKVWKVLEQGTDENGPIGHGWTYSAHPIGAAAGVANLKLLDELNLVSNAGEVGAYLNATMAEALSQHANVGDVRGEGLLCAVEFVKDRDSRTFFDAADKIGPQISAKLLEQDKIIARALPQGDILGFAPPFCLTRAEADQVVEGTLRAVKAVLGSLEHHHHHH,0,0.014,0.255
1ZBRJ,H85G:F87Q:A231T:L167N,MLKNDQLDQWDRDNFFHPSTHLAQHARGESANRVIKTASGVFIEDRDGTKLLDAFAGLWCVNVGYGRQEIAEAIADQARELAYYGSQVGHGTEASITLAKMILDRAPKNMSKVYFGLGGSDANETNVKLIWYYNNILGRPEKKKIISRWRGFHGSGLVTGSLTGLENFHKKFDLPVEQVIHTEAPYYFRREDLNQTEEQFVAHCVAELEALIEREGADTIAAFIGEPILGTGGIVPPPAGYWEAIQTVLNKHDILLVADEVVTGFGRLGTMFGSDHYGLEPDIITIAKGLTSAYAPLSGSIVSDKVWKVLEQGTDENGPIGHGWTYSAHPIGAAAGVANLKLLDELNLVSNAGEVGAYLNATMAEALSQHANVGDVRGEGLLCAVEFVKDRDSRTFFDAADKIGPQISAKLLEQDKIIARAMPQGDILGFAPPFCLTRAEADQVVEGTLRAVKAVLGSLEHHHHHH,0,0.0,0.061
ECYR2,Q406A:L58I:Y83S:A56G,MLKNDQLDQWDRDNFFHPSTHLAQHARGESANRVIKTASGVFIEDRDGTKLLDAFGGIWCVNVGYGRQEIAEAIADQARELASYHSFVGHGTEASITLAKMILDRAPKNMSKVYFGLGGSDANETNVKLIWYYNNILGRPEKKKIISRWRGFHGSGLVTGSLTGLELFHKKFDLPVEQVIHTEAPYYFRREDLNQTEEQFVAHCVAELEALIEREGADTIAAFIGEPILGAGGIVPPPAGYWEAIQTVLNKHDILLVADEVVTGFGRLGTMFGSDHYGLEPDIITIAKGLTSAYAPLSGSIVSDKVWKVLEQGTDENGPIGHGWTYSAHPIGAAAGVANLKLLDELNLVSNAGEVGAYLNATMAEALSQHANVGDVRGEGLLCAVEFVKDRDSRTFFDAADKIGPAISAKLLEQDKIIARAMPQGDILGFAPPFCLTRAEADQVVEGTLRAVKAVLGSLEHHHHHH,0,0,0.126
4VGP0,R394K:F168L:M422T:H90R,MLKNDQLDQWDRDNFFHPSTHLAQHARGESANRVIKTASGVFIEDRDGTKLLDAFAGLWCVNVGYGRQEIAEAIADQARELAYYHSFVGRGTEASITLAKMILDRAPKNMSKVYFGLGGSDANETNVKLIWYYNNILGRPEKKKIISRWRGFHGSGLVTGSLTGLELLHKKFDLPVEQVIHTEAPYYFRREDLNQTEEQFVAHCVAELEALIEREGADTIAAFIGEPILGAGGIVPPPAGYWEAIQTVLNKHDILLVADEVVTGFGRLGTMFGSDHYGLEPDIITIAKGLTSAYAPLSGSIVSDKVWKVLEQGTDENGPIGHGWTYSAHPIGAAAGVANLKLLDELNLVSNAGEVGAYLNATMAEALSQHANVGDVRGEGLLCAVEFVKDRDSKTFFDAADKIGPQISAKLLEQDKIIARATPQGDILGFAPPFCLTRAEADQVVEGTLRAVKAVLGSLEHHHHHH,0.002,0.011,0.089
2KRLC,K402N:G429A:A231T:S155V,MLKNDQLDQWDRDNFFHPSTHLAQHARGESANRVIKTASGVFIEDRDGTKLLDAFAGLWCVNVGYGRQEIAEAIADQARELAYYHSFVGHGTEASITLAKMILDRAPKNMSKVYFGLGGSDANETNVKLIWYYNNILGRPEKKKIISRWRGFHGVGLVTGSLTGLELFHKKFDLPVEQVIHTEAPYYFRREDLNQTEEQFVAHCVAELEALIEREGADTIAAFIGEPILGTGGIVPPPAGYWEAIQTVLNKHDILLVADEVVTGFGRLGTMFGSDHYGLEPDIITIAKGLTSAYAPLSGSIVSDKVWKVLEQGTDENGPIGHGWTYSAHPIGAAAGVANLKLLDELNLVSNAGEVGAYLNATMAEALSQHANVGDVRGEGLLCAVEFVKDRDSRTFFDAADNIGPQISAKLLEQDKIIARAMPQGDILAFAPPFCLTRAEADQVVEGTLRAVKAVLGSLEHHHHHH,0,0.009,0.015
0J8QM,P423G:H85M:S120A:L167V,MLKNDQLDQWDRDNFFHPSTHLAQHARGESANRVIKTASGVFIEDRDGTKLLDAFAGLWCVNVGYGRQEIAEAIADQARELAYYMSFVGHGTEASITLAKMILDRAPKNMSKVYFGLGGADANETNVKLIWYYNNILGRPEKKKIISRWRGFHGSGLVTGSLTGLEVFHKKFDLPVEQVIHTEAPYYFRREDLNQTEEQFVAHCVAELEALIEREGADTIAAFIGEPILGAGGIVPPPAGYWEAIQTVLNKHDILLVADEVVTGFGRLGTMFGSDHYGLEPDIITIAKGLTSAYAPLSGSIVSDKVWKVLEQGTDENGPIGHGWTYSAHPIGAAAGVANLKLLDELNLVSNAGEVGAYLNATMAEALSQHANVGDVRGEGLLCAVEFVKDRDSRTFFDAADKIGPQISAKLLEQDKIIARAMGQGDILGFAPPFCLTRAEADQVVEGTLRAVKAVLGSLEHHHHHH,0,0.014,0.009
H1PL8,N250R:H85G:Y83S:M422T,MLKNDQLDQWDRDNFFHPSTHLAQHARGESANRVIKTASGVFIEDRDGTKLLDAFAGLWCVNVGYGRQEIAEAIADQARELASYGSFVGHGTEASITLAKMILDRAPKNMSKVYFGLGGSDANETNVKLIWYYNNILGRPEKKKIISRWRGFHGSGLVTGSLTGLELFHKKFDLPVEQVIHTEAPYYFRREDLNQTEEQFVAHCVAELEALIEREGADTIAAFIGEPILGAGGIVPPPAGYWEAIQTVLRKHDILLVADEVVTGFGRLGTMFGSDHYGLEPDIITIAKGLTSAYAPLSGSIVSDKVWKVLEQGTDENGPIGHGWTYSAHPIGAAAGVANLKLLDELNLVSNAGEVGAYLNATMAEALSQHANVGDVRGEGLLCAVEFVKDRDSRTFFDAADKIGPQISAKLLEQDKIIARATPQGDILGFAPPFCLTRAEADQVVEGTLRAVKAVLGSLEHHHHHH,0,0,0.031
PI0IT,I234M:A231E:S155V:A399P,MLKNDQLDQWDRDNFFHPSTHLAQHARGESANRVIKTASGVFIEDRDGTKLLDAFAGLWCVNVGYGRQEIAEAIADQARELAYYHSFVGHGTEASITLAKMILDRAPKNMSKVYFGLGGSDANETNVKLIWYYNNILGRPEKKKIISRWRGFHGVGLVTGSLTGLELFHKKFDLPVEQVIHTEAPYYFRREDLNQTEEQFVAHCVAELEALIEREGADTIAAFIGEPILGEGGMVPPPAGYWEAIQTVLNKHDILLVADEVVTGFGRLGTMFGSDHYGLEPDIITIAKGLTSAYAPLSGSIVSDKVWKVLEQGTDENGPIGHGWTYSAHPIGAAAGVANLKLLDELNLVSNAGEVGAYLNATMAEALSQHANVGDVRGEGLLCAVEFVKDRDSRTFFDPADKIGPQISAKLLEQDKIIARAMPQGDILGFAPPFCLTRAEADQVVEGTLRAVKAVLGSLEHHHHHH,0.006,0.003,0
L8VWF,A231S:H252Y:L167F:E177G,MLKNDQLDQWDRDNFFHPSTHLAQHARGESANRVIKTASGVFIEDRDGTKLLDAFAGLWCVNVGYGRQEIAEAIADQARELAYYHSFVGHGTEASITLAKMILDRAPKNMSKVYFGLGGSDANETNVKLIWYYNNILGRPEKKKIISRWRGFHGSGLVTGSLTGLEFFHKKFDLPVGQVIHTEAPYYFRREDLNQTEEQFVAHCVAELEALIEREGADTIAAFIGEPILGSGGIVPPPAGYWEAIQTVLNKYDILLVADEVVTGFGRLGTMFGSDHYGLEPDIITIAKGLTSAYAPLSGSIVSDKVWKVLEQGTDENGPIGHGWTYSAHPIGAAAGVANLKLLDELNLVSNAGEVGAYLNATMAEALSQHANVGDVRGEGLLCAVEFVKDRDSRTFFDAADKIGPQISAKLLEQDKIIARAMPQGDILGFAPPFCLTRAEADQVVEGTLRAVKAVLGSLEHHHHHH,0.062,0.268,1.974
UJPB8,G429A:F87L:C60V:D401G,MLKNDQLDQWDRDNFFHPSTHLAQHARGESANRVIKTASGVFIEDRDGTKLLDAFAGLWVVNVGYGRQEIAEAIADQARELAYYHSLVGHGTEASITLAKMILDRAPKNMSKVYFGLGGSDANETNVKLIWYYNNILGRPEKKKIISRWRGFHGSGLVTGSLTGLELFHKKFDLPVEQVIHTEAPYYFRREDLNQTEEQFVAHCVAELEALIEREGADTIAAFIGEPILGAGGIVPPPAGYWEAIQTVLNKHDILLVADEVVTGFGRLGTMFGSDHYGLEPDIITIAKGLTSAYAPLSGSIVSDKVWKVLEQGTDENGPIGHGWTYSAHPIGAAAGVANLKLLDELNLVSNAGEVGAYLNATMAEALSQHANVGDVRGEGLLCAVEFVKDRDSRTFFDAAGKIGPQISAKLLEQDKIIARAMPQGDILAFAPPFCLTRAEADQVVEGTLRAVKAVLGSLEHHHHHH,0.002,0,0
BLJMF,V262M:K402N:Q369G:D401R,MLKNDQLDQWDRDNFFHPSTHLAQHARGESANRVIKTASGVFIEDRDGTKLLDAFAGLWCVNVGYGRQEIAEAIADQARELAYYHSFVGHGTEASITLAKMILDRAPKNMSKVYFGLGGSDANETNVKLIWYYNNILGRPEKKKIISRWRGFHGSGLVTGSLTGLELFHKKFDLPVEQVIHTEAPYYFRREDLNQTEEQFVAHCVAELEALIEREGADTIAAFIGEPILGAGGIVPPPAGYWEAIQTVLNKHDILLVADEVMTGFGRLGTMFGSDHYGLEPDIITIAKGLTSAYAPLSGSIVSDKVWKVLEQGTDENGPIGHGWTYSAHPIGAAAGVANLKLLDELNLVSNAGEVGAYLNATMAEALSGHANVGDVRGEGLLCAVEFVKDRDSRTFFDAARNIGPQISAKLLEQDKIIARAMPQGDILGFAPPFCLTRAEADQVVEGTLRAVKAVLGSLEHHHHHH,0.144,0.098,0.178
LZEBM,L167A:Y83H:C60V:R394G,MLKNDQLDQWDRDNFFHPSTHLAQHARGESANRVIKTASGVFIEDRDGTKLLDAFAGLWVVNVGYGRQEIAEAIADQARELAHYHSFVGHGTEASITLAKMILDRAPKNMSKVYFGLGGSDANETNVKLIWYYNNILGRPEKKKIISRWRGFHGSGLVTGSLTGLEAFHKKFDLPVEQVIHTEAPYYFRREDLNQTEEQFVAHCVAELEALIEREGADTIAAFIGEPILGAGGIVPPPAGYWEAIQTVLNKHDILLVADEVVTGFGRLGTMFGSDHYGLEPDIITIAKGLTSAYAPLSGSIVSDKVWKVLEQGTDENGPIGHGWTYSAHPIGAAAGVANLKLLDELNLVSNAGEVGAYLNATMAEALSQHANVGDVRGEGLLCAVEFVKDRDSGTFFDAADKIGPQISAKLLEQDKIIARAMPQGDILGFAPPFCLTRAEADQVVEGTLRAVKAVLGSLEHHHHHH,0.006,0,0.101
JLWVO,P423Q:W59F:D398E:S19W,MLKNDQLDQWDRDNFFHPWTHLAQHARGESANRVIKTASGVFIEDRDGTKLLDAFAGLFCVNVGYGRQEIAEAIADQARELAYYHSFVGHGTEASITLAKMILDRAPKNMSKVYFGLGGSDANETNVKLIWYYNNILGRPEKKKIISRWRGFHGSGLVTGSLTGLELFHKKFDLPVEQVIHTEAPYYFRREDLNQTEEQFVAHCVAELEALIEREGADTIAAFIGEPILGAGGIVPPPAGYWEAIQTVLNKHDILLVADEVVTGFGRLGTMFGSDHYGLEPDIITIAKGLTSAYAPLSGSIVSDKVWKVLEQGTDENGPIGHGWTYSAHPIGAAAGVANLKLLDELNLVSNAGEVGAYLNATMAEALSQHANVGDVRGEGLLCAVEFVKDRDSRTFFEAADKIGPQISAKLLEQDKIIARAMQQGDILGFAPPFCLTRAEADQVVEGTLRAVKAVLGSLEHHHHHH,0.195,0,1.007
HS6EO,N250K:S86A:D47Q:R394G,MLKNDQLDQWDRDNFFHPSTHLAQHARGESANRVIKTASGVFIEDRQGTKLLDAFAGLWCVNVGYGRQEIAEAIADQARELAYYHAFVGHGTEASITLAKMILDRAPKNMSKVYFGLGGSDANETNVKLIWYYNNILGRPEKKKIISRWRGFHGSGLVTGSLTGLELFHKKFDLPVEQVIHTEAPYYFRREDLNQTEEQFVAHCVAELEALIEREGADTIAAFIGEPILGAGGIVPPPAGYWEAIQTVLKKHDILLVADEVVTGFGRLGTMFGSDHYGLEPDIITIAKGLTSAYAPLSGSIVSDKVWKVLEQGTDENGPIGHGWTYSAHPIGAAAGVANLKLLDELNLVSNAGEVGAYLNATMAEALSQHANVGDVRGEGLLCAVEFVKDRDSGTFFDAADKIGPQISAKLLEQDKIIARAMPQGDILGFAPPFCLTRAEADQVVEGTLRAVKAVLGSLEHHHHHH,0.024,0.015,0.135
BI6RI,H85M:A231V:R391K:D392A,MLKNDQLDQWDRDNFFHPSTHLAQHARGESANRVIKTASGVFIEDRDGTKLLDAFAGLWCVNVGYGRQEIAEAIADQARELAYYMSFVGHGTEASITLAKMILDRAPKNMSKVYFGLGGSDANETNVKLIWYYNNILGRPEKKKIISRWRGFHGSGLVTGSLTGLELFHKKFDLPVEQVIHTEAPYYFRREDLNQTEEQFVAHCVAELEALIEREGADTIAAFIGEPILGVGGIVPPPAGYWEAIQTVLNKHDILLVADEVVTGFGRLGTMFGSDHYGLEPDIITIAKGLTSAYAPLSGSIVSDKVWKVLEQGTDENGPIGHGWTYSAHPIGAAAGVANLKLLDELNLVSNAGEVGAYLNATMAEALSQHANVGDVRGEGLLCAVEFVKDKASRTFFDAADKIGPQISAKLLEQDKIIARAMPQGDILGFAPPFCLTRAEADQVVEGTLRAVKAVLGSLEHHHHHH,0.224,0.042,0.478
F98L3,I234V:W59F:S86T:E177G,MLKNDQLDQWDRDNFFHPSTHLAQHARGESANRVIKTASGVFIEDRDGTKLLDAFAGLFCVNVGYGRQEIAEAIADQARELAYYHTFVGHGTEASITLAKMILDRAPKNMSKVYFGLGGSDANETNVKLIWYYNNILGRPEKKKIISRWRGFHGSGLVTGSLTGLELFHKKFDLPVGQVIHTEAPYYFRREDLNQTEEQFVAHCVAELEALIEREGADTIAAFIGEPILGAGGVVPPPAGYWEAIQTVLNKHDILLVADEVVTGFGRLGTMFGSDHYGLEPDIITIAKGLTSAYAPLSGSIVSDKVWKVLEQGTDENGPIGHGWTYSAHPIGAAAGVANLKLLDELNLVSNAGEVGAYLNATMAEALSQHANVGDVRGEGLLCAVEFVKDRDSRTFFDAADKIGPQISAKLLEQDKIIARAMPQGDILGFAPPFCLTRAEADQVVEGTLRAVKAVLGSLEHHHHHH,0.088,0.052,0.236
5S008,L382F:E177A:D392A:M422S,MLKNDQLDQWDRDNFFHPSTHLAQHARGESANRVIKTASGVFIEDRDGTKLLDAFAGLWCVNVGYGRQEIAEAIADQARELAYYHSFVGHGTEASITLAKMILDRAPKNMSKVYFGLGGSDANETNVKLIWYYNNILGRPEKKKIISRWRGFHGSGLVTGSLTGLELFHKKFDLPVAQVIHTEAPYYFRREDLNQTEEQFVAHCVAELEALIEREGADTIAAFIGEPILGAGGIVPPPAGYWEAIQTVLNKHDILLVADEVVTGFGRLGTMFGSDHYGLEPDIITIAKGLTSAYAPLSGSIVSDKVWKVLEQGTDENGPIGHGWTYSAHPIGAAAGVANLKLLDELNLVSNAGEVGAYLNATMAEALSQHANVGDVRGEGLFCAVEFVKDRASRTFFDAADKIGPQISAKLLEQDKIIARASPQGDILGFAPPFCLTRAEADQVVEGTLRAVKAVLGSLEHHHHHH,0.02,0,0.165
HKKZC,A231T:Y83S:C60P:F168L,MLKNDQLDQWDRDNFFHPSTHLAQHARGESANRVIKTASGVFIEDRDGTKLLDAFAGLWPVNVGYGRQEIAEAIADQARELASYHSFVGHGTEASITLAKMILDRAPKNMSKVYFGLGGSDANETNVKLIWYYNNILGRPEKKKIISRWRGFHGSGLVTGSLTGLELLHKKFDLPVEQVIHTEAPYYFRREDLNQTEEQFVAHCVAELEALIEREGADTIAAFIGEPILGTGGIVPPPAGYWEAIQTVLNKHDILLVADEVVTGFGRLGTMFGSDHYGLEPDIITIAKGLTSAYAPLSGSIVSDKVWKVLEQGTDENGPIGHGWTYSAHPIGAAAGVANLKLLDELNLVSNAGEVGAYLNATMAEALSQHANVGDVRGEGLLCAVEFVKDRDSRTFFDAADKIGPQISAKLLEQDKIIARAMPQGDILGFAPPFCLTRAEADQVVEGTLRAVKAVLGSLEHHHHHH,0.036,0.049,0.14
0ZHJA,G429R:S86A:R391K:D398E,MLKNDQLDQWDRDNFFHPSTHLAQHARGESANRVIKTASGVFIEDRDGTKLLDAFAGLWCVNVGYGRQEIAEAIADQARELAYYHAFVGHGTEASITLAKMILDRAPKNMSKVYFGLGGSDANETNVKLIWYYNNILGRPEKKKIISRWRGFHGSGLVTGSLTGLELFHKKFDLPVEQVIHTEAPYYFRREDLNQTEEQFVAHCVAELEALIEREGADTIAAFIGEPILGAGGIVPPPAGYWEAIQTVLNKHDILLVADEVVTGFGRLGTMFGSDHYGLEPDIITIAKGLTSAYAPLSGSIVSDKVWKVLEQGTDENGPIGHGWTYSAHPIGAAAGVANLKLLDELNLVSNAGEVGAYLNATMAEALSQHANVGDVRGEGLLCAVEFVKDKDSRTFFEAADKIGPQISAKLLEQDKIIARAMPQGDILRFAPPFCLTRAEADQVVEGTLRAVKAVLGSLEHHHHHH,0.021,0,0.144
30E8K,S368A:S393D:M422L:H90R,MLKNDQLDQWDRDNFFHPSTHLAQHARGESANRVIKTASGVFIEDRDGTKLLDAFAGLWCVNVGYGRQEIAEAIADQARELAYYHSFVGRGTEASITLAKMILDRAPKNMSKVYFGLGGSDANETNVKLIWYYNNILGRPEKKKIISRWRGFHGSGLVTGSLTGLELFHKKFDLPVEQVIHTEAPYYFRREDLNQTEEQFVAHCVAELEALIEREGADTIAAFIGEPILGAGGIVPPPAGYWEAIQTVLNKHDILLVADEVVTGFGRLGTMFGSDHYGLEPDIITIAKGLTSAYAPLSGSIVSDKVWKVLEQGTDENGPIGHGWTYSAHPIGAAAGVANLKLLDELNLVSNAGEVGAYLNATMAEALAQHANVGDVRGEGLLCAVEFVKDRDDRTFFDAADKIGPQISAKLLEQDKIIARALPQGDILGFAPPFCLTRAEADQVVEGTLRAVKAVLGSLEHHHHHH,0.036,0.034,0.189
NFRQ5,A71V:D47E:R394G:D401L,MLKNDQLDQWDRDNFFHPSTHLAQHARGESANRVIKTASGVFIEDREGTKLLDAFAGLWCVNVGYGRQEIVEAIADQARELAYYHSFVGHGTEASITLAKMILDRAPKNMSKVYFGLGGSDANETNVKLIWYYNNILGRPEKKKIISRWRGFHGSGLVTGSLTGLELFHKKFDLPVEQVIHTEAPYYFRREDLNQTEEQFVAHCVAELEALIEREGADTIAAFIGEPILGAGGIVPPPAGYWEAIQTVLNKHDILLVADEVVTGFGRLGTMFGSDHYGLEPDIITIAKGLTSAYAPLSGSIVSDKVWKVLEQGTDENGPIGHGWTYSAHPIGAAAGVANLKLLDELNLVSNAGEVGAYLNATMAEALSQHANVGDVRGEGLLCAVEFVKDRDSGTFFDAALKIGPQISAKLLEQDKIIARAMPQGDILGFAPPFCLTRAEADQVVEGTLRAVKAVLGSLEHHHHHH,0.072,0.194,0.214
ULGIU,P423H:S86A:A399Q:L165M,MLKNDQLDQWDRDNFFHPSTHLAQHARGESANRVIKTASGVFIEDRDGTKLLDAFAGLWCVNVGYGRQEIAEAIADQARELAYYHAFVGHGTEASITLAKMILDRAPKNMSKVYFGLGGSDANETNVKLIWYYNNILGRPEKKKIISRWRGFHGSGLVTGSLTGMELFHKKFDLPVEQVIHTEAPYYFRREDLNQTEEQFVAHCVAELEALIEREGADTIAAFIGEPILGAGGIVPPPAGYWEAIQTVLNKHDILLVADEVVTGFGRLGTMFGSDHYGLEPDIITIAKGLTSAYAPLSGSIVSDKVWKVLEQGTDENGPIGHGWTYSAHPIGAAAGVANLKLLDELNLVSNAGEVGAYLNATMAEALSQHANVGDVRGEGLLCAVEFVKDRDSRTFFDQADKIGPQISAKLLEQDKIIARAMHQGDILGFAPPFCLTRAEADQVVEGTLRAVKAVLGSLEHHHHHH,0.235,0.399,1.171
WZJWH,P423R:E177G:R394K:M422L,MLKNDQLDQWDRDNFFHPSTHLAQHARGESANRVIKTASGVFIEDRDGTKLLDAFAGLWCVNVGYGRQEIAEAIADQARELAYYHSFVGHGTEASITLAKMILDRAPKNMSKVYFGLGGSDANETNVKLIWYYNNILGRPEKKKIISRWRGFHGSGLVTGSLTGLELFHKKFDLPVGQVIHTEAPYYFRREDLNQTEEQFVAHCVAELEALIEREGADTIAAFIGEPILGAGGIVPPPAGYWEAIQTVLNKHDILLVADEVVTGFGRLGTMFGSDHYGLEPDIITIAKGLTSAYAPLSGSIVSDKVWKVLEQGTDENGPIGHGWTYSAHPIGAAAGVANLKLLDELNLVSNAGEVGAYLNATMAEALSQHANVGDVRGEGLLCAVEFVKDRDSKTFFDAADKIGPQISAKLLEQDKIIARALRQGDILGFAPPFCLTRAEADQVVEGTLRAVKAVLGSLEHHHHHH,0.016,0.006,0.126
9J9MP,N250Y:A71I:H252R:Y83S,MLKNDQLDQWDRDNFFHPSTHLAQHARGESANRVIKTASGVFIEDRDGTKLLDAFAGLWCVNVGYGRQEIIEAIADQARELASYHSFVGHGTEASITLAKMILDRAPKNMSKVYFGLGGSDANETNVKLIWYYNNILGRPEKKKIISRWRGFHGSGLVTGSLTGLELFHKKFDLPVEQVIHTEAPYYFRREDLNQTEEQFVAHCVAELEALIEREGADTIAAFIGEPILGAGGIVPPPAGYWEAIQTVLYKRDILLVADEVVTGFGRLGTMFGSDHYGLEPDIITIAKGLTSAYAPLSGSIVSDKVWKVLEQGTDENGPIGHGWTYSAHPIGAAAGVANLKLLDELNLVSNAGEVGAYLNATMAEALSQHANVGDVRGEGLLCAVEFVKDRDSRTFFDAADKIGPQISAKLLEQDKIIARAMPQGDILGFAPPFCLTRAEADQVVEGTLRAVKAVLGSLEHHHHHH,0,0,0
SG9M9,G429R:D401G:L165M:F168L,MLKNDQLDQWDRDNFFHPSTHLAQHARGESANRVIKTASGVFIEDRDGTKLLDAFAGLWCVNVGYGRQEIAEAIADQARELAYYHSFVGHGTEASITLAKMILDRAPKNMSKVYFGLGGSDANETNVKLIWYYNNILGRPEKKKIISRWRGFHGSGLVTGSLTGMELLHKKFDLPVEQVIHTEAPYYFRREDLNQTEEQFVAHCVAELEALIEREGADTIAAFIGEPILGAGGIVPPPAGYWEAIQTVLNKHDILLVADEVVTGFGRLGTMFGSDHYGLEPDIITIAKGLTSAYAPLSGSIVSDKVWKVLEQGTDENGPIGHGWTYSAHPIGAAAGVANLKLLDELNLVSNAGEVGAYLNATMAEALSQHANVGDVRGEGLLCAVEFVKDRDSRTFFDAAGKIGPQISAKLLEQDKIIARAMPQGDILRFAPPFCLTRAEADQVVEGTLRAVKAVLGSLEHHHHHH,0.006,0.031,0.053
CL9SO,V262I:D47Q:M422T:H90K,MLKNDQLDQWDRDNFFHPSTHLAQHARGESANRVIKTASGVFIEDRQGTKLLDAFAGLWCVNVGYGRQEIAEAIADQARELAYYHSFVGKGTEASITLAKMILDRAPKNMSKVYFGLGGSDANETNVKLIWYYNNILGRPEKKKIISRWRGFHGSGLVTGSLTGLELFHKKFDLPVEQVIHTEAPYYFRREDLNQTEEQFVAHCVAELEALIEREGADTIAAFIGEPILGAGGIVPPPAGYWEAIQTVLNKHDILLVADEVITGFGRLGTMFGSDHYGLEPDIITIAKGLTSAYAPLSGSIVSDKVWKVLEQGTDENGPIGHGWTYSAHPIGAAAGVANLKLLDELNLVSNAGEVGAYLNATMAEALSQHANVGDVRGEGLLCAVEFVKDRDSRTFFDAADKIGPQISAKLLEQDKIIARATPQGDILGFAPPFCLTRAEADQVVEGTLRAVKAVLGSLEHHHHHH,0.037,0.049,0
5LM39,N250K:Q406A:D401G:M422S,MLKNDQLDQWDRDNFFHPSTHLAQHARGESANRVIKTASGVFIEDRDGTKLLDAFAGLWCVNVGYGRQEIAEAIADQARELAYYHSFVGHGTEASITLAKMILDRAPKNMSKVYFGLGGSDANETNVKLIWYYNNILGRPEKKKIISRWRGFHGSGLVTGSLTGLELFHKKFDLPVEQVIHTEAPYYFRREDLNQTEEQFVAHCVAELEALIEREGADTIAAFIGEPILGAGGIVPPPAGYWEAIQTVLKKHDILLVADEVVTGFGRLGTMFGSDHYGLEPDIITIAKGLTSAYAPLSGSIVSDKVWKVLEQGTDENGPIGHGWTYSAHPIGAAAGVANLKLLDELNLVSNAGEVGAYLNATMAEALSQHANVGDVRGEGLLCAVEFVKDRDSRTFFDAAGKIGPAISAKLLEQDKIIARASPQGDILGFAPPFCLTRAEADQVVEGTLRAVKAVLGSLEHHHHHH,0.004,0.035,0
2A6E1,N250D:A71I:Q406R:P423R,MLKNDQLDQWDRDNFFHPSTHLAQHARGESANRVIKTASGVFIEDRDGTKLLDAFAGLWCVNVGYGRQEIIEAIADQARELAYYHSFVGHGTEASITLAKMILDRAPKNMSKVYFGLGGSDANETNVKLIWYYNNILGRPEKKKIISRWRGFHGSGLVTGSLTGLELFHKKFDLPVEQVIHTEAPYYFRREDLNQTEEQFVAHCVAELEALIEREGADTIAAFIGEPILGAGGIVPPPAGYWEAIQTVLDKHDILLVADEVVTGFGRLGTMFGSDHYGLEPDIITIAKGLTSAYAPLSGSIVSDKVWKVLEQGTDENGPIGHGWTYSAHPIGAAAGVANLKLLDELNLVSNAGEVGAYLNATMAEALSQHANVGDVRGEGLLCAVEFVKDRDSRTFFDAADKIGPRISAKLLEQDKIIARAMRQGDILGFAPPFCLTRAEADQVVEGTLRAVKAVLGSLEHHHHHH,0.228,1.074,2.434
IGBV3,W59L:R46T:D401R:S19W,MLKNDQLDQWDRDNFFHPWTHLAQHARGESANRVIKTASGVFIEDTDGTKLLDAFAGLLCVNVGYGRQEIAEAIADQARELAYYHSFVGHGTEASITLAKMILDRAPKNMSKVYFGLGGSDANETNVKLIWYYNNILGRPEKKKIISRWRGFHGSGLVTGSLTGLELFHKKFDLPVEQVIHTEAPYYFRREDLNQTEEQFVAHCVAELEALIEREGADTIAAFIGEPILGAGGIVPPPAGYWEAIQTVLNKHDILLVADEVVTGFGRLGTMFGSDHYGLEPDIITIAKGLTSAYAPLSGSIVSDKVWKVLEQGTDENGPIGHGWTYSAHPIGAAAGVANLKLLDELNLVSNAGEVGAYLNATMAEALSQHANVGDVRGEGLLCAVEFVKDRDSRTFFDAARKIGPQISAKLLEQDKIIARAMPQGDILGFAPPFCLTRAEADQVVEGTLRAVKAVLGSLEHHHHHH,0.02,0.001,0
NJGV1,C60P:Q369G:L165I:F168N,MLKNDQLDQWDRDNFFHPSTHLAQHARGESANRVIKTASGVFIEDRDGTKLLDAFAGLWPVNVGYGRQEIAEAIADQARELAYYHSFVGHGTEASITLAKMILDRAPKNMSKVYFGLGGSDANETNVKLIWYYNNILGRPEKKKIISRWRGFHGSGLVTGSLTGIELNHKKFDLPVEQVIHTEAPYYFRREDLNQTEEQFVAHCVAELEALIEREGADTIAAFIGEPILGAGGIVPPPAGYWEAIQTVLNKHDILLVADEVVTGFGRLGTMFGSDHYGLEPDIITIAKGLTSAYAPLSGSIVSDKVWKVLEQGTDENGPIGHGWTYSAHPIGAAAGVANLKLLDELNLVSNAGEVGAYLNATMAEALSGHANVGDVRGEGLLCAVEFVKDRDSRTFFDAADKIGPQISAKLLEQDKIIARAMPQGDILGFAPPFCLTRAEADQVVEGTLRAVKAVLGSLEHHHHHH,0.003,0,0.039
2PIEY,L382M:Y83H:R391K:S19Y,MLKNDQLDQWDRDNFFHPYTHLAQHARGESANRVIKTASGVFIEDRDGTKLLDAFAGLWCVNVGYGRQEIAEAIADQARELAHYHSFVGHGTEASITLAKMILDRAPKNMSKVYFGLGGSDANETNVKLIWYYNNILGRPEKKKIISRWRGFHGSGLVTGSLTGLELFHKKFDLPVEQVIHTEAPYYFRREDLNQTEEQFVAHCVAELEALIEREGADTIAAFIGEPILGAGGIVPPPAGYWEAIQTVLNKHDILLVADEVVTGFGRLGTMFGSDHYGLEPDIITIAKGLTSAYAPLSGSIVSDKVWKVLEQGTDENGPIGHGWTYSAHPIGAAAGVANLKLLDELNLVSNAGEVGAYLNATMAEALSQHANVGDVRGEGLMCAVEFVKDKDSRTFFDAADKIGPQISAKLLEQDKIIARAMPQGDILGFAPPFCLTRAEADQVVEGTLRAVKAVLGSLEHHHHHH,0.228,0.206,0.356
R7YJD,N250R:P423G:E177A:S393D,MLKNDQLDQWDRDNFFHPSTHLAQHARGESANRVIKTASGVFIEDRDGTKLLDAFAGLWCVNVGYGRQEIAEAIADQARELAYYHSFVGHGTEASITLAKMILDRAPKNMSKVYFGLGGSDANETNVKLIWYYNNILGRPEKKKIISRWRGFHGSGLVTGSLTGLELFHKKFDLPVAQVIHTEAPYYFRREDLNQTEEQFVAHCVAELEALIEREGADTIAAFIGEPILGAGGIVPPPAGYWEAIQTVLRKHDILLVADEVVTGFGRLGTMFGSDHYGLEPDIITIAKGLTSAYAPLSGSIVSDKVWKVLEQGTDENGPIGHGWTYSAHPIGAAAGVANLKLLDELNLVSNAGEVGAYLNATMAEALSQHANVGDVRGEGLLCAVEFVKDRDDRTFFDAADKIGPQISAKLLEQDKIIARAMGQGDILGFAPPFCLTRAEADQVVEGTLRAVKAVLGSLEHHHHHH,0.638,1.049,2.754
TSV7P,V262M:K402V:Q406K:E29A,MLKNDQLDQWDRDNFFHPSTHLAQHARGASANRVIKTASGVFIEDRDGTKLLDAFAGLWCVNVGYGRQEIAEAIADQARELAYYHSFVGHGTEASITLAKMILDRAPKNMSKVYFGLGGSDANETNVKLIWYYNNILGRPEKKKIISRWRGFHGSGLVTGSLTGLELFHKKFDLPVEQVIHTEAPYYFRREDLNQTEEQFVAHCVAELEALIEREGADTIAAFIGEPILGAGGIVPPPAGYWEAIQTVLNKHDILLVADEVMTGFGRLGTMFGSDHYGLEPDIITIAKGLTSAYAPLSGSIVSDKVWKVLEQGTDENGPIGHGWTYSAHPIGAAAGVANLKLLDELNLVSNAGEVGAYLNATMAEALSQHANVGDVRGEGLLCAVEFVKDRDSRTFFDAADVIGPKISAKLLEQDKIIARAMPQGDILGFAPPFCLTRAEADQVVEGTLRAVKAVLGSLEHHHHHH,0.08,0.016,0.107
PVKE9,G429Y:S86T:P281S:S19Y,MLKNDQLDQWDRDNFFHPYTHLAQHARGESANRVIKTASGVFIEDRDGTKLLDAFAGLWCVNVGYGRQEIAEAIADQARELAYYHTFVGHGTEASITLAKMILDRAPKNMSKVYFGLGGSDANETNVKLIWYYNNILGRPEKKKIISRWRGFHGSGLVTGSLTGLELFHKKFDLPVEQVIHTEAPYYFRREDLNQTEEQFVAHCVAELEALIEREGADTIAAFIGEPILGAGGIVPPPAGYWEAIQTVLNKHDILLVADEVVTGFGRLGTMFGSDHYGLESDIITIAKGLTSAYAPLSGSIVSDKVWKVLEQGTDENGPIGHGWTYSAHPIGAAAGVANLKLLDELNLVSNAGEVGAYLNATMAEALSQHANVGDVRGEGLLCAVEFVKDRDSRTFFDAADKIGPQISAKLLEQDKIIARAMPQGDILYFAPPFCLTRAEADQVVEGTLRAVKAVLGSLEHHHHHH,0.007,0.134,0.006
2WZ7M,G332C:W59Y:R391P:F168Y,MLKNDQLDQWDRDNFFHPSTHLAQHARGESANRVIKTASGVFIEDRDGTKLLDAFAGLYCVNVGYGRQEIAEAIADQARELAYYHSFVGHGTEASITLAKMILDRAPKNMSKVYFGLGGSDANETNVKLIWYYNNILGRPEKKKIISRWRGFHGSGLVTGSLTGLELYHKKFDLPVEQVIHTEAPYYFRREDLNQTEEQFVAHCVAELEALIEREGADTIAAFIGEPILGAGGIVPPPAGYWEAIQTVLNKHDILLVADEVVTGFGRLGTMFGSDHYGLEPDIITIAKGLTSAYAPLSGSIVSDKVWKVLEQGTDENGPIGHGWTYSAHPICAAAGVANLKLLDELNLVSNAGEVGAYLNATMAEALSQHANVGDVRGEGLLCAVEFVKDPDSRTFFDAADKIGPQISAKLLEQDKIIARAMPQGDILGFAPPFCLTRAEADQVVEGTLRAVKAVLGSLEHHHHHH,0,0.068,0
RNI4U,A231G:L167S:R391P:P281A,MLKNDQLDQWDRDNFFHPSTHLAQHARGESANRVIKTASGVFIEDRDGTKLLDAFAGLWCVNVGYGRQEIAEAIADQARELAYYHSFVGHGTEASITLAKMILDRAPKNMSKVYFGLGGSDANETNVKLIWYYNNILGRPEKKKIISRWRGFHGSGLVTGSLTGLESFHKKFDLPVEQVIHTEAPYYFRREDLNQTEEQFVAHCVAELEALIEREGADTIAAFIGEPILGGGGIVPPPAGYWEAIQTVLNKHDILLVADEVVTGFGRLGTMFGSDHYGLEADIITIAKGLTSAYAPLSGSIVSDKVWKVLEQGTDENGPIGHGWTYSAHPIGAAAGVANLKLLDELNLVSNAGEVGAYLNATMAEALSQHANVGDVRGEGLLCAVEFVKDPDSRTFFDAADKIGPQISAKLLEQDKIIARAMPQGDILGFAPPFCLTRAEADQVVEGTLRAVKAVLGSLEHHHHHH,0.058,0.126,0.09
O6VTG,I234F:R394G:D401R:L165I,MLKNDQLDQWDRDNFFHPSTHLAQHARGESANRVIKTASGVFIEDRDGTKLLDAFAGLWCVNVGYGRQEIAEAIADQARELAYYHSFVGHGTEASITLAKMILDRAPKNMSKVYFGLGGSDANETNVKLIWYYNNILGRPEKKKIISRWRGFHGSGLVTGSLTGIELFHKKFDLPVEQVIHTEAPYYFRREDLNQTEEQFVAHCVAELEALIEREGADTIAAFIGEPILGAGGFVPPPAGYWEAIQTVLNKHDILLVADEVVTGFGRLGTMFGSDHYGLEPDIITIAKGLTSAYAPLSGSIVSDKVWKVLEQGTDENGPIGHGWTYSAHPIGAAAGVANLKLLDELNLVSNAGEVGAYLNATMAEALSQHANVGDVRGEGLLCAVEFVKDRDSGTFFDAARKIGPQISAKLLEQDKIIARAMPQGDILGFAPPFCLTRAEADQVVEGTLRAVKAVLGSLEHHHHHH,0,0.12,0
4UTC3,R420K:L58W:A56S:M422L,MLKNDQLDQWDRDNFFHPSTHLAQHARGESANRVIKTASGVFIEDRDGTKLLDAFSGWWCVNVGYGRQEIAEAIADQARELAYYHSFVGHGTEASITLAKMILDRAPKNMSKVYFGLGGSDANETNVKLIWYYNNILGRPEKKKIISRWRGFHGSGLVTGSLTGLELFHKKFDLPVEQVIHTEAPYYFRREDLNQTEEQFVAHCVAELEALIEREGADTIAAFIGEPILGAGGIVPPPAGYWEAIQTVLNKHDILLVADEVVTGFGRLGTMFGSDHYGLEPDIITIAKGLTSAYAPLSGSIVSDKVWKVLEQGTDENGPIGHGWTYSAHPIGAAAGVANLKLLDELNLVSNAGEVGAYLNATMAEALSQHANVGDVRGEGLLCAVEFVKDRDSRTFFDAADKIGPQISAKLLEQDKIIAKALPQGDILGFAPPFCLTRAEADQVVEGTLRAVKAVLGSLEHHHHHH,0,0,0
KGWLW,I234V:A231S:R391K:H90R,MLKNDQLDQWDRDNFFHPSTHLAQHARGESANRVIKTASGVFIEDRDGTKLLDAFAGLWCVNVGYGRQEIAEAIADQARELAYYHSFVGRGTEASITLAKMILDRAPKNMSKVYFGLGGSDANETNVKLIWYYNNILGRPEKKKIISRWRGFHGSGLVTGSLTGLELFHKKFDLPVEQVIHTEAPYYFRREDLNQTEEQFVAHCVAELEALIEREGADTIAAFIGEPILGSGGVVPPPAGYWEAIQTVLNKHDILLVADEVVTGFGRLGTMFGSDHYGLEPDIITIAKGLTSAYAPLSGSIVSDKVWKVLEQGTDENGPIGHGWTYSAHPIGAAAGVANLKLLDELNLVSNAGEVGAYLNATMAEALSQHANVGDVRGEGLLCAVEFVKDKDSRTFFDAADKIGPQISAKLLEQDKIIARAMPQGDILGFAPPFCLTRAEADQVVEGTLRAVKAVLGSLEHHHHHH,0.018,0,0.173
NXH1W,L382M:G429A:A56G:H90K,MLKNDQLDQWDRDNFFHPSTHLAQHARGESANRVIKTASGVFIEDRDGTKLLDAFGGLWCVNVGYGRQEIAEAIADQARELAYYHSFVGKGTEASITLAKMILDRAPKNMSKVYFGLGGSDANETNVKLIWYYNNILGRPEKKKIISRWRGFHGSGLVTGSLTGLELFHKKFDLPVEQVIHTEAPYYFRREDLNQTEEQFVAHCVAELEALIEREGADTIAAFIGEPILGAGGIVPPPAGYWEAIQTVLNKHDILLVADEVVTGFGRLGTMFGSDHYGLEPDIITIAKGLTSAYAPLSGSIVSDKVWKVLEQGTDENGPIGHGWTYSAHPIGAAAGVANLKLLDELNLVSNAGEVGAYLNATMAEALSQHANVGDVRGEGLMCAVEFVKDRDSRTFFDAADKIGPQISAKLLEQDKIIARAMPQGDILAFAPPFCLTRAEADQVVEGTLRAVKAVLGSLEHHHHHH,0.025,0.135,0
79H8G,N250D:G332A:R420L:R214A,MLKNDQLDQWDRDNFFHPSTHLAQHARGESANRVIKTASGVFIEDRDGTKLLDAFAGLWCVNVGYGRQEIAEAIADQARELAYYHSFVGHGTEASITLAKMILDRAPKNMSKVYFGLGGSDANETNVKLIWYYNNILGRPEKKKIISRWRGFHGSGLVTGSLTGLELFHKKFDLPVEQVIHTEAPYYFRREDLNQTEEQFVAHCVAELEALIEAEGADTIAAFIGEPILGAGGIVPPPAGYWEAIQTVLDKHDILLVADEVVTGFGRLGTMFGSDHYGLEPDIITIAKGLTSAYAPLSGSIVSDKVWKVLEQGTDENGPIGHGWTYSAHPIAAAAGVANLKLLDELNLVSNAGEVGAYLNATMAEALSQHANVGDVRGEGLLCAVEFVKDRDSRTFFDAADKIGPQISAKLLEQDKIIALAMPQGDILGFAPPFCLTRAEADQVVEGTLRAVKAVLGSLEHHHHHH,0.022,0,0.048
75I1H,G332S:P423Q:F397L:A56G,MLKNDQLDQWDRDNFFHPSTHLAQHARGESANRVIKTASGVFIEDRDGTKLLDAFGGLWCVNVGYGRQEIAEAIADQARELAYYHSFVGHGTEASITLAKMILDRAPKNMSKVYFGLGGSDANETNVKLIWYYNNILGRPEKKKIISRWRGFHGSGLVTGSLTGLELFHKKFDLPVEQVIHTEAPYYFRREDLNQTEEQFVAHCVAELEALIEREGADTIAAFIGEPILGAGGIVPPPAGYWEAIQTVLNKHDILLVADEVVTGFGRLGTMFGSDHYGLEPDIITIAKGLTSAYAPLSGSIVSDKVWKVLEQGTDENGPIGHGWTYSAHPISAAAGVANLKLLDELNLVSNAGEVGAYLNATMAEALSQHANVGDVRGEGLLCAVEFVKDRDSRTFLDAADKIGPQISAKLLEQDKIIARAMQQGDILGFAPPFCLTRAEADQVVEGTLRAVKAVLGSLEHHHHHH,0.011,0.081,0
Q942R,G332A:K402N:S393D:M422S,MLKNDQLDQWDRDNFFHPSTHLAQHARGESANRVIKTASGVFIEDRDGTKLLDAFAGLWCVNVGYGRQEIAEAIADQARELAYYHSFVGHGTEASITLAKMILDRAPKNMSKVYFGLGGSDANETNVKLIWYYNNILGRPEKKKIISRWRGFHGSGLVTGSLTGLELFHKKFDLPVEQVIHTEAPYYFRREDLNQTEEQFVAHCVAELEALIEREGADTIAAFIGEPILGAGGIVPPPAGYWEAIQTVLNKHDILLVADEVVTGFGRLGTMFGSDHYGLEPDIITIAKGLTSAYAPLSGSIVSDKVWKVLEQGTDENGPIGHGWTYSAHPIAAAAGVANLKLLDELNLVSNAGEVGAYLNATMAEALSQHANVGDVRGEGLLCAVEFVKDRDDRTFFDAADNIGPQISAKLLEQDKIIARASPQGDILGFAPPFCLTRAEADQVVEGTLRAVKAVLGSLEHHHHHH,0.025,0.142,0
A8MJW,I234M:V262A:A56G:F168L,MLKNDQLDQWDRDNFFHPSTHLAQHARGESANRVIKTASGVFIEDRDGTKLLDAFGGLWCVNVGYGRQEIAEAIADQARELAYYHSFVGHGTEASITLAKMILDRAPKNMSKVYFGLGGSDANETNVKLIWYYNNILGRPEKKKIISRWRGFHGSGLVTGSLTGLELLHKKFDLPVEQVIHTEAPYYFRREDLNQTEEQFVAHCVAELEALIEREGADTIAAFIGEPILGAGGMVPPPAGYWEAIQTVLNKHDILLVADEVATGFGRLGTMFGSDHYGLEPDIITIAKGLTSAYAPLSGSIVSDKVWKVLEQGTDENGPIGHGWTYSAHPIGAAAGVANLKLLDELNLVSNAGEVGAYLNATMAEALSQHANVGDVRGEGLLCAVEFVKDRDSRTFFDAADKIGPQISAKLLEQDKIIARAMPQGDILGFAPPFCLTRAEADQVVEGTLRAVKAVLGSLEHHHHHH,0.033,0.098,0.412
JRDER,I234F:V262Q:R420K:S155V,MLKNDQLDQWDRDNFFHPSTHLAQHARGESANRVIKTASGVFIEDRDGTKLLDAFAGLWCVNVGYGRQEIAEAIADQARELAYYHSFVGHGTEASITLAKMILDRAPKNMSKVYFGLGGSDANETNVKLIWYYNNILGRPEKKKIISRWRGFHGVGLVTGSLTGLELFHKKFDLPVEQVIHTEAPYYFRREDLNQTEEQFVAHCVAELEALIEREGADTIAAFIGEPILGAGGFVPPPAGYWEAIQTVLNKHDILLVADEVQTGFGRLGTMFGSDHYGLEPDIITIAKGLTSAYAPLSGSIVSDKVWKVLEQGTDENGPIGHGWTYSAHPIGAAAGVANLKLLDELNLVSNAGEVGAYLNATMAEALSQHANVGDVRGEGLLCAVEFVKDRDSRTFFDAADKIGPQISAKLLEQDKIIAKAMPQGDILGFAPPFCLTRAEADQVVEGTLRAVKAVLGSLEHHHHHH,0.005,0.087,0
D36KA,V262M:P423H:A399P:L165I,MLKNDQLDQWDRDNFFHPSTHLAQHARGESANRVIKTASGVFIEDRDGTKLLDAFAGLWCVNVGYGRQEIAEAIADQARELAYYHSFVGHGTEASITLAKMILDRAPKNMSKVYFGLGGSDANETNVKLIWYYNNILGRPEKKKIISRWRGFHGSGLVTGSLTGIELFHKKFDLPVEQVIHTEAPYYFRREDLNQTEEQFVAHCVAELEALIEREGADTIAAFIGEPILGAGGIVPPPAGYWEAIQTVLNKHDILLVADEVMTGFGRLGTMFGSDHYGLEPDIITIAKGLTSAYAPLSGSIVSDKVWKVLEQGTDENGPIGHGWTYSAHPIGAAAGVANLKLLDELNLVSNAGEVGAYLNATMAEALSQHANVGDVRGEGLLCAVEFVKDRDSRTFFDPADKIGPQISAKLLEQDKIIARAMHQGDILGFAPPFCLTRAEADQVVEGTLRAVKAVLGSLEHHHHHH,0.096,0.049,0.999
V90OB,Q406K:E280K:M422T:S19W,MLKNDQLDQWDRDNFFHPWTHLAQHARGESANRVIKTASGVFIEDRDGTKLLDAFAGLWCVNVGYGRQEIAEAIADQARELAYYHSFVGHGTEASITLAKMILDRAPKNMSKVYFGLGGSDANETNVKLIWYYNNILGRPEKKKIISRWRGFHGSGLVTGSLTGLELFHKKFDLPVEQVIHTEAPYYFRREDLNQTEEQFVAHCVAELEALIEREGADTIAAFIGEPILGAGGIVPPPAGYWEAIQTVLNKHDILLVADEVVTGFGRLGTMFGSDHYGLKPDIITIAKGLTSAYAPLSGSIVSDKVWKVLEQGTDENGPIGHGWTYSAHPIGAAAGVANLKLLDELNLVSNAGEVGAYLNATMAEALSQHANVGDVRGEGLLCAVEFVKDRDSRTFFDAADKIGPKISAKLLEQDKIIARATPQGDILGFAPPFCLTRAEADQVVEGTLRAVKAVLGSLEHHHHHH,0.111,0,0.062
A840U,N250D:F87L:S155A:D47E,MLKNDQLDQWDRDNFFHPSTHLAQHARGESANRVIKTASGVFIEDREGTKLLDAFAGLWCVNVGYGRQEIAEAIADQARELAYYHSLVGHGTEASITLAKMILDRAPKNMSKVYFGLGGSDANETNVKLIWYYNNILGRPEKKKIISRWRGFHGAGLVTGSLTGLELFHKKFDLPVEQVIHTEAPYYFRREDLNQTEEQFVAHCVAELEALIEREGADTIAAFIGEPILGAGGIVPPPAGYWEAIQTVLDKHDILLVADEVVTGFGRLGTMFGSDHYGLEPDIITIAKGLTSAYAPLSGSIVSDKVWKVLEQGTDENGPIGHGWTYSAHPIGAAAGVANLKLLDELNLVSNAGEVGAYLNATMAEALSQHANVGDVRGEGLLCAVEFVKDRDSRTFFDAADKIGPQISAKLLEQDKIIARAMPQGDILGFAPPFCLTRAEADQVVEGTLRAVKAVLGSLEHHHHHH,0.015,0.214,0.229
8SVKV,G332S:D392E:D401L:H90K,MLKNDQLDQWDRDNFFHPSTHLAQHARGESANRVIKTASGVFIEDRDGTKLLDAFAGLWCVNVGYGRQEIAEAIADQARELAYYHSFVGKGTEASITLAKMILDRAPKNMSKVYFGLGGSDANETNVKLIWYYNNILGRPEKKKIISRWRGFHGSGLVTGSLTGLELFHKKFDLPVEQVIHTEAPYYFRREDLNQTEEQFVAHCVAELEALIEREGADTIAAFIGEPILGAGGIVPPPAGYWEAIQTVLNKHDILLVADEVVTGFGRLGTMFGSDHYGLEPDIITIAKGLTSAYAPLSGSIVSDKVWKVLEQGTDENGPIGHGWTYSAHPISAAAGVANLKLLDELNLVSNAGEVGAYLNATMAEALSQHANVGDVRGEGLLCAVEFVKDRESRTFFDAALKIGPQISAKLLEQDKIIARAMPQGDILGFAPPFCLTRAEADQVVEGTLRAVKAVLGSLEHHHHHH,0.007,0.041,0.072
T9A61,N250Y:R420L:D398A:A399Q,MLKNDQLDQWDRDNFFHPSTHLAQHARGESANRVIKTASGVFIEDRDGTKLLDAFAGLWCVNVGYGRQEIAEAIADQARELAYYHSFVGHGTEASITLAKMILDRAPKNMSKVYFGLGGSDANETNVKLIWYYNNILGRPEKKKIISRWRGFHGSGLVTGSLTGLELFHKKFDLPVEQVIHTEAPYYFRREDLNQTEEQFVAHCVAELEALIEREGADTIAAFIGEPILGAGGIVPPPAGYWEAIQTVLYKHDILLVADEVVTGFGRLGTMFGSDHYGLEPDIITIAKGLTSAYAPLSGSIVSDKVWKVLEQGTDENGPIGHGWTYSAHPIGAAAGVANLKLLDELNLVSNAGEVGAYLNATMAEALSQHANVGDVRGEGLLCAVEFVKDRDSRTFFAQADKIGPQISAKLLEQDKIIALAMPQGDILGFAPPFCLTRAEADQVVEGTLRAVKAVLGSLEHHHHHH,0.003,0,0
JHJLD,N250R:V262A:L167F:R394G,MLKNDQLDQWDRDNFFHPSTHLAQHARGESANRVIKTASGVFIEDRDGTKLLDAFAGLWCVNVGYGRQEIAEAIADQARELAYYHSFVGHGTEASITLAKMILDRAPKNMSKVYFGLGGSDANETNVKLIWYYNNILGRPEKKKIISRWRGFHGSGLVTGSLTGLEFFHKKFDLPVEQVIHTEAPYYFRREDLNQTEEQFVAHCVAELEALIEREGADTIAAFIGEPILGAGGIVPPPAGYWEAIQTVLRKHDILLVADEVATGFGRLGTMFGSDHYGLEPDIITIAKGLTSAYAPLSGSIVSDKVWKVLEQGTDENGPIGHGWTYSAHPIGAAAGVANLKLLDELNLVSNAGEVGAYLNATMAEALSQHANVGDVRGEGLLCAVEFVKDRDSGTFFDAADKIGPQISAKLLEQDKIIARAMPQGDILGFAPPFCLTRAEADQVVEGTLRAVKAVLGSLEHHHHHH,0,0,0.018
LOWJA,G332S:A71V:E29K:D398A,MLKNDQLDQWDRDNFFHPSTHLAQHARGKSANRVIKTASGVFIEDRDGTKLLDAFAGLWCVNVGYGRQEIVEAIADQARELAYYHSFVGHGTEASITLAKMILDRAPKNMSKVYFGLGGSDANETNVKLIWYYNNILGRPEKKKIISRWRGFHGSGLVTGSLTGLELFHKKFDLPVEQVIHTEAPYYFRREDLNQTEEQFVAHCVAELEALIEREGADTIAAFIGEPILGAGGIVPPPAGYWEAIQTVLNKHDILLVADEVVTGFGRLGTMFGSDHYGLEPDIITIAKGLTSAYAPLSGSIVSDKVWKVLEQGTDENGPIGHGWTYSAHPISAAAGVANLKLLDELNLVSNAGEVGAYLNATMAEALSQHANVGDVRGEGLLCAVEFVKDRDSRTFFAAADKIGPQISAKLLEQDKIIARAMPQGDILGFAPPFCLTRAEADQVVEGTLRAVKAVLGSLEHHHHHH,0.755,1.163,2.167
XG41J,N250R:P423R:A231E:S393A,MLKNDQLDQWDRDNFFHPSTHLAQHARGESANRVIKTASGVFIEDRDGTKLLDAFAGLWCVNVGYGRQEIAEAIADQARELAYYHSFVGHGTEASITLAKMILDRAPKNMSKVYFGLGGSDANETNVKLIWYYNNILGRPEKKKIISRWRGFHGSGLVTGSLTGLELFHKKFDLPVEQVIHTEAPYYFRREDLNQTEEQFVAHCVAELEALIEREGADTIAAFIGEPILGEGGIVPPPAGYWEAIQTVLRKHDILLVADEVVTGFGRLGTMFGSDHYGLEPDIITIAKGLTSAYAPLSGSIVSDKVWKVLEQGTDENGPIGHGWTYSAHPIGAAAGVANLKLLDELNLVSNAGEVGAYLNATMAEALSQHANVGDVRGEGLLCAVEFVKDRDARTFFDAADKIGPQISAKLLEQDKIIARAMRQGDILGFAPPFCLTRAEADQVVEGTLRAVKAVLGSLEHHHHHH,0,0,0
LBY0I,K402V:S120A:E280V:R46H,MLKNDQLDQWDRDNFFHPSTHLAQHARGESANRVIKTASGVFIEDHDGTKLLDAFAGLWCVNVGYGRQEIAEAIADQARELAYYHSFVGHGTEASITLAKMILDRAPKNMSKVYFGLGGADANETNVKLIWYYNNILGRPEKKKIISRWRGFHGSGLVTGSLTGLELFHKKFDLPVEQVIHTEAPYYFRREDLNQTEEQFVAHCVAELEALIEREGADTIAAFIGEPILGAGGIVPPPAGYWEAIQTVLNKHDILLVADEVVTGFGRLGTMFGSDHYGLVPDIITIAKGLTSAYAPLSGSIVSDKVWKVLEQGTDENGPIGHGWTYSAHPIGAAAGVANLKLLDELNLVSNAGEVGAYLNATMAEALSQHANVGDVRGEGLLCAVEFVKDRDSRTFFDAADVIGPQISAKLLEQDKIIARAMPQGDILGFAPPFCLTRAEADQVVEGTLRAVKAVLGSLEHHHHHH,0.14,0.061,0.171
3OODJ,Q406R:W59L:E280V:E29A,MLKNDQLDQWDRDNFFHPSTHLAQHARGASANRVIKTASGVFIEDRDGTKLLDAFAGLLCVNVGYGRQEIAEAIADQARELAYYHSFVGHGTEASITLAKMILDRAPKNMSKVYFGLGGSDANETNVKLIWYYNNILGRPEKKKIISRWRGFHGSGLVTGSLTGLELFHKKFDLPVEQVIHTEAPYYFRREDLNQTEEQFVAHCVAELEALIEREGADTIAAFIGEPILGAGGIVPPPAGYWEAIQTVLNKHDILLVADEVVTGFGRLGTMFGSDHYGLVPDIITIAKGLTSAYAPLSGSIVSDKVWKVLEQGTDENGPIGHGWTYSAHPIGAAAGVANLKLLDELNLVSNAGEVGAYLNATMAEALSQHANVGDVRGEGLLCAVEFVKDRDSRTFFDAADKIGPRISAKLLEQDKIIARAMPQGDILGFAPPFCLTRAEADQVVEGTLRAVKAVLGSLEHHHHHH,0.008,0.062,0.086
HDDP4,V262I:Q406A:P423L:H252Y,MLKNDQLDQWDRDNFFHPSTHLAQHARGESANRVIKTASGVFIEDRDGTKLLDAFAGLWCVNVGYGRQEIAEAIADQARELAYYHSFVGHGTEASITLAKMILDRAPKNMSKVYFGLGGSDANETNVKLIWYYNNILGRPEKKKIISRWRGFHGSGLVTGSLTGLELFHKKFDLPVEQVIHTEAPYYFRREDLNQTEEQFVAHCVAELEALIEREGADTIAAFIGEPILGAGGIVPPPAGYWEAIQTVLNKYDILLVADEVITGFGRLGTMFGSDHYGLEPDIITIAKGLTSAYAPLSGSIVSDKVWKVLEQGTDENGPIGHGWTYSAHPIGAAAGVANLKLLDELNLVSNAGEVGAYLNATMAEALSQHANVGDVRGEGLLCAVEFVKDRDSRTFFDAADKIGPAISAKLLEQDKIIARAMLQGDILGFAPPFCLTRAEADQVVEGTLRAVKAVLGSLEHHHHHH,0.037,0.189,0.314
X3HX0,C60V:R46H:D47E:S19F,MLKNDQLDQWDRDNFFHPFTHLAQHARGESANRVIKTASGVFIEDHEGTKLLDAFAGLWVVNVGYGRQEIAEAIADQARELAYYHSFVGHGTEASITLAKMILDRAPKNMSKVYFGLGGSDANETNVKLIWYYNNILGRPEKKKIISRWRGFHGSGLVTGSLTGLELFHKKFDLPVEQVIHTEAPYYFRREDLNQTEEQFVAHCVAELEALIEREGADTIAAFIGEPILGAGGIVPPPAGYWEAIQTVLNKHDILLVADEVVTGFGRLGTMFGSDHYGLEPDIITIAKGLTSAYAPLSGSIVSDKVWKVLEQGTDENGPIGHGWTYSAHPIGAAAGVANLKLLDELNLVSNAGEVGAYLNATMAEALSQHANVGDVRGEGLLCAVEFVKDRDSRTFFDAADKIGPQISAKLLEQDKIIARAMPQGDILGFAPPFCLTRAEADQVVEGTLRAVKAVLGSLEHHHHHH,0.01,0.123,0
6Y567,W59G:S155A:R214A:D392A,MLKNDQLDQWDRDNFFHPSTHLAQHARGESANRVIKTASGVFIEDRDGTKLLDAFAGLGCVNVGYGRQEIAEAIADQARELAYYHSFVGHGTEASITLAKMILDRAPKNMSKVYFGLGGSDANETNVKLIWYYNNILGRPEKKKIISRWRGFHGAGLVTGSLTGLELFHKKFDLPVEQVIHTEAPYYFRREDLNQTEEQFVAHCVAELEALIEAEGADTIAAFIGEPILGAGGIVPPPAGYWEAIQTVLNKHDILLVADEVVTGFGRLGTMFGSDHYGLEPDIITIAKGLTSAYAPLSGSIVSDKVWKVLEQGTDENGPIGHGWTYSAHPIGAAAGVANLKLLDELNLVSNAGEVGAYLNATMAEALSQHANVGDVRGEGLLCAVEFVKDRASRTFFDAADKIGPQISAKLLEQDKIIARAMPQGDILGFAPPFCLTRAEADQVVEGTLRAVKAVLGSLEHHHHHH,0,0,0.293
T5UH5,F152W:A231S:D401G:P281S,MLKNDQLDQWDRDNFFHPSTHLAQHARGESANRVIKTASGVFIEDRDGTKLLDAFAGLWCVNVGYGRQEIAEAIADQARELAYYHSFVGHGTEASITLAKMILDRAPKNMSKVYFGLGGSDANETNVKLIWYYNNILGRPEKKKIISRWRGWHGSGLVTGSLTGLELFHKKFDLPVEQVIHTEAPYYFRREDLNQTEEQFVAHCVAELEALIEREGADTIAAFIGEPILGSGGIVPPPAGYWEAIQTVLNKHDILLVADEVVTGFGRLGTMFGSDHYGLESDIITIAKGLTSAYAPLSGSIVSDKVWKVLEQGTDENGPIGHGWTYSAHPIGAAAGVANLKLLDELNLVSNAGEVGAYLNATMAEALSQHANVGDVRGEGLLCAVEFVKDRDSRTFFDAAGKIGPQISAKLLEQDKIIARAMPQGDILGFAPPFCLTRAEADQVVEGTLRAVKAVLGSLEHHHHHH,0.022,0.071,0
VYQ9B,L167N:L58W:P281A:M422A,MLKNDQLDQWDRDNFFHPSTHLAQHARGESANRVIKTASGVFIEDRDGTKLLDAFAGWWCVNVGYGRQEIAEAIADQARELAYYHSFVGHGTEASITLAKMILDRAPKNMSKVYFGLGGSDANETNVKLIWYYNNILGRPEKKKIISRWRGFHGSGLVTGSLTGLENFHKKFDLPVEQVIHTEAPYYFRREDLNQTEEQFVAHCVAELEALIEREGADTIAAFIGEPILGAGGIVPPPAGYWEAIQTVLNKHDILLVADEVVTGFGRLGTMFGSDHYGLEADIITIAKGLTSAYAPLSGSIVSDKVWKVLEQGTDENGPIGHGWTYSAHPIGAAAGVANLKLLDELNLVSNAGEVGAYLNATMAEALSQHANVGDVRGEGLLCAVEFVKDRDSRTFFDAADKIGPQISAKLLEQDKIIARAAPQGDILGFAPPFCLTRAEADQVVEGTLRAVKAVLGSLEHHHHHH,0.007,0.022,0
2AIV5,A231E:S86T:R46T:D47Q,MLKNDQLDQWDRDNFFHPSTHLAQHARGESANRVIKTASGVFIEDTQGTKLLDAFAGLWCVNVGYGRQEIAEAIADQARELAYYHTFVGHGTEASITLAKMILDRAPKNMSKVYFGLGGSDANETNVKLIWYYNNILGRPEKKKIISRWRGFHGSGLVTGSLTGLELFHKKFDLPVEQVIHTEAPYYFRREDLNQTEEQFVAHCVAELEALIEREGADTIAAFIGEPILGEGGIVPPPAGYWEAIQTVLNKHDILLVADEVVTGFGRLGTMFGSDHYGLEPDIITIAKGLTSAYAPLSGSIVSDKVWKVLEQGTDENGPIGHGWTYSAHPIGAAAGVANLKLLDELNLVSNAGEVGAYLNATMAEALSQHANVGDVRGEGLLCAVEFVKDRDSRTFFDAADKIGPQISAKLLEQDKIIARAMPQGDILGFAPPFCLTRAEADQVVEGTLRAVKAVLGSLEHHHHHH,0.016,0,0
HY0NG,A71V:G429Y:L58I:S393A,MLKNDQLDQWDRDNFFHPSTHLAQHARGESANRVIKTASGVFIEDRDGTKLLDAFAGIWCVNVGYGRQEIVEAIADQARELAYYHSFVGHGTEASITLAKMILDRAPKNMSKVYFGLGGSDANETNVKLIWYYNNILGRPEKKKIISRWRGFHGSGLVTGSLTGLELFHKKFDLPVEQVIHTEAPYYFRREDLNQTEEQFVAHCVAELEALIEREGADTIAAFIGEPILGAGGIVPPPAGYWEAIQTVLNKHDILLVADEVVTGFGRLGTMFGSDHYGLEPDIITIAKGLTSAYAPLSGSIVSDKVWKVLEQGTDENGPIGHGWTYSAHPIGAAAGVANLKLLDELNLVSNAGEVGAYLNATMAEALSQHANVGDVRGEGLLCAVEFVKDRDARTFFDAADKIGPQISAKLLEQDKIIARAMPQGDILYFAPPFCLTRAEADQVVEGTLRAVKAVLGSLEHHHHHH,0.0,0.097,0
SMVZB,K402V:A231V:H252Y:S155V,MLKNDQLDQWDRDNFFHPSTHLAQHARGESANRVIKTASGVFIEDRDGTKLLDAFAGLWCVNVGYGRQEIAEAIADQARELAYYHSFVGHGTEASITLAKMILDRAPKNMSKVYFGLGGSDANETNVKLIWYYNNILGRPEKKKIISRWRGFHGVGLVTGSLTGLELFHKKFDLPVEQVIHTEAPYYFRREDLNQTEEQFVAHCVAELEALIEREGADTIAAFIGEPILGVGGIVPPPAGYWEAIQTVLNKYDILLVADEVVTGFGRLGTMFGSDHYGLEPDIITIAKGLTSAYAPLSGSIVSDKVWKVLEQGTDENGPIGHGWTYSAHPIGAAAGVANLKLLDELNLVSNAGEVGAYLNATMAEALSQHANVGDVRGEGLLCAVEFVKDRDSRTFFDAADVIGPQISAKLLEQDKIIARAMPQGDILGFAPPFCLTRAEADQVVEGTLRAVKAVLGSLEHHHHHH,0.001,0,0.343
N0L4S,F152Y:L167S:P281S:M422A,MLKNDQLDQWDRDNFFHPSTHLAQHARGESANRVIKTASGVFIEDRDGTKLLDAFAGLWCVNVGYGRQEIAEAIADQARELAYYHSFVGHGTEASITLAKMILDRAPKNMSKVYFGLGGSDANETNVKLIWYYNNILGRPEKKKIISRWRGYHGSGLVTGSLTGLESFHKKFDLPVEQVIHTEAPYYFRREDLNQTEEQFVAHCVAELEALIEREGADTIAAFIGEPILGAGGIVPPPAGYWEAIQTVLNKHDILLVADEVVTGFGRLGTMFGSDHYGLESDIITIAKGLTSAYAPLSGSIVSDKVWKVLEQGTDENGPIGHGWTYSAHPIGAAAGVANLKLLDELNLVSNAGEVGAYLNATMAEALSQHANVGDVRGEGLLCAVEFVKDRDSRTFFDAADKIGPQISAKLLEQDKIIARAAPQGDILGFAPPFCLTRAEADQVVEGTLRAVKAVLGSLEHHHHHH,0.219,0.031,0.087
BQ3EU,F152Y:E280K:E177G:Y83H,MLKNDQLDQWDRDNFFHPSTHLAQHARGESANRVIKTASGVFIEDRDGTKLLDAFAGLWCVNVGYGRQEIAEAIADQARELAHYHSFVGHGTEASITLAKMILDRAPKNMSKVYFGLGGSDANETNVKLIWYYNNILGRPEKKKIISRWRGYHGSGLVTGSLTGLELFHKKFDLPVGQVIHTEAPYYFRREDLNQTEEQFVAHCVAELEALIEREGADTIAAFIGEPILGAGGIVPPPAGYWEAIQTVLNKHDILLVADEVVTGFGRLGTMFGSDHYGLKPDIITIAKGLTSAYAPLSGSIVSDKVWKVLEQGTDENGPIGHGWTYSAHPIGAAAGVANLKLLDELNLVSNAGEVGAYLNATMAEALSQHANVGDVRGEGLLCAVEFVKDRDSRTFFDAADKIGPQISAKLLEQDKIIARAMPQGDILGFAPPFCLTRAEADQVVEGTLRAVKAVLGSLEHHHHHH,0.005,0.023,0
G3FOB,H85G:R46T:Q369D:A399Q,MLKNDQLDQWDRDNFFHPSTHLAQHARGESANRVIKTASGVFIEDTDGTKLLDAFAGLWCVNVGYGRQEIAEAIADQARELAYYGSFVGHGTEASITLAKMILDRAPKNMSKVYFGLGGSDANETNVKLIWYYNNILGRPEKKKIISRWRGFHGSGLVTGSLTGLELFHKKFDLPVEQVIHTEAPYYFRREDLNQTEEQFVAHCVAELEALIEREGADTIAAFIGEPILGAGGIVPPPAGYWEAIQTVLNKHDILLVADEVVTGFGRLGTMFGSDHYGLEPDIITIAKGLTSAYAPLSGSIVSDKVWKVLEQGTDENGPIGHGWTYSAHPIGAAAGVANLKLLDELNLVSNAGEVGAYLNATMAEALSDHANVGDVRGEGLLCAVEFVKDRDSRTFFDQADKIGPQISAKLLEQDKIIARAMPQGDILGFAPPFCLTRAEADQVVEGTLRAVKAVLGSLEHHHHHH,0.008,0.018,0
N080Z,P423L:A231G:Q369D:H90R,MLKNDQLDQWDRDNFFHPSTHLAQHARGESANRVIKTASGVFIEDRDGTKLLDAFAGLWCVNVGYGRQEIAEAIADQARELAYYHSFVGRGTEASITLAKMILDRAPKNMSKVYFGLGGSDANETNVKLIWYYNNILGRPEKKKIISRWRGFHGSGLVTGSLTGLELFHKKFDLPVEQVIHTEAPYYFRREDLNQTEEQFVAHCVAELEALIEREGADTIAAFIGEPILGGGGIVPPPAGYWEAIQTVLNKHDILLVADEVVTGFGRLGTMFGSDHYGLEPDIITIAKGLTSAYAPLSGSIVSDKVWKVLEQGTDENGPIGHGWTYSAHPIGAAAGVANLKLLDELNLVSNAGEVGAYLNATMAEALSDHANVGDVRGEGLLCAVEFVKDRDSRTFFDAADKIGPQISAKLLEQDKIIARAMLQGDILGFAPPFCLTRAEADQVVEGTLRAVKAVLGSLEHHHHHH,0.041,0.104,0
03H5O,Q406R:W59F:F152W:D401L,MLKNDQLDQWDRDNFFHPSTHLAQHARGESANRVIKTASGVFIEDRDGTKLLDAFAGLFCVNVGYGRQEIAEAIADQARELAYYHSFVGHGTEASITLAKMILDRAPKNMSKVYFGLGGSDANETNVKLIWYYNNILGRPEKKKIISRWRGWHGSGLVTGSLTGLELFHKKFDLPVEQVIHTEAPYYFRREDLNQTEEQFVAHCVAELEALIEREGADTIAAFIGEPILGAGGIVPPPAGYWEAIQTVLNKHDILLVADEVVTGFGRLGTMFGSDHYGLEPDIITIAKGLTSAYAPLSGSIVSDKVWKVLEQGTDENGPIGHGWTYSAHPIGAAAGVANLKLLDELNLVSNAGEVGAYLNATMAEALSQHANVGDVRGEGLLCAVEFVKDRDSRTFFDAALKIGPRISAKLLEQDKIIARAMPQGDILGFAPPFCLTRAEADQVVEGTLRAVKAVLGSLEHHHHHH,0.007,0.001,0.002
BC3BZ,H85M:E29A:Q369G:R391P,MLKNDQLDQWDRDNFFHPSTHLAQHARGASANRVIKTASGVFIEDRDGTKLLDAFAGLWCVNVGYGRQEIAEAIADQARELAYYMSFVGHGTEASITLAKMILDRAPKNMSKVYFGLGGSDANETNVKLIWYYNNILGRPEKKKIISRWRGFHGSGLVTGSLTGLELFHKKFDLPVEQVIHTEAPYYFRREDLNQTEEQFVAHCVAELEALIEREGADTIAAFIGEPILGAGGIVPPPAGYWEAIQTVLNKHDILLVADEVVTGFGRLGTMFGSDHYGLEPDIITIAKGLTSAYAPLSGSIVSDKVWKVLEQGTDENGPIGHGWTYSAHPIGAAAGVANLKLLDELNLVSNAGEVGAYLNATMAEALSGHANVGDVRGEGLLCAVEFVKDPDSRTFFDAADKIGPQISAKLLEQDKIIARAMPQGDILGFAPPFCLTRAEADQVVEGTLRAVKAVLGSLEHHHHHH,0.039,0,0.042
MZXFN,E177A:Q369G:F397L:S19Y,MLKNDQLDQWDRDNFFHPYTHLAQHARGESANRVIKTASGVFIEDRDGTKLLDAFAGLWCVNVGYGRQEIAEAIADQARELAYYHSFVGHGTEASITLAKMILDRAPKNMSKVYFGLGGSDANETNVKLIWYYNNILGRPEKKKIISRWRGFHGSGLVTGSLTGLELFHKKFDLPVAQVIHTEAPYYFRREDLNQTEEQFVAHCVAELEALIEREGADTIAAFIGEPILGAGGIVPPPAGYWEAIQTVLNKHDILLVADEVVTGFGRLGTMFGSDHYGLEPDIITIAKGLTSAYAPLSGSIVSDKVWKVLEQGTDENGPIGHGWTYSAHPIGAAAGVANLKLLDELNLVSNAGEVGAYLNATMAEALSGHANVGDVRGEGLLCAVEFVKDRDSRTFLDAADKIGPQISAKLLEQDKIIARAMPQGDILGFAPPFCLTRAEADQVVEGTLRAVKAVLGSLEHHHHHH,0.118,0,0.125
Z293D,P423Q:F87Y:F152Y:A231E,MLKNDQLDQWDRDNFFHPSTHLAQHARGESANRVIKTASGVFIEDRDGTKLLDAFAGLWCVNVGYGRQEIAEAIADQARELAYYHSYVGHGTEASITLAKMILDRAPKNMSKVYFGLGGSDANETNVKLIWYYNNILGRPEKKKIISRWRGYHGSGLVTGSLTGLELFHKKFDLPVEQVIHTEAPYYFRREDLNQTEEQFVAHCVAELEALIEREGADTIAAFIGEPILGEGGIVPPPAGYWEAIQTVLNKHDILLVADEVVTGFGRLGTMFGSDHYGLEPDIITIAKGLTSAYAPLSGSIVSDKVWKVLEQGTDENGPIGHGWTYSAHPIGAAAGVANLKLLDELNLVSNAGEVGAYLNATMAEALSQHANVGDVRGEGLLCAVEFVKDRDSRTFFDAADKIGPQISAKLLEQDKIIARAMQQGDILGFAPPFCLTRAEADQVVEGTLRAVKAVLGSLEHHHHHH,0.004,0,0.013
KRCOV,P423A:S368A:A56S:S19W,MLKNDQLDQWDRDNFFHPWTHLAQHARGESANRVIKTASGVFIEDRDGTKLLDAFSGLWCVNVGYGRQEIAEAIADQARELAYYHSFVGHGTEASITLAKMILDRAPKNMSKVYFGLGGSDANETNVKLIWYYNNILGRPEKKKIISRWRGFHGSGLVTGSLTGLELFHKKFDLPVEQVIHTEAPYYFRREDLNQTEEQFVAHCVAELEALIEREGADTIAAFIGEPILGAGGIVPPPAGYWEAIQTVLNKHDILLVADEVVTGFGRLGTMFGSDHYGLEPDIITIAKGLTSAYAPLSGSIVSDKVWKVLEQGTDENGPIGHGWTYSAHPIGAAAGVANLKLLDELNLVSNAGEVGAYLNATMAEALAQHANVGDVRGEGLLCAVEFVKDRDSRTFFDAADKIGPQISAKLLEQDKIIARAMAQGDILGFAPPFCLTRAEADQVVEGTLRAVKAVLGSLEHHHHHH,0.908,0.343,0.774
