Unnamed: 0,mutant,mutated_sequence,expression_skip,melting point,activity
0,C167K,NTFIFPATFMWGTSTSSYQIEGGTDEGGRTPSIWDTFCQIPGKVIGGDCGDVACDHFHHFKEDVQLMKQLGFLHYRFSVAWPRIMPAAGIINEEGLLFYEHLLDEIELAGLIPMLTLYHWDLPQWIEDEGGWTQRETIQHFKTYASVIMDRFGERINWWNTINEPYKASILGYGTGEHAPGHENWREAFTAAHHILMCHGIASNLHKEKGLTGKIGITLNMEHVDAASERPEDVAAAIRRDGFINRWFAEPLFNGKYPEDMVEWYGTYLNGLDFVQPGDMELIQQPGDFLGINYYTRSIIRSTNDASLLQVEQVHMEEPVTDMGWEIHPESFYKLLTRIEKDFSKGLPILITENGAAMRDELVNGQIEDTGRHGYIEEHLKACHRFIEEGGQLKGYFVWSFLDNFEWAWGYSKRFGIVHINYETQERTPKQSALWFKQMMAKNGF,-0.2487686927740427,1.2480785966909504,-0.1757691802093386
1,F57A,NTFIFPATFMWGTSTSSYQIEGGTDEGGRTPSIWDTFCQIPGKVIGGDCGDVACDHAHHFKEDVQLMKQLGFLHYRFSVAWPRIMPAAGIINEEGLLFYEHLLDEIELAGLIPMLTLYHWDLPQWIEDEGGWTQRETIQHFKTYASVIMDRFGERINWWNTINEPYCASILGYGTGEHAPGHENWREAFTAAHHILMCHGIASNLHKEKGLTGKIGITLNMEHVDAASERPEDVAAAIRRDGFINRWFAEPLFNGKYPEDMVEWYGTYLNGLDFVQPGDMELIQQPGDFLGINYYTRSIIRSTNDASLLQVEQVHMEEPVTDMGWEIHPESFYKLLTRIEKDFSKGLPILITENGAAMRDELVNGQIEDTGRHGYIEEHLKACHRFIEEGGQLKGYFVWSFLDNFEWAWGYSKRFGIVHINYETQERTPKQSALWFKQMMAKNGF,-0.007448787137981,-0.0596360213466781,0.0600415821602392
2,D150N,NTFIFPATFMWGTSTSSYQIEGGTDEGGRTPSIWDTFCQIPGKVIGGDCGDVACDHFHHFKEDVQLMKQLGFLHYRFSVAWPRIMPAAGIINEEGLLFYEHLLDEIELAGLIPMLTLYHWDLPQWIEDEGGWTQRETIQHFKTYASVIMNRFGERINWWNTINEPYCASILGYGTGEHAPGHENWREAFTAAHHILMCHGIASNLHKEKGLTGKIGITLNMEHVDAASERPEDVAAAIRRDGFINRWFAEPLFNGKYPEDMVEWYGTYLNGLDFVQPGDMELIQQPGDFLGINYYTRSIIRSTNDASLLQVEQVHMEEPVTDMGWEIHPESFYKLLTRIEKDFSKGLPILITENGAAMRDELVNGQIEDTGRHGYIEEHLKACHRFIEEGGQLKGYFVWSFLDNFEWAWGYSKRFGIVHINYETQERTPKQSALWFKQMMAKNGF,0.045989040494451,-0.0730128671537428,0.0731710951584333
3,E62Y,NTFIFPATFMWGTSTSSYQIEGGTDEGGRTPSIWDTFCQIPGKVIGGDCGDVACDHFHHFKYDVQLMKQLGFLHYRFSVAWPRIMPAAGIINEEGLLFYEHLLDEIELAGLIPMLTLYHWDLPQWIEDEGGWTQRETIQHFKTYASVIMDRFGERINWWNTINEPYCASILGYGTGEHAPGHENWREAFTAAHHILMCHGIASNLHKEKGLTGKIGITLNMEHVDAASERPEDVAAAIRRDGFINRWFAEPLFNGKYPEDMVEWYGTYLNGLDFVQPGDMELIQQPGDFLGINYYTRSIIRSTNDASLLQVEQVHMEEPVTDMGWEIHPESFYKLLTRIEKDFSKGLPILITENGAAMRDELVNGQIEDTGRHGYIEEHLKACHRFIEEGGQLKGYFVWSFLDNFEWAWGYSKRFGIVHINYETQERTPKQSALWFKQMMAKNGF,-0.0055628746203373,-0.0085504854412458,0.0342677525107078
4,L108S,NTFIFPATFMWGTSTSSYQIEGGTDEGGRTPSIWDTFCQIPGKVIGGDCGDVACDHFHHFKEDVQLMKQLGFLHYRFSVAWPRIMPAAGIINEEGLLFYEHLLDEIESAGLIPMLTLYHWDLPQWIEDEGGWTQRETIQHFKTYASVIMDRFGERINWWNTINEPYCASILGYGTGEHAPGHENWREAFTAAHHILMCHGIASNLHKEKGLTGKIGITLNMEHVDAASERPEDVAAAIRRDGFINRWFAEPLFNGKYPEDMVEWYGTYLNGLDFVQPGDMELIQQPGDFLGINYYTRSIIRSTNDASLLQVEQVHMEEPVTDMGWEIHPESFYKLLTRIEKDFSKGLPILITENGAAMRDELVNGQIEDTGRHGYIEEHLKACHRFIEEGGQLKGYFVWSFLDNFEWAWGYSKRFGIVHINYETQERTPKQSALWFKQMMAKNGF,-0.0027163982507251,-0.138481283828118,0.0720812713469137
5,W399N,NTFIFPATFMWGTSTSSYQIEGGTDEGGRTPSIWDTFCQIPGKVIGGDCGDVACDHFHHFKEDVQLMKQLGFLHYRFSVAWPRIMPAAGIINEEGLLFYEHLLDEIELAGLIPMLTLYHWDLPQWIEDEGGWTQRETIQHFKTYASVIMDRFGERINWWNTINEPYCASILGYGTGEHAPGHENWREAFTAAHHILMCHGIASNLHKEKGLTGKIGITLNMEHVDAASERPEDVAAAIRRDGFINRWFAEPLFNGKYPEDMVEWYGTYLNGLDFVQPGDMELIQQPGDFLGINYYTRSIIRSTNDASLLQVEQVHMEEPVTDMGWEIHPESFYKLLTRIEKDFSKGLPILITENGAAMRDELVNGQIEDTGRHGYIEEHLKACHRFIEEGGQLKGYFVNSFLDNFEWAWGYSKRFGIVHINYETQERTPKQSALWFKQMMAKNGF,-0.1807274689488333,0.4060911038193867,-0.1778008822198048
6,T218N,NTFIFPATFMWGTSTSSYQIEGGTDEGGRTPSIWDTFCQIPGKVIGGDCGDVACDHFHHFKEDVQLMKQLGFLHYRFSVAWPRIMPAAGIINEEGLLFYEHLLDEIELAGLIPMLTLYHWDLPQWIEDEGGWTQRETIQHFKTYASVIMDRFGERINWWNTINEPYCASILGYGTGEHAPGHENWREAFTAAHHILMCHGIASNLHKEKGLTGKIGINLNMEHVDAASERPEDVAAAIRRDGFINRWFAEPLFNGKYPEDMVEWYGTYLNGLDFVQPGDMELIQQPGDFLGINYYTRSIIRSTNDASLLQVEQVHMEEPVTDMGWEIHPESFYKLLTRIEKDFSKGLPILITENGAAMRDELVNGQIEDTGRHGYIEEHLKACHRFIEEGGQLKGYFVWSFLDNFEWAWGYSKRFGIVHINYETQERTPKQSALWFKQMMAKNGF,-0.0498673490747876,-0.1161552459145279,0.0146866569434311
7,A408S,NTFIFPATFMWGTSTSSYQIEGGTDEGGRTPSIWDTFCQIPGKVIGGDCGDVACDHFHHFKEDVQLMKQLGFLHYRFSVAWPRIMPAAGIINEEGLLFYEHLLDEIELAGLIPMLTLYHWDLPQWIEDEGGWTQRETIQHFKTYASVIMDRFGERINWWNTINEPYCASILGYGTGEHAPGHENWREAFTAAHHILMCHGIASNLHKEKGLTGKIGITLNMEHVDAASERPEDVAAAIRRDGFINRWFAEPLFNGKYPEDMVEWYGTYLNGLDFVQPGDMELIQQPGDFLGINYYTRSIIRSTNDASLLQVEQVHMEEPVTDMGWEIHPESFYKLLTRIEKDFSKGLPILITENGAAMRDELVNGQIEDTGRHGYIEEHLKACHRFIEEGGQLKGYFVWSFLDNFEWSWGYSKRFGIVHINYETQERTPKQSALWFKQMMAKNGF,-0.0072501704165277,-0.0214908978831863,0.0639456136743474
8,S228E,NTFIFPATFMWGTSTSSYQIEGGTDEGGRTPSIWDTFCQIPGKVIGGDCGDVACDHFHHFKEDVQLMKQLGFLHYRFSVAWPRIMPAAGIINEEGLLFYEHLLDEIELAGLIPMLTLYHWDLPQWIEDEGGWTQRETIQHFKTYASVIMDRFGERINWWNTINEPYCASILGYGTGEHAPGHENWREAFTAAHHILMCHGIASNLHKEKGLTGKIGITLNMEHVDAAEERPEDVAAAIRRDGFINRWFAEPLFNGKYPEDMVEWYGTYLNGLDFVQPGDMELIQQPGDFLGINYYTRSIIRSTNDASLLQVEQVHMEEPVTDMGWEIHPESFYKLLTRIEKDFSKGLPILITENGAAMRDELVNGQIEDTGRHGYIEEHLKACHRFIEEGGQLKGYFVWSFLDNFEWAWGYSKRFGIVHINYETQERTPKQSALWFKQMMAKNGF,0.0323739654660329,-0.0121764679663039,0.0745524954752167
9,I20V,NTFIFPATFMWGTSTSSYQVEGGTDEGGRTPSIWDTFCQIPGKVIGGDCGDVACDHFHHFKEDVQLMKQLGFLHYRFSVAWPRIMPAAGIINEEGLLFYEHLLDEIELAGLIPMLTLYHWDLPQWIEDEGGWTQRETIQHFKTYASVIMDRFGERINWWNTINEPYCASILGYGTGEHAPGHENWREAFTAAHHILMCHGIASNLHKEKGLTGKIGITLNMEHVDAASERPEDVAAAIRRDGFINRWFAEPLFNGKYPEDMVEWYGTYLNGLDFVQPGDMELIQQPGDFLGINYYTRSIIRSTNDASLLQVEQVHMEEPVTDMGWEIHPESFYKLLTRIEKDFSKGLPILITENGAAMRDELVNGQIEDTGRHGYIEEHLKACHRFIEEGGQLKGYFVWSFLDNFEWAWGYSKRFGIVHINYETQERTPKQSALWFKQMMAKNGF,-0.0032695708723217,-0.0963881192732983,0.0375570892880171
10,H315Q,NTFIFPATFMWGTSTSSYQIEGGTDEGGRTPSIWDTFCQIPGKVIGGDCGDVACDHFHHFKEDVQLMKQLGFLHYRFSVAWPRIMPAAGIINEEGLLFYEHLLDEIELAGLIPMLTLYHWDLPQWIEDEGGWTQRETIQHFKTYASVIMDRFGERINWWNTINEPYCASILGYGTGEHAPGHENWREAFTAAHHILMCHGIASNLHKEKGLTGKIGITLNMEHVDAASERPEDVAAAIRRDGFINRWFAEPLFNGKYPEDMVEWYGTYLNGLDFVQPGDMELIQQPGDFLGINYYTRSIIRSTNDASLLQVEQVQMEEPVTDMGWEIHPESFYKLLTRIEKDFSKGLPILITENGAAMRDELVNGQIEDTGRHGYIEEHLKACHRFIEEGGQLKGYFVWSFLDNFEWAWGYSKRFGIVHINYETQERTPKQSALWFKQMMAKNGF,0.1202172395142268,-0.0981856394131046,0.3123261973821944
11,E312A,NTFIFPATFMWGTSTSSYQIEGGTDEGGRTPSIWDTFCQIPGKVIGGDCGDVACDHFHHFKEDVQLMKQLGFLHYRFSVAWPRIMPAAGIINEEGLLFYEHLLDEIELAGLIPMLTLYHWDLPQWIEDEGGWTQRETIQHFKTYASVIMDRFGERINWWNTINEPYCASILGYGTGEHAPGHENWREAFTAAHHILMCHGIASNLHKEKGLTGKIGITLNMEHVDAASERPEDVAAAIRRDGFINRWFAEPLFNGKYPEDMVEWYGTYLNGLDFVQPGDMELIQQPGDFLGINYYTRSIIRSTNDASLLQVAQVHMEEPVTDMGWEIHPESFYKLLTRIEKDFSKGLPILITENGAAMRDELVNGQIEDTGRHGYIEEHLKACHRFIEEGGQLKGYFVWSFLDNFEWAWGYSKRFGIVHINYETQERTPKQSALWFKQMMAKNGF,0.1265232743580359,0.0535727762573919,0.0401601991934259
12,Q285A,NTFIFPATFMWGTSTSSYQIEGGTDEGGRTPSIWDTFCQIPGKVIGGDCGDVACDHFHHFKEDVQLMKQLGFLHYRFSVAWPRIMPAAGIINEEGLLFYEHLLDEIELAGLIPMLTLYHWDLPQWIEDEGGWTQRETIQHFKTYASVIMDRFGERINWWNTINEPYCASILGYGTGEHAPGHENWREAFTAAHHILMCHGIASNLHKEKGLTGKIGITLNMEHVDAASERPEDVAAAIRRDGFINRWFAEPLFNGKYPEDMVEWYGTYLNGLDFVQPGDMELIQAPGDFLGINYYTRSIIRSTNDASLLQVEQVHMEEPVTDMGWEIHPESFYKLLTRIEKDFSKGLPILITENGAAMRDELVNGQIEDTGRHGYIEEHLKACHRFIEEGGQLKGYFVWSFLDNFEWAWGYSKRFGIVHINYETQERTPKQSALWFKQMMAKNGF,0.0132955230122972,-0.0237026568060105,0.073447659286779
13,R76N,NTFIFPATFMWGTSTSSYQIEGGTDEGGRTPSIWDTFCQIPGKVIGGDCGDVACDHFHHFKEDVQLMKQLGFLHYNFSVAWPRIMPAAGIINEEGLLFYEHLLDEIELAGLIPMLTLYHWDLPQWIEDEGGWTQRETIQHFKTYASVIMDRFGERINWWNTINEPYCASILGYGTGEHAPGHENWREAFTAAHHILMCHGIASNLHKEKGLTGKIGITLNMEHVDAASERPEDVAAAIRRDGFINRWFAEPLFNGKYPEDMVEWYGTYLNGLDFVQPGDMELIQQPGDFLGINYYTRSIIRSTNDASLLQVEQVHMEEPVTDMGWEIHPESFYKLLTRIEKDFSKGLPILITENGAAMRDELVNGQIEDTGRHGYIEEHLKACHRFIEEGGQLKGYFVWSFLDNFEWAWGYSKRFGIVHINYETQERTPKQSALWFKQMMAKNGF,-0.322344070630794,0.0175121858515966,-0.0515777749018434
14,I20A,NTFIFPATFMWGTSTSSYQAEGGTDEGGRTPSIWDTFCQIPGKVIGGDCGDVACDHFHHFKEDVQLMKQLGFLHYRFSVAWPRIMPAAGIINEEGLLFYEHLLDEIELAGLIPMLTLYHWDLPQWIEDEGGWTQRETIQHFKTYASVIMDRFGERINWWNTINEPYCASILGYGTGEHAPGHENWREAFTAAHHILMCHGIASNLHKEKGLTGKIGITLNMEHVDAASERPEDVAAAIRRDGFINRWFAEPLFNGKYPEDMVEWYGTYLNGLDFVQPGDMELIQQPGDFLGINYYTRSIIRSTNDASLLQVEQVHMEEPVTDMGWEIHPESFYKLLTRIEKDFSKGLPILITENGAAMRDELVNGQIEDTGRHGYIEEHLKACHRFIEEGGQLKGYFVWSFLDNFEWAWGYSKRFGIVHINYETQERTPKQSALWFKQMMAKNGF,-0.0503631994301518,-0.2800415701635343,-0.0360788885377483
15,W409S,NTFIFPATFMWGTSTSSYQIEGGTDEGGRTPSIWDTFCQIPGKVIGGDCGDVACDHFHHFKEDVQLMKQLGFLHYRFSVAWPRIMPAAGIINEEGLLFYEHLLDEIELAGLIPMLTLYHWDLPQWIEDEGGWTQRETIQHFKTYASVIMDRFGERINWWNTINEPYCASILGYGTGEHAPGHENWREAFTAAHHILMCHGIASNLHKEKGLTGKIGITLNMEHVDAASERPEDVAAAIRRDGFINRWFAEPLFNGKYPEDMVEWYGTYLNGLDFVQPGDMELIQQPGDFLGINYYTRSIIRSTNDASLLQVEQVHMEEPVTDMGWEIHPESFYKLLTRIEKDFSKGLPILITENGAAMRDELVNGQIEDTGRHGYIEEHLKACHRFIEEGGQLKGYFVWSFLDNFEWASGYSKRFGIVHINYETQERTPKQSALWFKQMMAKNGF,0.1837821851428621,-0.8686118521317187,0.2118068739105794
16,F332H,NTFIFPATFMWGTSTSSYQIEGGTDEGGRTPSIWDTFCQIPGKVIGGDCGDVACDHFHHFKEDVQLMKQLGFLHYRFSVAWPRIMPAAGIINEEGLLFYEHLLDEIELAGLIPMLTLYHWDLPQWIEDEGGWTQRETIQHFKTYASVIMDRFGERINWWNTINEPYCASILGYGTGEHAPGHENWREAFTAAHHILMCHGIASNLHKEKGLTGKIGITLNMEHVDAASERPEDVAAAIRRDGFINRWFAEPLFNGKYPEDMVEWYGTYLNGLDFVQPGDMELIQQPGDFLGINYYTRSIIRSTNDASLLQVEQVHMEEPVTDMGWEIHPESHYKLLTRIEKDFSKGLPILITENGAAMRDELVNGQIEDTGRHGYIEEHLKACHRFIEEGGQLKGYFVWSFLDNFEWAWGYSKRFGIVHINYETQERTPKQSALWFKQMMAKNGF,-0.1250687610447464,-0.2188004711833452,-0.0046025551093099
17,Y295H,NTFIFPATFMWGTSTSSYQIEGGTDEGGRTPSIWDTFCQIPGKVIGGDCGDVACDHFHHFKEDVQLMKQLGFLHYRFSVAWPRIMPAAGIINEEGLLFYEHLLDEIELAGLIPMLTLYHWDLPQWIEDEGGWTQRETIQHFKTYASVIMDRFGERINWWNTINEPYCASILGYGTGEHAPGHENWREAFTAAHHILMCHGIASNLHKEKGLTGKIGITLNMEHVDAASERPEDVAAAIRRDGFINRWFAEPLFNGKYPEDMVEWYGTYLNGLDFVQPGDMELIQQPGDFLGINYHTRSIIRSTNDASLLQVEQVHMEEPVTDMGWEIHPESFYKLLTRIEKDFSKGLPILITENGAAMRDELVNGQIEDTGRHGYIEEHLKACHRFIEEGGQLKGYFVWSFLDNFEWAWGYSKRFGIVHINYETQERTPKQSALWFKQMMAKNGF,-0.1673492013182932,-0.1155391749321074,-0.0779843955220778
18,E281V,NTFIFPATFMWGTSTSSYQIEGGTDEGGRTPSIWDTFCQIPGKVIGGDCGDVACDHFHHFKEDVQLMKQLGFLHYRFSVAWPRIMPAAGIINEEGLLFYEHLLDEIELAGLIPMLTLYHWDLPQWIEDEGGWTQRETIQHFKTYASVIMDRFGERINWWNTINEPYCASILGYGTGEHAPGHENWREAFTAAHHILMCHGIASNLHKEKGLTGKIGITLNMEHVDAASERPEDVAAAIRRDGFINRWFAEPLFNGKYPEDMVEWYGTYLNGLDFVQPGDMVLIQQPGDFLGINYYTRSIIRSTNDASLLQVEQVHMEEPVTDMGWEIHPESFYKLLTRIEKDFSKGLPILITENGAAMRDELVNGQIEDTGRHGYIEEHLKACHRFIEEGGQLKGYFVWSFLDNFEWAWGYSKRFGIVHINYETQERTPKQSALWFKQMMAKNGF,0.0804484730567005,0.0011376404051364,0.0448350084669595
19,T36N,NTFIFPATFMWGTSTSSYQIEGGTDEGGRTPSIWDNFCQIPGKVIGGDCGDVACDHFHHFKEDVQLMKQLGFLHYRFSVAWPRIMPAAGIINEEGLLFYEHLLDEIELAGLIPMLTLYHWDLPQWIEDEGGWTQRETIQHFKTYASVIMDRFGERINWWNTINEPYCASILGYGTGEHAPGHENWREAFTAAHHILMCHGIASNLHKEKGLTGKIGITLNMEHVDAASERPEDVAAAIRRDGFINRWFAEPLFNGKYPEDMVEWYGTYLNGLDFVQPGDMELIQQPGDFLGINYYTRSIIRSTNDASLLQVEQVHMEEPVTDMGWEIHPESFYKLLTRIEKDFSKGLPILITENGAAMRDELVNGQIEDTGRHGYIEEHLKACHRFIEEGGQLKGYFVWSFLDNFEWAWGYSKRFGIVHINYETQERTPKQSALWFKQMMAKNGF,-0.0862621895890356,-0.0507112925012219,0.0138155370377867
20,H379F,NTFIFPATFMWGTSTSSYQIEGGTDEGGRTPSIWDTFCQIPGKVIGGDCGDVACDHFHHFKEDVQLMKQLGFLHYRFSVAWPRIMPAAGIINEEGLLFYEHLLDEIELAGLIPMLTLYHWDLPQWIEDEGGWTQRETIQHFKTYASVIMDRFGERINWWNTINEPYCASILGYGTGEHAPGHENWREAFTAAHHILMCHGIASNLHKEKGLTGKIGITLNMEHVDAASERPEDVAAAIRRDGFINRWFAEPLFNGKYPEDMVEWYGTYLNGLDFVQPGDMELIQQPGDFLGINYYTRSIIRSTNDASLLQVEQVHMEEPVTDMGWEIHPESFYKLLTRIEKDFSKGLPILITENGAAMRDELVNGQIEDTGRHGYIEEFLKACHRFIEEGGQLKGYFVWSFLDNFEWAWGYSKRFGIVHINYETQERTPKQSALWFKQMMAKNGF,-0.1744565232118749,0.0915513886132337,-0.1296743567144609
21,R240A,NTFIFPATFMWGTSTSSYQIEGGTDEGGRTPSIWDTFCQIPGKVIGGDCGDVACDHFHHFKEDVQLMKQLGFLHYRFSVAWPRIMPAAGIINEEGLLFYEHLLDEIELAGLIPMLTLYHWDLPQWIEDEGGWTQRETIQHFKTYASVIMDRFGERINWWNTINEPYCASILGYGTGEHAPGHENWREAFTAAHHILMCHGIASNLHKEKGLTGKIGITLNMEHVDAASERPEDVAAAIRADGFINRWFAEPLFNGKYPEDMVEWYGTYLNGLDFVQPGDMELIQQPGDFLGINYYTRSIIRSTNDASLLQVEQVHMEEPVTDMGWEIHPESFYKLLTRIEKDFSKGLPILITENGAAMRDELVNGQIEDTGRHGYIEEHLKACHRFIEEGGQLKGYFVWSFLDNFEWAWGYSKRFGIVHINYETQERTPKQSALWFKQMMAKNGF,-0.0089546192363394,0.0162257972394201,0.1258806932924718
22,Y75C,NTFIFPATFMWGTSTSSYQIEGGTDEGGRTPSIWDTFCQIPGKVIGGDCGDVACDHFHHFKEDVQLMKQLGFLHCRFSVAWPRIMPAAGIINEEGLLFYEHLLDEIELAGLIPMLTLYHWDLPQWIEDEGGWTQRETIQHFKTYASVIMDRFGERINWWNTINEPYCASILGYGTGEHAPGHENWREAFTAAHHILMCHGIASNLHKEKGLTGKIGITLNMEHVDAASERPEDVAAAIRRDGFINRWFAEPLFNGKYPEDMVEWYGTYLNGLDFVQPGDMELIQQPGDFLGINYYTRSIIRSTNDASLLQVEQVHMEEPVTDMGWEIHPESFYKLLTRIEKDFSKGLPILITENGAAMRDELVNGQIEDTGRHGYIEEHLKACHRFIEEGGQLKGYFVWSFLDNFEWAWGYSKRFGIVHINYETQERTPKQSALWFKQMMAKNGF,-0.0509615271210273,-0.0507144907112547,0.0542770729456318
23,F397Y,NTFIFPATFMWGTSTSSYQIEGGTDEGGRTPSIWDTFCQIPGKVIGGDCGDVACDHFHHFKEDVQLMKQLGFLHYRFSVAWPRIMPAAGIINEEGLLFYEHLLDEIELAGLIPMLTLYHWDLPQWIEDEGGWTQRETIQHFKTYASVIMDRFGERINWWNTINEPYCASILGYGTGEHAPGHENWREAFTAAHHILMCHGIASNLHKEKGLTGKIGITLNMEHVDAASERPEDVAAAIRRDGFINRWFAEPLFNGKYPEDMVEWYGTYLNGLDFVQPGDMELIQQPGDFLGINYYTRSIIRSTNDASLLQVEQVHMEEPVTDMGWEIHPESFYKLLTRIEKDFSKGLPILITENGAAMRDELVNGQIEDTGRHGYIEEHLKACHRFIEEGGQLKGYYVWSFLDNFEWAWGYSKRFGIVHINYETQERTPKQSALWFKQMMAKNGF,-0.0240823027980687,-0.0161879539509495,0.0299488125177804
24,N245D,NTFIFPATFMWGTSTSSYQIEGGTDEGGRTPSIWDTFCQIPGKVIGGDCGDVACDHFHHFKEDVQLMKQLGFLHYRFSVAWPRIMPAAGIINEEGLLFYEHLLDEIELAGLIPMLTLYHWDLPQWIEDEGGWTQRETIQHFKTYASVIMDRFGERINWWNTINEPYCASILGYGTGEHAPGHENWREAFTAAHHILMCHGIASNLHKEKGLTGKIGITLNMEHVDAASERPEDVAAAIRRDGFIDRWFAEPLFNGKYPEDMVEWYGTYLNGLDFVQPGDMELIQQPGDFLGINYYTRSIIRSTNDASLLQVEQVHMEEPVTDMGWEIHPESFYKLLTRIEKDFSKGLPILITENGAAMRDELVNGQIEDTGRHGYIEEHLKACHRFIEEGGQLKGYFVWSFLDNFEWAWGYSKRFGIVHINYETQERTPKQSALWFKQMMAKNGF,0.0032914902195638,-0.0275103688505921,0.097159417398403
25,A408H,NTFIFPATFMWGTSTSSYQIEGGTDEGGRTPSIWDTFCQIPGKVIGGDCGDVACDHFHHFKEDVQLMKQLGFLHYRFSVAWPRIMPAAGIINEEGLLFYEHLLDEIELAGLIPMLTLYHWDLPQWIEDEGGWTQRETIQHFKTYASVIMDRFGERINWWNTINEPYCASILGYGTGEHAPGHENWREAFTAAHHILMCHGIASNLHKEKGLTGKIGITLNMEHVDAASERPEDVAAAIRRDGFINRWFAEPLFNGKYPEDMVEWYGTYLNGLDFVQPGDMELIQQPGDFLGINYYTRSIIRSTNDASLLQVEQVHMEEPVTDMGWEIHPESFYKLLTRIEKDFSKGLPILITENGAAMRDELVNGQIEDTGRHGYIEEHLKACHRFIEEGGQLKGYFVWSFLDNFEWHWGYSKRFGIVHINYETQERTPKQSALWFKQMMAKNGF,-0.0174568205513323,0.011635582340184,0.0537936695422006
26,N354S,NTFIFPATFMWGTSTSSYQIEGGTDEGGRTPSIWDTFCQIPGKVIGGDCGDVACDHFHHFKEDVQLMKQLGFLHYRFSVAWPRIMPAAGIINEEGLLFYEHLLDEIELAGLIPMLTLYHWDLPQWIEDEGGWTQRETIQHFKTYASVIMDRFGERINWWNTINEPYCASILGYGTGEHAPGHENWREAFTAAHHILMCHGIASNLHKEKGLTGKIGITLNMEHVDAASERPEDVAAAIRRDGFINRWFAEPLFNGKYPEDMVEWYGTYLNGLDFVQPGDMELIQQPGDFLGINYYTRSIIRSTNDASLLQVEQVHMEEPVTDMGWEIHPESFYKLLTRIEKDFSKGLPILITESGAAMRDELVNGQIEDTGRHGYIEEHLKACHRFIEEGGQLKGYFVWSFLDNFEWAWGYSKRFGIVHINYETQERTPKQSALWFKQMMAKNGF,-0.0260629557233516,0.2689772752997701,0.0164933426235263
27,F243Q,NTFIFPATFMWGTSTSSYQIEGGTDEGGRTPSIWDTFCQIPGKVIGGDCGDVACDHFHHFKEDVQLMKQLGFLHYRFSVAWPRIMPAAGIINEEGLLFYEHLLDEIELAGLIPMLTLYHWDLPQWIEDEGGWTQRETIQHFKTYASVIMDRFGERINWWNTINEPYCASILGYGTGEHAPGHENWREAFTAAHHILMCHGIASNLHKEKGLTGKIGITLNMEHVDAASERPEDVAAAIRRDGQINRWFAEPLFNGKYPEDMVEWYGTYLNGLDFVQPGDMELIQQPGDFLGINYYTRSIIRSTNDASLLQVEQVHMEEPVTDMGWEIHPESFYKLLTRIEKDFSKGLPILITENGAAMRDELVNGQIEDTGRHGYIEEHLKACHRFIEEGGQLKGYFVWSFLDNFEWAWGYSKRFGIVHINYETQERTPKQSALWFKQMMAKNGF,0.0221943104906831,-0.086075168924526,0.1251386437788266
28,R297A,NTFIFPATFMWGTSTSSYQIEGGTDEGGRTPSIWDTFCQIPGKVIGGDCGDVACDHFHHFKEDVQLMKQLGFLHYRFSVAWPRIMPAAGIINEEGLLFYEHLLDEIELAGLIPMLTLYHWDLPQWIEDEGGWTQRETIQHFKTYASVIMDRFGERINWWNTINEPYCASILGYGTGEHAPGHENWREAFTAAHHILMCHGIASNLHKEKGLTGKIGITLNMEHVDAASERPEDVAAAIRRDGFINRWFAEPLFNGKYPEDMVEWYGTYLNGLDFVQPGDMELIQQPGDFLGINYYTASIIRSTNDASLLQVEQVHMEEPVTDMGWEIHPESFYKLLTRIEKDFSKGLPILITENGAAMRDELVNGQIEDTGRHGYIEEHLKACHRFIEEGGQLKGYFVWSFLDNFEWAWGYSKRFGIVHINYETQERTPKQSALWFKQMMAKNGF,0.0465793093828364,0.1129573674130025,0.0983242386691446
29,M114S,NTFIFPATFMWGTSTSSYQIEGGTDEGGRTPSIWDTFCQIPGKVIGGDCGDVACDHFHHFKEDVQLMKQLGFLHYRFSVAWPRIMPAAGIINEEGLLFYEHLLDEIELAGLIPSLTLYHWDLPQWIEDEGGWTQRETIQHFKTYASVIMDRFGERINWWNTINEPYCASILGYGTGEHAPGHENWREAFTAAHHILMCHGIASNLHKEKGLTGKIGITLNMEHVDAASERPEDVAAAIRRDGFINRWFAEPLFNGKYPEDMVEWYGTYLNGLDFVQPGDMELIQQPGDFLGINYYTRSIIRSTNDASLLQVEQVHMEEPVTDMGWEIHPESFYKLLTRIEKDFSKGLPILITENGAAMRDELVNGQIEDTGRHGYIEEHLKACHRFIEEGGQLKGYFVWSFLDNFEWAWGYSKRFGIVHINYETQERTPKQSALWFKQMMAKNGF,0.0472901411666344,-0.0264981059104285,0.0740803432654745
