mutant,mutated_sequence,melting point,activity,expression_skip
F57A,NTFIFPATFMWGTSTSSYQIEGGTDEGGRTPSIWDTFCQIPGKVIGGDCGDVACDHAHHFKEDVQLMKQLGFLHYRFSVAWPRIMPAAGIINEEGLLFYEHLLDEIELAGLIPMLTLYHWDLPQWIEDEGGWTQRETIQHFKTYASVIMDRFGERINWWNTINEPYCASILGYGTGEHAPGHENWREAFTAAHHILMCHGIASNLHKEKGLTGKIGITLNMEHVDAASERPEDVAAAIRRDGFINRWFAEPLFNGKYPEDMVEWYGTYLNGLDFVQPGDMELIQQPGDFLGINYYTRSIIRSTNDASLLQVEQVHMEEPVTDMGWEIHPESFYKLLTRIEKDFSKGLPILITENGAAMRDELVNGQIEDTGRHGYIEEHLKACHRFIEEGGQLKGYFVWSFLDNFEWAWGYSKRFGIVHINYETQERTPKQSALWFKQMMAKNGF,40.16718183822394,71.10163013304148,1.1124037038291448
T36N,NTFIFPATFMWGTSTSSYQIEGGTDEGGRTPSIWDNFCQIPGKVIGGDCGDVACDHFHHFKEDVQLMKQLGFLHYRFSVAWPRIMPAAGIINEEGLLFYEHLLDEIELAGLIPMLTLYHWDLPQWIEDEGGWTQRETIQHFKTYASVIMDRFGERINWWNTINEPYCASILGYGTGEHAPGHENWREAFTAAHHILMCHGIASNLHKEKGLTGKIGITLNMEHVDAASERPEDVAAAIRRDGFINRWFAEPLFNGKYPEDMVEWYGTYLNGLDFVQPGDMELIQQPGDFLGINYYTRSIIRSTNDASLLQVEQVHMEEPVTDMGWEIHPESFYKLLTRIEKDFSKGLPILITENGAAMRDELVNGQIEDTGRHGYIEEHLKACHRFIEEGGQLKGYFVWSFLDNFEWAWGYSKRFGIVHINYETQERTPKQSALWFKQMMAKNGF,45.87637110860132,71.74579559647691,1.214857258891504
W399N,NTFIFPATFMWGTSTSSYQIEGGTDEGGRTPSIWDTFCQIPGKVIGGDCGDVACDHFHHFKEDVQLMKQLGFLHYRFSVAWPRIMPAAGIINEEGLLFYEHLLDEIELAGLIPMLTLYHWDLPQWIEDEGGWTQRETIQHFKTYASVIMDRFGERINWWNTINEPYCASILGYGTGEHAPGHENWREAFTAAHHILMCHGIASNLHKEKGLTGKIGITLNMEHVDAASERPEDVAAAIRRDGFINRWFAEPLFNGKYPEDMVEWYGTYLNGLDFVQPGDMELIQQPGDFLGINYYTRSIIRSTNDASLLQVEQVHMEEPVTDMGWEIHPESFYKLLTRIEKDFSKGLPILITENGAAMRDELVNGQIEDTGRHGYIEEHLKACHRFIEEGGQLKGYFVNSFLDNFEWAWGYSKRFGIVHINYETQERTPKQSALWFKQMMAKNGF,46.06240066396056,104.3056440428898,0.9825079239328528
F332H,NTFIFPATFMWGTSTSSYQIEGGTDEGGRTPSIWDTFCQIPGKVIGGDCGDVACDHFHHFKEDVQLMKQLGFLHYRFSVAWPRIMPAAGIINEEGLLFYEHLLDEIELAGLIPMLTLYHWDLPQWIEDEGGWTQRETIQHFKTYASVIMDRFGERINWWNTINEPYCASILGYGTGEHAPGHENWREAFTAAHHILMCHGIASNLHKEKGLTGKIGITLNMEHVDAASERPEDVAAAIRRDGFINRWFAEPLFNGKYPEDMVEWYGTYLNGLDFVQPGDMELIQQPGDFLGINYYTRSIIRSTNDASLLQVEQVHMEEPVTDMGWEIHPESHYKLLTRIEKDFSKGLPILITENGAAMRDELVNGQIEDTGRHGYIEEHLKACHRFIEEGGQLKGYFVWSFLDNFEWAWGYSKRFGIVHINYETQERTPKQSALWFKQMMAKNGF,44.89553270387209,93.8641995517572,0.8883745066662234
R240A,NTFIFPATFMWGTSTSSYQIEGGTDEGGRTPSIWDTFCQIPGKVIGGDCGDVACDHFHHFKEDVQLMKQLGFLHYRFSVAWPRIMPAAGIINEEGLLFYEHLLDEIELAGLIPMLTLYHWDLPQWIEDEGGWTQRETIQHFKTYASVIMDRFGERINWWNTINEPYCASILGYGTGEHAPGHENWREAFTAAHHILMCHGIASNLHKEKGLTGKIGITLNMEHVDAASERPEDVAAAIRADGFINRWFAEPLFNGKYPEDMVEWYGTYLNGLDFVQPGDMELIQQPGDFLGINYYTRSIIRSTNDASLLQVEQVHMEEPVTDMGWEIHPESFYKLLTRIEKDFSKGLPILITENGAAMRDELVNGQIEDTGRHGYIEEHLKACHRFIEEGGQLKGYFVWSFLDNFEWAWGYSKRFGIVHINYETQERTPKQSALWFKQMMAKNGF,38.55522435738132,37.1284231085549,0.245298757312379
S228E,NTFIFPATFMWGTSTSSYQIEGGTDEGGRTPSIWDTFCQIPGKVIGGDCGDVACDHFHHFKEDVQLMKQLGFLHYRFSVAWPRIMPAAGIINEEGLLFYEHLLDEIELAGLIPMLTLYHWDLPQWIEDEGGWTQRETIQHFKTYASVIMDRFGERINWWNTINEPYCASILGYGTGEHAPGHENWREAFTAAHHILMCHGIASNLHKEKGLTGKIGITLNMEHVDAAEERPEDVAAAIRRDGFINRWFAEPLFNGKYPEDMVEWYGTYLNGLDFVQPGDMELIQQPGDFLGINYYTRSIIRSTNDASLLQVEQVHMEEPVTDMGWEIHPESFYKLLTRIEKDFSKGLPILITENGAAMRDELVNGQIEDTGRHGYIEEHLKACHRFIEEGGQLKGYFVWSFLDNFEWAWGYSKRFGIVHINYETQERTPKQSALWFKQMMAKNGF,41.60596170263357,76.14064610840417,2.013555133015907
M114S,NTFIFPATFMWGTSTSSYQIEGGTDEGGRTPSIWDTFCQIPGKVIGGDCGDVACDHFHHFKEDVQLMKQLGFLHYRFSVAWPRIMPAAGIINEEGLLFYEHLLDEIELAGLIPSLTLYHWDLPQWIEDEGGWTQRETIQHFKTYASVIMDRFGERINWWNTINEPYCASILGYGTGEHAPGHENWREAFTAAHHILMCHGIASNLHKEKGLTGKIGITLNMEHVDAASERPEDVAAAIRRDGFINRWFAEPLFNGKYPEDMVEWYGTYLNGLDFVQPGDMELIQQPGDFLGINYYTRSIIRSTNDASLLQVEQVHMEEPVTDMGWEIHPESFYKLLTRIEKDFSKGLPILITENGAAMRDELVNGQIEDTGRHGYIEEHLKACHRFIEEGGQLKGYFVWSFLDNFEWAWGYSKRFGIVHINYETQERTPKQSALWFKQMMAKNGF,42.38817087054569,33.62464772905325,1.3202109126550363
C167K,NTFIFPATFMWGTSTSSYQIEGGTDEGGRTPSIWDTFCQIPGKVIGGDCGDVACDHFHHFKEDVQLMKQLGFLHYRFSVAWPRIMPAAGIINEEGLLFYEHLLDEIELAGLIPMLTLYHWDLPQWIEDEGGWTQRETIQHFKTYASVIMDRFGERINWWNTINEPYKASILGYGTGEHAPGHENWREAFTAAHHILMCHGIASNLHKEKGLTGKIGITLNMEHVDAASERPEDVAAAIRRDGFINRWFAEPLFNGKYPEDMVEWYGTYLNGLDFVQPGDMELIQQPGDFLGINYYTRSIIRSTNDASLLQVEQVHMEEPVTDMGWEIHPESFYKLLTRIEKDFSKGLPILITENGAAMRDELVNGQIEDTGRHGYIEEHLKACHRFIEEGGQLKGYFVWSFLDNFEWAWGYSKRFGIVHINYETQERTPKQSALWFKQMMAKNGF,40.76045469078376,188.903596548676,1.9478400367976847
F397Y,NTFIFPATFMWGTSTSSYQIEGGTDEGGRTPSIWDTFCQIPGKVIGGDCGDVACDHFHHFKEDVQLMKQLGFLHYRFSVAWPRIMPAAGIINEEGLLFYEHLLDEIELAGLIPMLTLYHWDLPQWIEDEGGWTQRETIQHFKTYASVIMDRFGERINWWNTINEPYCASILGYGTGEHAPGHENWREAFTAAHHILMCHGIASNLHKEKGLTGKIGITLNMEHVDAASERPEDVAAAIRRDGFINRWFAEPLFNGKYPEDMVEWYGTYLNGLDFVQPGDMELIQQPGDFLGINYYTRSIIRSTNDASLLQVEQVHMEEPVTDMGWEIHPESFYKLLTRIEKDFSKGLPILITENGAAMRDELVNGQIEDTGRHGYIEEHLKACHRFIEEGGQLKGYYVWSFLDNFEWAWGYSKRFGIVHINYETQERTPKQSALWFKQMMAKNGF,47.50439900488343,31.663276932154176,0.992451451151842
Y295H,NTFIFPATFMWGTSTSSYQIEGGTDEGGRTPSIWDTFCQIPGKVIGGDCGDVACDHFHHFKEDVQLMKQLGFLHYRFSVAWPRIMPAAGIINEEGLLFYEHLLDEIELAGLIPMLTLYHWDLPQWIEDEGGWTQRETIQHFKTYASVIMDRFGERINWWNTINEPYCASILGYGTGEHAPGHENWREAFTAAHHILMCHGIASNLHKEKGLTGKIGITLNMEHVDAASERPEDVAAAIRRDGFINRWFAEPLFNGKYPEDMVEWYGTYLNGLDFVQPGDMELIQQPGDFLGINYHTRSIIRSTNDASLLQVEQVHMEEPVTDMGWEIHPESFYKLLTRIEKDFSKGLPILITENGAAMRDELVNGQIEDTGRHGYIEEHLKACHRFIEEGGQLKGYFVWSFLDNFEWAWGYSKRFGIVHINYETQERTPKQSALWFKQMMAKNGF,29.05309709596091,80.60699676904137,0.5120248018970424
L108S,NTFIFPATFMWGTSTSSYQIEGGTDEGGRTPSIWDTFCQIPGKVIGGDCGDVACDHFHHFKEDVQLMKQLGFLHYRFSVAWPRIMPAAGIINEEGLLFYEHLLDEIESAGLIPMLTLYHWDLPQWIEDEGGWTQRETIQHFKTYASVIMDRFGERINWWNTINEPYCASILGYGTGEHAPGHENWREAFTAAHHILMCHGIASNLHKEKGLTGKIGITLNMEHVDAASERPEDVAAAIRRDGFINRWFAEPLFNGKYPEDMVEWYGTYLNGLDFVQPGDMELIQQPGDFLGINYYTRSIIRSTNDASLLQVEQVHMEEPVTDMGWEIHPESFYKLLTRIEKDFSKGLPILITENGAAMRDELVNGQIEDTGRHGYIEEHLKACHRFIEEGGQLKGYFVWSFLDNFEWAWGYSKRFGIVHINYETQERTPKQSALWFKQMMAKNGF,42.35951252025653,76.40853653479866,2.1977168441142183
E281V,NTFIFPATFMWGTSTSSYQIEGGTDEGGRTPSIWDTFCQIPGKVIGGDCGDVACDHFHHFKEDVQLMKQLGFLHYRFSVAWPRIMPAAGIINEEGLLFYEHLLDEIELAGLIPMLTLYHWDLPQWIEDEGGWTQRETIQHFKTYASVIMDRFGERINWWNTINEPYCASILGYGTGEHAPGHENWREAFTAAHHILMCHGIASNLHKEKGLTGKIGITLNMEHVDAASERPEDVAAAIRRDGFINRWFAEPLFNGKYPEDMVEWYGTYLNGLDFVQPGDMVLIQQPGDFLGINYYTRSIIRSTNDASLLQVEQVHMEEPVTDMGWEIHPESFYKLLTRIEKDFSKGLPILITENGAAMRDELVNGQIEDTGRHGYIEEHLKACHRFIEEGGQLKGYFVWSFLDNFEWAWGYSKRFGIVHINYETQERTPKQSALWFKQMMAKNGF,40.82687898318676,76.79782458650948,2.0245846862849186
Q285A,NTFIFPATFMWGTSTSSYQIEGGTDEGGRTPSIWDTFCQIPGKVIGGDCGDVACDHFHHFKEDVQLMKQLGFLHYRFSVAWPRIMPAAGIINEEGLLFYEHLLDEIELAGLIPMLTLYHWDLPQWIEDEGGWTQRETIQHFKTYASVIMDRFGERINWWNTINEPYCASILGYGTGEHAPGHENWREAFTAAHHILMCHGIASNLHKEKGLTGKIGITLNMEHVDAASERPEDVAAAIRRDGFINRWFAEPLFNGKYPEDMVEWYGTYLNGLDFVQPGDMELIQAPGDFLGINYYTRSIIRSTNDASLLQVEQVHMEEPVTDMGWEIHPESFYKLLTRIEKDFSKGLPILITENGAAMRDELVNGQIEDTGRHGYIEEHLKACHRFIEEGGQLKGYFVWSFLDNFEWAWGYSKRFGIVHINYETQERTPKQSALWFKQMMAKNGF,45.34361087327508,115.15843175414416,2.2167217141722477
F243Q,NTFIFPATFMWGTSTSSYQIEGGTDEGGRTPSIWDTFCQIPGKVIGGDCGDVACDHFHHFKEDVQLMKQLGFLHYRFSVAWPRIMPAAGIINEEGLLFYEHLLDEIELAGLIPMLTLYHWDLPQWIEDEGGWTQRETIQHFKTYASVIMDRFGERINWWNTINEPYCASILGYGTGEHAPGHENWREAFTAAHHILMCHGIASNLHKEKGLTGKIGITLNMEHVDAASERPEDVAAAIRRDGQINRWFAEPLFNGKYPEDMVEWYGTYLNGLDFVQPGDMELIQQPGDFLGINYYTRSIIRSTNDASLLQVEQVHMEEPVTDMGWEIHPESFYKLLTRIEKDFSKGLPILITENGAAMRDELVNGQIEDTGRHGYIEEHLKACHRFIEEGGQLKGYFVWSFLDNFEWAWGYSKRFGIVHINYETQERTPKQSALWFKQMMAKNGF,46.99478002577143,103.97572087068308,0.0777188729185889
D150N,NTFIFPATFMWGTSTSSYQIEGGTDEGGRTPSIWDTFCQIPGKVIGGDCGDVACDHFHHFKEDVQLMKQLGFLHYRFSVAWPRIMPAAGIINEEGLLFYEHLLDEIELAGLIPMLTLYHWDLPQWIEDEGGWTQRETIQHFKTYASVIMNRFGERINWWNTINEPYCASILGYGTGEHAPGHENWREAFTAAHHILMCHGIASNLHKEKGLTGKIGITLNMEHVDAASERPEDVAAAIRRDGFINRWFAEPLFNGKYPEDMVEWYGTYLNGLDFVQPGDMELIQQPGDFLGINYYTRSIIRSTNDASLLQVEQVHMEEPVTDMGWEIHPESFYKLLTRIEKDFSKGLPILITENGAAMRDELVNGQIEDTGRHGYIEEHLKACHRFIEEGGQLKGYFVWSFLDNFEWAWGYSKRFGIVHINYETQERTPKQSALWFKQMMAKNGF,46.32426268337348,52.235801687221695,2.032378766023553
N245D,NTFIFPATFMWGTSTSSYQIEGGTDEGGRTPSIWDTFCQIPGKVIGGDCGDVACDHFHHFKEDVQLMKQLGFLHYRFSVAWPRIMPAAGIINEEGLLFYEHLLDEIELAGLIPMLTLYHWDLPQWIEDEGGWTQRETIQHFKTYASVIMDRFGERINWWNTINEPYCASILGYGTGEHAPGHENWREAFTAAHHILMCHGIASNLHKEKGLTGKIGITLNMEHVDAASERPEDVAAAIRRDGFIDRWFAEPLFNGKYPEDMVEWYGTYLNGLDFVQPGDMELIQQPGDFLGINYYTRSIIRSTNDASLLQVEQVHMEEPVTDMGWEIHPESFYKLLTRIEKDFSKGLPILITENGAAMRDELVNGQIEDTGRHGYIEEHLKACHRFIEEGGQLKGYFVWSFLDNFEWAWGYSKRFGIVHINYETQERTPKQSALWFKQMMAKNGF,47.81442268679942,52.766640436048405,1.86464873905211
H379F,NTFIFPATFMWGTSTSSYQIEGGTDEGGRTPSIWDTFCQIPGKVIGGDCGDVACDHFHHFKEDVQLMKQLGFLHYRFSVAWPRIMPAAGIINEEGLLFYEHLLDEIELAGLIPMLTLYHWDLPQWIEDEGGWTQRETIQHFKTYASVIMDRFGERINWWNTINEPYCASILGYGTGEHAPGHENWREAFTAAHHILMCHGIASNLHKEKGLTGKIGITLNMEHVDAASERPEDVAAAIRRDGFINRWFAEPLFNGKYPEDMVEWYGTYLNGLDFVQPGDMELIQQPGDFLGINYYTRSIIRSTNDASLLQVEQVHMEEPVTDMGWEIHPESFYKLLTRIEKDFSKGLPILITENGAAMRDELVNGQIEDTGRHGYIEEFLKACHRFIEEGGQLKGYFVWSFLDNFEWAWGYSKRFGIVHINYETQERTPKQSALWFKQMMAKNGF,42.23059007559328,182.05445371197044,1.3315085947194074
A408H,NTFIFPATFMWGTSTSSYQIEGGTDEGGRTPSIWDTFCQIPGKVIGGDCGDVACDHFHHFKEDVQLMKQLGFLHYRFSVAWPRIMPAAGIINEEGLLFYEHLLDEIELAGLIPMLTLYHWDLPQWIEDEGGWTQRETIQHFKTYASVIMDRFGERINWWNTINEPYCASILGYGTGEHAPGHENWREAFTAAHHILMCHGIASNLHKEKGLTGKIGITLNMEHVDAASERPEDVAAAIRRDGFINRWFAEPLFNGKYPEDMVEWYGTYLNGLDFVQPGDMELIQQPGDFLGINYYTRSIIRSTNDASLLQVEQVHMEEPVTDMGWEIHPESFYKLLTRIEKDFSKGLPILITENGAAMRDELVNGQIEDTGRHGYIEEHLKACHRFIEEGGQLKGYFVWSFLDNFEWHWGYSKRFGIVHINYETQERTPKQSALWFKQMMAKNGF,41.62849789051992,60.28055370344589,0.7610692827251908
I20V,NTFIFPATFMWGTSTSSYQVEGGTDEGGRTPSIWDTFCQIPGKVIGGDCGDVACDHFHHFKEDVQLMKQLGFLHYRFSVAWPRIMPAAGIINEEGLLFYEHLLDEIELAGLIPMLTLYHWDLPQWIEDEGGWTQRETIQHFKTYASVIMDRFGERINWWNTINEPYCASILGYGTGEHAPGHENWREAFTAAHHILMCHGIASNLHKEKGLTGKIGITLNMEHVDAASERPEDVAAAIRRDGFINRWFAEPLFNGKYPEDMVEWYGTYLNGLDFVQPGDMELIQQPGDFLGINYYTRSIIRSTNDASLLQVEQVHMEEPVTDMGWEIHPESFYKLLTRIEKDFSKGLPILITENGAAMRDELVNGQIEDTGRHGYIEEHLKACHRFIEEGGQLKGYFVWSFLDNFEWAWGYSKRFGIVHINYETQERTPKQSALWFKQMMAKNGF,49.04799781638772,44.09421015587856,2.233187396279371
E312A,NTFIFPATFMWGTSTSSYQIEGGTDEGGRTPSIWDTFCQIPGKVIGGDCGDVACDHFHHFKEDVQLMKQLGFLHYRFSVAWPRIMPAAGIINEEGLLFYEHLLDEIELAGLIPMLTLYHWDLPQWIEDEGGWTQRETIQHFKTYASVIMDRFGERINWWNTINEPYCASILGYGTGEHAPGHENWREAFTAAHHILMCHGIASNLHKEKGLTGKIGITLNMEHVDAASERPEDVAAAIRRDGFINRWFAEPLFNGKYPEDMVEWYGTYLNGLDFVQPGDMELIQQPGDFLGINYYTRSIIRSTNDASLLQVAQVHMEEPVTDMGWEIHPESFYKLLTRIEKDFSKGLPILITENGAAMRDELVNGQIEDTGRHGYIEEHLKACHRFIEEGGQLKGYFVWSFLDNFEWAWGYSKRFGIVHINYETQERTPKQSALWFKQMMAKNGF,41.05561330755416,34.89042039101119,1.444618330021803
E62Y,NTFIFPATFMWGTSTSSYQIEGGTDEGGRTPSIWDTFCQIPGKVIGGDCGDVACDHFHHFKYDVQLMKQLGFLHYRFSVAWPRIMPAAGIINEEGLLFYEHLLDEIELAGLIPMLTLYHWDLPQWIEDEGGWTQRETIQHFKTYASVIMDRFGERINWWNTINEPYCASILGYGTGEHAPGHENWREAFTAAHHILMCHGIASNLHKEKGLTGKIGITLNMEHVDAASERPEDVAAAIRRDGFINRWFAEPLFNGKYPEDMVEWYGTYLNGLDFVQPGDMELIQQPGDFLGINYYTRSIIRSTNDASLLQVEQVHMEEPVTDMGWEIHPESFYKLLTRIEKDFSKGLPILITENGAAMRDELVNGQIEDTGRHGYIEEHLKACHRFIEEGGQLKGYFVWSFLDNFEWAWGYSKRFGIVHINYETQERTPKQSALWFKQMMAKNGF,38.72286476656837,49.6694733382174,1.1914243185293358
R76N,NTFIFPATFMWGTSTSSYQIEGGTDEGGRTPSIWDTFCQIPGKVIGGDCGDVACDHFHHFKEDVQLMKQLGFLHYNFSVAWPRIMPAAGIINEEGLLFYEHLLDEIELAGLIPMLTLYHWDLPQWIEDEGGWTQRETIQHFKTYASVIMDRFGERINWWNTINEPYCASILGYGTGEHAPGHENWREAFTAAHHILMCHGIASNLHKEKGLTGKIGITLNMEHVDAASERPEDVAAAIRRDGFINRWFAEPLFNGKYPEDMVEWYGTYLNGLDFVQPGDMELIQQPGDFLGINYYTRSIIRSTNDASLLQVEQVHMEEPVTDMGWEIHPESFYKLLTRIEKDFSKGLPILITENGAAMRDELVNGQIEDTGRHGYIEEHLKACHRFIEEGGQLKGYFVWSFLDNFEWAWGYSKRFGIVHINYETQERTPKQSALWFKQMMAKNGF,42.07008465708152,31.43945201858688,1.7373770978290253
W409S,NTFIFPATFMWGTSTSSYQIEGGTDEGGRTPSIWDTFCQIPGKVIGGDCGDVACDHFHHFKEDVQLMKQLGFLHYRFSVAWPRIMPAAGIINEEGLLFYEHLLDEIELAGLIPMLTLYHWDLPQWIEDEGGWTQRETIQHFKTYASVIMDRFGERINWWNTINEPYCASILGYGTGEHAPGHENWREAFTAAHHILMCHGIASNLHKEKGLTGKIGITLNMEHVDAASERPEDVAAAIRRDGFINRWFAEPLFNGKYPEDMVEWYGTYLNGLDFVQPGDMELIQQPGDFLGINYYTRSIIRSTNDASLLQVEQVHMEEPVTDMGWEIHPESFYKLLTRIEKDFSKGLPILITENGAAMRDELVNGQIEDTGRHGYIEEHLKACHRFIEEGGQLKGYFVWSFLDNFEWASGYSKRFGIVHINYETQERTPKQSALWFKQMMAKNGF,49.55642121102805,48.01144961271216,2.1969965042117625
R297A,NTFIFPATFMWGTSTSSYQIEGGTDEGGRTPSIWDTFCQIPGKVIGGDCGDVACDHFHHFKEDVQLMKQLGFLHYRFSVAWPRIMPAAGIINEEGLLFYEHLLDEIELAGLIPMLTLYHWDLPQWIEDEGGWTQRETIQHFKTYASVIMDRFGERINWWNTINEPYCASILGYGTGEHAPGHENWREAFTAAHHILMCHGIASNLHKEKGLTGKIGITLNMEHVDAASERPEDVAAAIRRDGFINRWFAEPLFNGKYPEDMVEWYGTYLNGLDFVQPGDMELIQQPGDFLGINYYTASIIRSTNDASLLQVEQVHMEEPVTDMGWEIHPESFYKLLTRIEKDFSKGLPILITENGAAMRDELVNGQIEDTGRHGYIEEHLKACHRFIEEGGQLKGYFVWSFLDNFEWAWGYSKRFGIVHINYETQERTPKQSALWFKQMMAKNGF,36.23015552363678,44.7976236410868,2.105868028700966
H315Q,NTFIFPATFMWGTSTSSYQIEGGTDEGGRTPSIWDTFCQIPGKVIGGDCGDVACDHFHHFKEDVQLMKQLGFLHYRFSVAWPRIMPAAGIINEEGLLFYEHLLDEIELAGLIPMLTLYHWDLPQWIEDEGGWTQRETIQHFKTYASVIMDRFGERINWWNTINEPYCASILGYGTGEHAPGHENWREAFTAAHHILMCHGIASNLHKEKGLTGKIGITLNMEHVDAASERPEDVAAAIRRDGFINRWFAEPLFNGKYPEDMVEWYGTYLNGLDFVQPGDMELIQQPGDFLGINYYTRSIIRSTNDASLLQVEQVQMEEPVTDMGWEIHPESFYKLLTRIEKDFSKGLPILITENGAAMRDELVNGQIEDTGRHGYIEEHLKACHRFIEEGGQLKGYFVWSFLDNFEWAWGYSKRFGIVHINYETQERTPKQSALWFKQMMAKNGF,42.48168466626788,94.57991683419124,0.5447205929732766
Y75C,NTFIFPATFMWGTSTSSYQIEGGTDEGGRTPSIWDTFCQIPGKVIGGDCGDVACDHFHHFKEDVQLMKQLGFLHCRFSVAWPRIMPAAGIINEEGLLFYEHLLDEIELAGLIPMLTLYHWDLPQWIEDEGGWTQRETIQHFKTYASVIMDRFGERINWWNTINEPYCASILGYGTGEHAPGHENWREAFTAAHHILMCHGIASNLHKEKGLTGKIGITLNMEHVDAASERPEDVAAAIRRDGFINRWFAEPLFNGKYPEDMVEWYGTYLNGLDFVQPGDMELIQQPGDFLGINYYTRSIIRSTNDASLLQVEQVHMEEPVTDMGWEIHPESFYKLLTRIEKDFSKGLPILITENGAAMRDELVNGQIEDTGRHGYIEEHLKACHRFIEEGGQLKGYFVWSFLDNFEWAWGYSKRFGIVHINYETQERTPKQSALWFKQMMAKNGF,45.80745907260642,73.20801076718836,0.8366841989863385
A408S,NTFIFPATFMWGTSTSSYQIEGGTDEGGRTPSIWDTFCQIPGKVIGGDCGDVACDHFHHFKEDVQLMKQLGFLHYRFSVAWPRIMPAAGIINEEGLLFYEHLLDEIELAGLIPMLTLYHWDLPQWIEDEGGWTQRETIQHFKTYASVIMDRFGERINWWNTINEPYCASILGYGTGEHAPGHENWREAFTAAHHILMCHGIASNLHKEKGLTGKIGITLNMEHVDAASERPEDVAAAIRRDGFINRWFAEPLFNGKYPEDMVEWYGTYLNGLDFVQPGDMELIQQPGDFLGINYYTRSIIRSTNDASLLQVEQVHMEEPVTDMGWEIHPESFYKLLTRIEKDFSKGLPILITENGAAMRDELVNGQIEDTGRHGYIEEHLKACHRFIEEGGQLKGYFVWSFLDNFEWSWGYSKRFGIVHINYETQERTPKQSALWFKQMMAKNGF,45.11894979855698,118.466646312058,1.239353907799476
T218N,NTFIFPATFMWGTSTSSYQIEGGTDEGGRTPSIWDTFCQIPGKVIGGDCGDVACDHFHHFKEDVQLMKQLGFLHYRFSVAWPRIMPAAGIINEEGLLFYEHLLDEIELAGLIPMLTLYHWDLPQWIEDEGGWTQRETIQHFKTYASVIMDRFGERINWWNTINEPYCASILGYGTGEHAPGHENWREAFTAAHHILMCHGIASNLHKEKGLTGKIGINLNMEHVDAASERPEDVAAAIRRDGFINRWFAEPLFNGKYPEDMVEWYGTYLNGLDFVQPGDMELIQQPGDFLGINYYTRSIIRSTNDASLLQVEQVHMEEPVTDMGWEIHPESFYKLLTRIEKDFSKGLPILITENGAAMRDELVNGQIEDTGRHGYIEEHLKACHRFIEEGGQLKGYFVWSFLDNFEWAWGYSKRFGIVHINYETQERTPKQSALWFKQMMAKNGF,44.24528092333029,53.00911792133907,0.973845205854566
N354S,NTFIFPATFMWGTSTSSYQIEGGTDEGGRTPSIWDTFCQIPGKVIGGDCGDVACDHFHHFKEDVQLMKQLGFLHYRFSVAWPRIMPAAGIINEEGLLFYEHLLDEIELAGLIPMLTLYHWDLPQWIEDEGGWTQRETIQHFKTYASVIMDRFGERINWWNTINEPYCASILGYGTGEHAPGHENWREAFTAAHHILMCHGIASNLHKEKGLTGKIGITLNMEHVDAASERPEDVAAAIRRDGFINRWFAEPLFNGKYPEDMVEWYGTYLNGLDFVQPGDMELIQQPGDFLGINYYTRSIIRSTNDASLLQVEQVHMEEPVTDMGWEIHPESFYKLLTRIEKDFSKGLPILITESGAAMRDELVNGQIEDTGRHGYIEEHLKACHRFIEEGGQLKGYFVWSFLDNFEWAWGYSKRFGIVHINYETQERTPKQSALWFKQMMAKNGF,48.8156228351412,31.39650185281077,0.6959710816226474
I20A,NTFIFPATFMWGTSTSSYQAEGGTDEGGRTPSIWDTFCQIPGKVIGGDCGDVACDHFHHFKEDVQLMKQLGFLHYRFSVAWPRIMPAAGIINEEGLLFYEHLLDEIELAGLIPMLTLYHWDLPQWIEDEGGWTQRETIQHFKTYASVIMDRFGERINWWNTINEPYCASILGYGTGEHAPGHENWREAFTAAHHILMCHGIASNLHKEKGLTGKIGITLNMEHVDAASERPEDVAAAIRRDGFINRWFAEPLFNGKYPEDMVEWYGTYLNGLDFVQPGDMELIQQPGDFLGINYYTRSIIRSTNDASLLQVEQVHMEEPVTDMGWEIHPESFYKLLTRIEKDFSKGLPILITENGAAMRDELVNGQIEDTGRHGYIEEHLKACHRFIEEGGQLKGYFVWSFLDNFEWAWGYSKRFGIVHINYETQERTPKQSALWFKQMMAKNGF,46.185444691190526,46.097985171034566,0.3483501600368601
