mutant,mutated_sequence,Phenylethylamine Activity,(4-Chlorophenyl)phenylmethanamine Activity,1_3-Diphenyl-propane-1-amine Activity
V262Q:G332S:E280V:R46T,MLKNDQLDQWDRDNFFHPSTHLAQHARGESANRVIKTASGVFIEDTDGTKLLDAFAGLWCVNVGYGRQEIAEAIADQARELAYYHSFVGHGTEASITLAKMILDRAPKNMSKVYFGLGGSDANETNVKLIWYYNNILGRPEKKKIISRWRGFHGSGLVTGSLTGLELFHKKFDLPVEQVIHTEAPYYFRREDLNQTEEQFVAHCVAELEALIEREGADTIAAFIGEPILGAGGIVPPPAGYWEAIQTVLNKHDILLVADEVQTGFGRLGTMFGSDHYGLVPDIITIAKGLTSAYAPLSGSIVSDKVWKVLEQGTDENGPIGHGWTYSAHPISAAAGVANLKLLDELNLVSNAGEVGAYLNATMAEALSQHANVGDVRGEGLLCAVEFVKDRDSRTFFDAADKIGPQISAKLLEQDKIIARAMPQGDILGFAPPFCLTRAEADQVVEGTLRAVKAVLGSLEHHHHHH,93.0,93.0,93.0
N250K:F87Q:L167A:P281S,MLKNDQLDQWDRDNFFHPSTHLAQHARGESANRVIKTASGVFIEDRDGTKLLDAFAGLWCVNVGYGRQEIAEAIADQARELAYYHSQVGHGTEASITLAKMILDRAPKNMSKVYFGLGGSDANETNVKLIWYYNNILGRPEKKKIISRWRGFHGSGLVTGSLTGLEAFHKKFDLPVEQVIHTEAPYYFRREDLNQTEEQFVAHCVAELEALIEREGADTIAAFIGEPILGAGGIVPPPAGYWEAIQTVLKKHDILLVADEVVTGFGRLGTMFGSDHYGLESDIITIAKGLTSAYAPLSGSIVSDKVWKVLEQGTDENGPIGHGWTYSAHPIGAAAGVANLKLLDELNLVSNAGEVGAYLNATMAEALSQHANVGDVRGEGLLCAVEFVKDRDSRTFFDAADKIGPQISAKLLEQDKIIARAMPQGDILGFAPPFCLTRAEADQVVEGTLRAVKAVLGSLEHHHHHH,47.66666666666666,47.66666666666666,47.66666666666666
G332C:R420L:L58W:Q369G,MLKNDQLDQWDRDNFFHPSTHLAQHARGESANRVIKTASGVFIEDRDGTKLLDAFAGWWCVNVGYGRQEIAEAIADQARELAYYHSFVGHGTEASITLAKMILDRAPKNMSKVYFGLGGSDANETNVKLIWYYNNILGRPEKKKIISRWRGFHGSGLVTGSLTGLELFHKKFDLPVEQVIHTEAPYYFRREDLNQTEEQFVAHCVAELEALIEREGADTIAAFIGEPILGAGGIVPPPAGYWEAIQTVLNKHDILLVADEVVTGFGRLGTMFGSDHYGLEPDIITIAKGLTSAYAPLSGSIVSDKVWKVLEQGTDENGPIGHGWTYSAHPICAAAGVANLKLLDELNLVSNAGEVGAYLNATMAEALSGHANVGDVRGEGLLCAVEFVKDRDSRTFFDAADKIGPQISAKLLEQDKIIALAMPQGDILGFAPPFCLTRAEADQVVEGTLRAVKAVLGSLEHHHHHH,57.66666666666666,57.66666666666666,57.66666666666666
A71I:K402V:W59A:E177G,MLKNDQLDQWDRDNFFHPSTHLAQHARGESANRVIKTASGVFIEDRDGTKLLDAFAGLACVNVGYGRQEIIEAIADQARELAYYHSFVGHGTEASITLAKMILDRAPKNMSKVYFGLGGSDANETNVKLIWYYNNILGRPEKKKIISRWRGFHGSGLVTGSLTGLELFHKKFDLPVGQVIHTEAPYYFRREDLNQTEEQFVAHCVAELEALIEREGADTIAAFIGEPILGAGGIVPPPAGYWEAIQTVLNKHDILLVADEVVTGFGRLGTMFGSDHYGLEPDIITIAKGLTSAYAPLSGSIVSDKVWKVLEQGTDENGPIGHGWTYSAHPIGAAAGVANLKLLDELNLVSNAGEVGAYLNATMAEALSQHANVGDVRGEGLLCAVEFVKDRDSRTFFDAADVIGPQISAKLLEQDKIIARAMPQGDILGFAPPFCLTRAEADQVVEGTLRAVKAVLGSLEHHHHHH,95.0,95.0,95.0
P423L:G429Y:R394K:A399Q,MLKNDQLDQWDRDNFFHPSTHLAQHARGESANRVIKTASGVFIEDRDGTKLLDAFAGLWCVNVGYGRQEIAEAIADQARELAYYHSFVGHGTEASITLAKMILDRAPKNMSKVYFGLGGSDANETNVKLIWYYNNILGRPEKKKIISRWRGFHGSGLVTGSLTGLELFHKKFDLPVEQVIHTEAPYYFRREDLNQTEEQFVAHCVAELEALIEREGADTIAAFIGEPILGAGGIVPPPAGYWEAIQTVLNKHDILLVADEVVTGFGRLGTMFGSDHYGLEPDIITIAKGLTSAYAPLSGSIVSDKVWKVLEQGTDENGPIGHGWTYSAHPIGAAAGVANLKLLDELNLVSNAGEVGAYLNATMAEALSQHANVGDVRGEGLLCAVEFVKDRDSKTFFDQADKIGPQISAKLLEQDKIIARAMLQGDILYFAPPFCLTRAEADQVVEGTLRAVKAVLGSLEHHHHHH,98.0,98.0,98.0
W59F:E280K:L167N:R214A,MLKNDQLDQWDRDNFFHPSTHLAQHARGESANRVIKTASGVFIEDRDGTKLLDAFAGLFCVNVGYGRQEIAEAIADQARELAYYHSFVGHGTEASITLAKMILDRAPKNMSKVYFGLGGSDANETNVKLIWYYNNILGRPEKKKIISRWRGFHGSGLVTGSLTGLENFHKKFDLPVEQVIHTEAPYYFRREDLNQTEEQFVAHCVAELEALIEAEGADTIAAFIGEPILGAGGIVPPPAGYWEAIQTVLNKHDILLVADEVVTGFGRLGTMFGSDHYGLKPDIITIAKGLTSAYAPLSGSIVSDKVWKVLEQGTDENGPIGHGWTYSAHPIGAAAGVANLKLLDELNLVSNAGEVGAYLNATMAEALSQHANVGDVRGEGLLCAVEFVKDRDSRTFFDAADKIGPQISAKLLEQDKIIARAMPQGDILGFAPPFCLTRAEADQVVEGTLRAVKAVLGSLEHHHHHH,28.666666666666668,28.666666666666668,28.666666666666668
K402V:C60P:Q369D:D392E,MLKNDQLDQWDRDNFFHPSTHLAQHARGESANRVIKTASGVFIEDRDGTKLLDAFAGLWPVNVGYGRQEIAEAIADQARELAYYHSFVGHGTEASITLAKMILDRAPKNMSKVYFGLGGSDANETNVKLIWYYNNILGRPEKKKIISRWRGFHGSGLVTGSLTGLELFHKKFDLPVEQVIHTEAPYYFRREDLNQTEEQFVAHCVAELEALIEREGADTIAAFIGEPILGAGGIVPPPAGYWEAIQTVLNKHDILLVADEVVTGFGRLGTMFGSDHYGLEPDIITIAKGLTSAYAPLSGSIVSDKVWKVLEQGTDENGPIGHGWTYSAHPIGAAAGVANLKLLDELNLVSNAGEVGAYLNATMAEALSDHANVGDVRGEGLLCAVEFVKDRESRTFFDAADVIGPQISAKLLEQDKIIARAMPQGDILGFAPPFCLTRAEADQVVEGTLRAVKAVLGSLEHHHHHH,47.0,47.0,47.0
P423G:H85M:S120A:L167V,MLKNDQLDQWDRDNFFHPSTHLAQHARGESANRVIKTASGVFIEDRDGTKLLDAFAGLWCVNVGYGRQEIAEAIADQARELAYYMSFVGHGTEASITLAKMILDRAPKNMSKVYFGLGGADANETNVKLIWYYNNILGRPEKKKIISRWRGFHGSGLVTGSLTGLEVFHKKFDLPVEQVIHTEAPYYFRREDLNQTEEQFVAHCVAELEALIEREGADTIAAFIGEPILGAGGIVPPPAGYWEAIQTVLNKHDILLVADEVVTGFGRLGTMFGSDHYGLEPDIITIAKGLTSAYAPLSGSIVSDKVWKVLEQGTDENGPIGHGWTYSAHPIGAAAGVANLKLLDELNLVSNAGEVGAYLNATMAEALSQHANVGDVRGEGLLCAVEFVKDRDSRTFFDAADKIGPQISAKLLEQDKIIARAMGQGDILGFAPPFCLTRAEADQVVEGTLRAVKAVLGSLEHHHHHH,89.0,89.0,89.0
L167N:L58W:P281A:M422A,MLKNDQLDQWDRDNFFHPSTHLAQHARGESANRVIKTASGVFIEDRDGTKLLDAFAGWWCVNVGYGRQEIAEAIADQARELAYYHSFVGHGTEASITLAKMILDRAPKNMSKVYFGLGGSDANETNVKLIWYYNNILGRPEKKKIISRWRGFHGSGLVTGSLTGLENFHKKFDLPVEQVIHTEAPYYFRREDLNQTEEQFVAHCVAELEALIEREGADTIAAFIGEPILGAGGIVPPPAGYWEAIQTVLNKHDILLVADEVVTGFGRLGTMFGSDHYGLEADIITIAKGLTSAYAPLSGSIVSDKVWKVLEQGTDENGPIGHGWTYSAHPIGAAAGVANLKLLDELNLVSNAGEVGAYLNATMAEALSQHANVGDVRGEGLLCAVEFVKDRDSRTFFDAADKIGPQISAKLLEQDKIIARAAPQGDILGFAPPFCLTRAEADQVVEGTLRAVKAVLGSLEHHHHHH,91.33333333333331,91.33333333333331,91.33333333333331
H85M:E29A:Q369G:R391P,MLKNDQLDQWDRDNFFHPSTHLAQHARGASANRVIKTASGVFIEDRDGTKLLDAFAGLWCVNVGYGRQEIAEAIADQARELAYYMSFVGHGTEASITLAKMILDRAPKNMSKVYFGLGGSDANETNVKLIWYYNNILGRPEKKKIISRWRGFHGSGLVTGSLTGLELFHKKFDLPVEQVIHTEAPYYFRREDLNQTEEQFVAHCVAELEALIEREGADTIAAFIGEPILGAGGIVPPPAGYWEAIQTVLNKHDILLVADEVVTGFGRLGTMFGSDHYGLEPDIITIAKGLTSAYAPLSGSIVSDKVWKVLEQGTDENGPIGHGWTYSAHPIGAAAGVANLKLLDELNLVSNAGEVGAYLNATMAEALSGHANVGDVRGEGLLCAVEFVKDPDSRTFFDAADKIGPQISAKLLEQDKIIARAMPQGDILGFAPPFCLTRAEADQVVEGTLRAVKAVLGSLEHHHHHH,76.33333333333333,76.33333333333333,76.33333333333333
I234F:N250D:L167V:M422A,MLKNDQLDQWDRDNFFHPSTHLAQHARGESANRVIKTASGVFIEDRDGTKLLDAFAGLWCVNVGYGRQEIAEAIADQARELAYYHSFVGHGTEASITLAKMILDRAPKNMSKVYFGLGGSDANETNVKLIWYYNNILGRPEKKKIISRWRGFHGSGLVTGSLTGLEVFHKKFDLPVEQVIHTEAPYYFRREDLNQTEEQFVAHCVAELEALIEREGADTIAAFIGEPILGAGGFVPPPAGYWEAIQTVLDKHDILLVADEVVTGFGRLGTMFGSDHYGLEPDIITIAKGLTSAYAPLSGSIVSDKVWKVLEQGTDENGPIGHGWTYSAHPIGAAAGVANLKLLDELNLVSNAGEVGAYLNATMAEALSQHANVGDVRGEGLLCAVEFVKDRDSRTFFDAADKIGPQISAKLLEQDKIIARAAPQGDILGFAPPFCLTRAEADQVVEGTLRAVKAVLGSLEHHHHHH,91.0,91.0,91.0
G332S:R420A:W59A:E29A,MLKNDQLDQWDRDNFFHPSTHLAQHARGASANRVIKTASGVFIEDRDGTKLLDAFAGLACVNVGYGRQEIAEAIADQARELAYYHSFVGHGTEASITLAKMILDRAPKNMSKVYFGLGGSDANETNVKLIWYYNNILGRPEKKKIISRWRGFHGSGLVTGSLTGLELFHKKFDLPVEQVIHTEAPYYFRREDLNQTEEQFVAHCVAELEALIEREGADTIAAFIGEPILGAGGIVPPPAGYWEAIQTVLNKHDILLVADEVVTGFGRLGTMFGSDHYGLEPDIITIAKGLTSAYAPLSGSIVSDKVWKVLEQGTDENGPIGHGWTYSAHPISAAAGVANLKLLDELNLVSNAGEVGAYLNATMAEALSQHANVGDVRGEGLLCAVEFVKDRDSRTFFDAADKIGPQISAKLLEQDKIIAAAMPQGDILGFAPPFCLTRAEADQVVEGTLRAVKAVLGSLEHHHHHH,96.33333333333331,96.33333333333331,96.33333333333331
H85G:R46T:Q369D:A399Q,MLKNDQLDQWDRDNFFHPSTHLAQHARGESANRVIKTASGVFIEDTDGTKLLDAFAGLWCVNVGYGRQEIAEAIADQARELAYYGSFVGHGTEASITLAKMILDRAPKNMSKVYFGLGGSDANETNVKLIWYYNNILGRPEKKKIISRWRGFHGSGLVTGSLTGLELFHKKFDLPVEQVIHTEAPYYFRREDLNQTEEQFVAHCVAELEALIEREGADTIAAFIGEPILGAGGIVPPPAGYWEAIQTVLNKHDILLVADEVVTGFGRLGTMFGSDHYGLEPDIITIAKGLTSAYAPLSGSIVSDKVWKVLEQGTDENGPIGHGWTYSAHPIGAAAGVANLKLLDELNLVSNAGEVGAYLNATMAEALSDHANVGDVRGEGLLCAVEFVKDRDSRTFFDQADKIGPQISAKLLEQDKIIARAMPQGDILGFAPPFCLTRAEADQVVEGTLRAVKAVLGSLEHHHHHH,66.33333333333333,66.33333333333333,66.33333333333333
A231T:Y83S:C60P:F168L,MLKNDQLDQWDRDNFFHPSTHLAQHARGESANRVIKTASGVFIEDRDGTKLLDAFAGLWPVNVGYGRQEIAEAIADQARELASYHSFVGHGTEASITLAKMILDRAPKNMSKVYFGLGGSDANETNVKLIWYYNNILGRPEKKKIISRWRGFHGSGLVTGSLTGLELLHKKFDLPVEQVIHTEAPYYFRREDLNQTEEQFVAHCVAELEALIEREGADTIAAFIGEPILGTGGIVPPPAGYWEAIQTVLNKHDILLVADEVVTGFGRLGTMFGSDHYGLEPDIITIAKGLTSAYAPLSGSIVSDKVWKVLEQGTDENGPIGHGWTYSAHPIGAAAGVANLKLLDELNLVSNAGEVGAYLNATMAEALSQHANVGDVRGEGLLCAVEFVKDRDSRTFFDAADKIGPQISAKLLEQDKIIARAMPQGDILGFAPPFCLTRAEADQVVEGTLRAVKAVLGSLEHHHHHH,68.5,68.5,68.5
S368A:S393D:M422L:H90R,MLKNDQLDQWDRDNFFHPSTHLAQHARGESANRVIKTASGVFIEDRDGTKLLDAFAGLWCVNVGYGRQEIAEAIADQARELAYYHSFVGRGTEASITLAKMILDRAPKNMSKVYFGLGGSDANETNVKLIWYYNNILGRPEKKKIISRWRGFHGSGLVTGSLTGLELFHKKFDLPVEQVIHTEAPYYFRREDLNQTEEQFVAHCVAELEALIEREGADTIAAFIGEPILGAGGIVPPPAGYWEAIQTVLNKHDILLVADEVVTGFGRLGTMFGSDHYGLEPDIITIAKGLTSAYAPLSGSIVSDKVWKVLEQGTDENGPIGHGWTYSAHPIGAAAGVANLKLLDELNLVSNAGEVGAYLNATMAEALAQHANVGDVRGEGLLCAVEFVKDRDDRTFFDAADKIGPQISAKLLEQDKIIARALPQGDILGFAPPFCLTRAEADQVVEGTLRAVKAVLGSLEHHHHHH,45.66666666666666,45.66666666666666,45.66666666666666
I234V:W59F:S86T:E177G,MLKNDQLDQWDRDNFFHPSTHLAQHARGESANRVIKTASGVFIEDRDGTKLLDAFAGLFCVNVGYGRQEIAEAIADQARELAYYHTFVGHGTEASITLAKMILDRAPKNMSKVYFGLGGSDANETNVKLIWYYNNILGRPEKKKIISRWRGFHGSGLVTGSLTGLELFHKKFDLPVGQVIHTEAPYYFRREDLNQTEEQFVAHCVAELEALIEREGADTIAAFIGEPILGAGGVVPPPAGYWEAIQTVLNKHDILLVADEVVTGFGRLGTMFGSDHYGLEPDIITIAKGLTSAYAPLSGSIVSDKVWKVLEQGTDENGPIGHGWTYSAHPIGAAAGVANLKLLDELNLVSNAGEVGAYLNATMAEALSQHANVGDVRGEGLLCAVEFVKDRDSRTFFDAADKIGPQISAKLLEQDKIIARAMPQGDILGFAPPFCLTRAEADQVVEGTLRAVKAVLGSLEHHHHHH,58.333333333333336,58.333333333333336,58.333333333333336
C60P:Q369G:L165I:F168N,MLKNDQLDQWDRDNFFHPSTHLAQHARGESANRVIKTASGVFIEDRDGTKLLDAFAGLWPVNVGYGRQEIAEAIADQARELAYYHSFVGHGTEASITLAKMILDRAPKNMSKVYFGLGGSDANETNVKLIWYYNNILGRPEKKKIISRWRGFHGSGLVTGSLTGIELNHKKFDLPVEQVIHTEAPYYFRREDLNQTEEQFVAHCVAELEALIEREGADTIAAFIGEPILGAGGIVPPPAGYWEAIQTVLNKHDILLVADEVVTGFGRLGTMFGSDHYGLEPDIITIAKGLTSAYAPLSGSIVSDKVWKVLEQGTDENGPIGHGWTYSAHPIGAAAGVANLKLLDELNLVSNAGEVGAYLNATMAEALSGHANVGDVRGEGLLCAVEFVKDRDSRTFFDAADKIGPQISAKLLEQDKIIARAMPQGDILGFAPPFCLTRAEADQVVEGTLRAVKAVLGSLEHHHHHH,90.5,90.5,90.5
N250Y:V262A:W59Y:F168N,MLKNDQLDQWDRDNFFHPSTHLAQHARGESANRVIKTASGVFIEDRDGTKLLDAFAGLYCVNVGYGRQEIAEAIADQARELAYYHSFVGHGTEASITLAKMILDRAPKNMSKVYFGLGGSDANETNVKLIWYYNNILGRPEKKKIISRWRGFHGSGLVTGSLTGLELNHKKFDLPVEQVIHTEAPYYFRREDLNQTEEQFVAHCVAELEALIEREGADTIAAFIGEPILGAGGIVPPPAGYWEAIQTVLYKHDILLVADEVATGFGRLGTMFGSDHYGLEPDIITIAKGLTSAYAPLSGSIVSDKVWKVLEQGTDENGPIGHGWTYSAHPIGAAAGVANLKLLDELNLVSNAGEVGAYLNATMAEALSQHANVGDVRGEGLLCAVEFVKDRDSRTFFDAADKIGPQISAKLLEQDKIIARAMPQGDILGFAPPFCLTRAEADQVVEGTLRAVKAVLGSLEHHHHHH,71.66666666666667,71.66666666666667,71.66666666666667
N250R:H85G:Y83S:M422T,MLKNDQLDQWDRDNFFHPSTHLAQHARGESANRVIKTASGVFIEDRDGTKLLDAFAGLWCVNVGYGRQEIAEAIADQARELASYGSFVGHGTEASITLAKMILDRAPKNMSKVYFGLGGSDANETNVKLIWYYNNILGRPEKKKIISRWRGFHGSGLVTGSLTGLELFHKKFDLPVEQVIHTEAPYYFRREDLNQTEEQFVAHCVAELEALIEREGADTIAAFIGEPILGAGGIVPPPAGYWEAIQTVLRKHDILLVADEVVTGFGRLGTMFGSDHYGLEPDIITIAKGLTSAYAPLSGSIVSDKVWKVLEQGTDENGPIGHGWTYSAHPIGAAAGVANLKLLDELNLVSNAGEVGAYLNATMAEALSQHANVGDVRGEGLLCAVEFVKDRDSRTFFDAADKIGPQISAKLLEQDKIIARATPQGDILGFAPPFCLTRAEADQVVEGTLRAVKAVLGSLEHHHHHH,94.0,94.0,94.0
F87Y:Y83S:A399P:L165M,MLKNDQLDQWDRDNFFHPSTHLAQHARGESANRVIKTASGVFIEDRDGTKLLDAFAGLWCVNVGYGRQEIAEAIADQARELASYHSYVGHGTEASITLAKMILDRAPKNMSKVYFGLGGSDANETNVKLIWYYNNILGRPEKKKIISRWRGFHGSGLVTGSLTGMELFHKKFDLPVEQVIHTEAPYYFRREDLNQTEEQFVAHCVAELEALIEREGADTIAAFIGEPILGAGGIVPPPAGYWEAIQTVLNKHDILLVADEVVTGFGRLGTMFGSDHYGLEPDIITIAKGLTSAYAPLSGSIVSDKVWKVLEQGTDENGPIGHGWTYSAHPIGAAAGVANLKLLDELNLVSNAGEVGAYLNATMAEALSQHANVGDVRGEGLLCAVEFVKDRDSRTFFDPADKIGPQISAKLLEQDKIIARAMPQGDILGFAPPFCLTRAEADQVVEGTLRAVKAVLGSLEHHHHHH,21.5,21.5,21.5
N250R:F87L:H252R:Q369D,MLKNDQLDQWDRDNFFHPSTHLAQHARGESANRVIKTASGVFIEDRDGTKLLDAFAGLWCVNVGYGRQEIAEAIADQARELAYYHSLVGHGTEASITLAKMILDRAPKNMSKVYFGLGGSDANETNVKLIWYYNNILGRPEKKKIISRWRGFHGSGLVTGSLTGLELFHKKFDLPVEQVIHTEAPYYFRREDLNQTEEQFVAHCVAELEALIEREGADTIAAFIGEPILGAGGIVPPPAGYWEAIQTVLRKRDILLVADEVVTGFGRLGTMFGSDHYGLEPDIITIAKGLTSAYAPLSGSIVSDKVWKVLEQGTDENGPIGHGWTYSAHPIGAAAGVANLKLLDELNLVSNAGEVGAYLNATMAEALSDHANVGDVRGEGLLCAVEFVKDRDSRTFFDAADKIGPQISAKLLEQDKIIARAMPQGDILGFAPPFCLTRAEADQVVEGTLRAVKAVLGSLEHHHHHH,64.33333333333333,64.33333333333333,64.33333333333333
W59L:R46T:D401R:S19W,MLKNDQLDQWDRDNFFHPWTHLAQHARGESANRVIKTASGVFIEDTDGTKLLDAFAGLLCVNVGYGRQEIAEAIADQARELAYYHSFVGHGTEASITLAKMILDRAPKNMSKVYFGLGGSDANETNVKLIWYYNNILGRPEKKKIISRWRGFHGSGLVTGSLTGLELFHKKFDLPVEQVIHTEAPYYFRREDLNQTEEQFVAHCVAELEALIEREGADTIAAFIGEPILGAGGIVPPPAGYWEAIQTVLNKHDILLVADEVVTGFGRLGTMFGSDHYGLEPDIITIAKGLTSAYAPLSGSIVSDKVWKVLEQGTDENGPIGHGWTYSAHPIGAAAGVANLKLLDELNLVSNAGEVGAYLNATMAEALSQHANVGDVRGEGLLCAVEFVKDRDSRTFFDAARKIGPQISAKLLEQDKIIARAMPQGDILGFAPPFCLTRAEADQVVEGTLRAVKAVLGSLEHHHHHH,98.66666666666669,98.66666666666669,98.66666666666669
I234M:L382I:H85G:R391K,MLKNDQLDQWDRDNFFHPSTHLAQHARGESANRVIKTASGVFIEDRDGTKLLDAFAGLWCVNVGYGRQEIAEAIADQARELAYYGSFVGHGTEASITLAKMILDRAPKNMSKVYFGLGGSDANETNVKLIWYYNNILGRPEKKKIISRWRGFHGSGLVTGSLTGLELFHKKFDLPVEQVIHTEAPYYFRREDLNQTEEQFVAHCVAELEALIEREGADTIAAFIGEPILGAGGMVPPPAGYWEAIQTVLNKHDILLVADEVVTGFGRLGTMFGSDHYGLEPDIITIAKGLTSAYAPLSGSIVSDKVWKVLEQGTDENGPIGHGWTYSAHPIGAAAGVANLKLLDELNLVSNAGEVGAYLNATMAEALSQHANVGDVRGEGLICAVEFVKDKDSRTFFDAADKIGPQISAKLLEQDKIIARAMPQGDILGFAPPFCLTRAEADQVVEGTLRAVKAVLGSLEHHHHHH,46.0,46.0,46.0
L382F:R420A:P423A:F168Y,MLKNDQLDQWDRDNFFHPSTHLAQHARGESANRVIKTASGVFIEDRDGTKLLDAFAGLWCVNVGYGRQEIAEAIADQARELAYYHSFVGHGTEASITLAKMILDRAPKNMSKVYFGLGGSDANETNVKLIWYYNNILGRPEKKKIISRWRGFHGSGLVTGSLTGLELYHKKFDLPVEQVIHTEAPYYFRREDLNQTEEQFVAHCVAELEALIEREGADTIAAFIGEPILGAGGIVPPPAGYWEAIQTVLNKHDILLVADEVVTGFGRLGTMFGSDHYGLEPDIITIAKGLTSAYAPLSGSIVSDKVWKVLEQGTDENGPIGHGWTYSAHPIGAAAGVANLKLLDELNLVSNAGEVGAYLNATMAEALSQHANVGDVRGEGLFCAVEFVKDRDSRTFFDAADKIGPQISAKLLEQDKIIAAAMAQGDILGFAPPFCLTRAEADQVVEGTLRAVKAVLGSLEHHHHHH,84.33333333333333,84.33333333333333,84.33333333333333
I234V:A231S:R391K:H90R,MLKNDQLDQWDRDNFFHPSTHLAQHARGESANRVIKTASGVFIEDRDGTKLLDAFAGLWCVNVGYGRQEIAEAIADQARELAYYHSFVGRGTEASITLAKMILDRAPKNMSKVYFGLGGSDANETNVKLIWYYNNILGRPEKKKIISRWRGFHGSGLVTGSLTGLELFHKKFDLPVEQVIHTEAPYYFRREDLNQTEEQFVAHCVAELEALIEREGADTIAAFIGEPILGSGGVVPPPAGYWEAIQTVLNKHDILLVADEVVTGFGRLGTMFGSDHYGLEPDIITIAKGLTSAYAPLSGSIVSDKVWKVLEQGTDENGPIGHGWTYSAHPIGAAAGVANLKLLDELNLVSNAGEVGAYLNATMAEALSQHANVGDVRGEGLLCAVEFVKDKDSRTFFDAADKIGPQISAKLLEQDKIIARAMPQGDILGFAPPFCLTRAEADQVVEGTLRAVKAVLGSLEHHHHHH,43.66666666666666,43.66666666666666,43.66666666666666
L382M:H252R:C60P:R394K,MLKNDQLDQWDRDNFFHPSTHLAQHARGESANRVIKTASGVFIEDRDGTKLLDAFAGLWPVNVGYGRQEIAEAIADQARELAYYHSFVGHGTEASITLAKMILDRAPKNMSKVYFGLGGSDANETNVKLIWYYNNILGRPEKKKIISRWRGFHGSGLVTGSLTGLELFHKKFDLPVEQVIHTEAPYYFRREDLNQTEEQFVAHCVAELEALIEREGADTIAAFIGEPILGAGGIVPPPAGYWEAIQTVLNKRDILLVADEVVTGFGRLGTMFGSDHYGLEPDIITIAKGLTSAYAPLSGSIVSDKVWKVLEQGTDENGPIGHGWTYSAHPIGAAAGVANLKLLDELNLVSNAGEVGAYLNATMAEALSQHANVGDVRGEGLMCAVEFVKDRDSKTFFDAADKIGPQISAKLLEQDKIIARAMPQGDILGFAPPFCLTRAEADQVVEGTLRAVKAVLGSLEHHHHHH,64.5,64.5,64.5
A71V:P423H:L167S:F168Y,MLKNDQLDQWDRDNFFHPSTHLAQHARGESANRVIKTASGVFIEDRDGTKLLDAFAGLWCVNVGYGRQEIVEAIADQARELAYYHSFVGHGTEASITLAKMILDRAPKNMSKVYFGLGGSDANETNVKLIWYYNNILGRPEKKKIISRWRGFHGSGLVTGSLTGLESYHKKFDLPVEQVIHTEAPYYFRREDLNQTEEQFVAHCVAELEALIEREGADTIAAFIGEPILGAGGIVPPPAGYWEAIQTVLNKHDILLVADEVVTGFGRLGTMFGSDHYGLEPDIITIAKGLTSAYAPLSGSIVSDKVWKVLEQGTDENGPIGHGWTYSAHPIGAAAGVANLKLLDELNLVSNAGEVGAYLNATMAEALSQHANVGDVRGEGLLCAVEFVKDRDSRTFFDAADKIGPQISAKLLEQDKIIARAMHQGDILGFAPPFCLTRAEADQVVEGTLRAVKAVLGSLEHHHHHH,62.333333333333336,62.333333333333336,62.333333333333336
N250D:V262M:F152W:H90K,MLKNDQLDQWDRDNFFHPSTHLAQHARGESANRVIKTASGVFIEDRDGTKLLDAFAGLWCVNVGYGRQEIAEAIADQARELAYYHSFVGKGTEASITLAKMILDRAPKNMSKVYFGLGGSDANETNVKLIWYYNNILGRPEKKKIISRWRGWHGSGLVTGSLTGLELFHKKFDLPVEQVIHTEAPYYFRREDLNQTEEQFVAHCVAELEALIEREGADTIAAFIGEPILGAGGIVPPPAGYWEAIQTVLDKHDILLVADEVMTGFGRLGTMFGSDHYGLEPDIITIAKGLTSAYAPLSGSIVSDKVWKVLEQGTDENGPIGHGWTYSAHPIGAAAGVANLKLLDELNLVSNAGEVGAYLNATMAEALSQHANVGDVRGEGLLCAVEFVKDRDSRTFFDAADKIGPQISAKLLEQDKIIARAMPQGDILGFAPPFCLTRAEADQVVEGTLRAVKAVLGSLEHHHHHH,142.5,142.5,142.5
N250K:S86A:D47Q:R394G,MLKNDQLDQWDRDNFFHPSTHLAQHARGESANRVIKTASGVFIEDRQGTKLLDAFAGLWCVNVGYGRQEIAEAIADQARELAYYHAFVGHGTEASITLAKMILDRAPKNMSKVYFGLGGSDANETNVKLIWYYNNILGRPEKKKIISRWRGFHGSGLVTGSLTGLELFHKKFDLPVEQVIHTEAPYYFRREDLNQTEEQFVAHCVAELEALIEREGADTIAAFIGEPILGAGGIVPPPAGYWEAIQTVLKKHDILLVADEVVTGFGRLGTMFGSDHYGLEPDIITIAKGLTSAYAPLSGSIVSDKVWKVLEQGTDENGPIGHGWTYSAHPIGAAAGVANLKLLDELNLVSNAGEVGAYLNATMAEALSQHANVGDVRGEGLLCAVEFVKDRDSGTFFDAADKIGPQISAKLLEQDKIIARAMPQGDILGFAPPFCLTRAEADQVVEGTLRAVKAVLGSLEHHHHHH,10.666666666666666,10.666666666666666,10.666666666666666
V262I:D47Q:M422T:H90K,MLKNDQLDQWDRDNFFHPSTHLAQHARGESANRVIKTASGVFIEDRQGTKLLDAFAGLWCVNVGYGRQEIAEAIADQARELAYYHSFVGKGTEASITLAKMILDRAPKNMSKVYFGLGGSDANETNVKLIWYYNNILGRPEKKKIISRWRGFHGSGLVTGSLTGLELFHKKFDLPVEQVIHTEAPYYFRREDLNQTEEQFVAHCVAELEALIEREGADTIAAFIGEPILGAGGIVPPPAGYWEAIQTVLNKHDILLVADEVITGFGRLGTMFGSDHYGLEPDIITIAKGLTSAYAPLSGSIVSDKVWKVLEQGTDENGPIGHGWTYSAHPIGAAAGVANLKLLDELNLVSNAGEVGAYLNATMAEALSQHANVGDVRGEGLLCAVEFVKDRDSRTFFDAADKIGPQISAKLLEQDKIIARATPQGDILGFAPPFCLTRAEADQVVEGTLRAVKAVLGSLEHHHHHH,49.66666666666666,49.66666666666666,49.66666666666666
G332S:D392E:D401L:H90K,MLKNDQLDQWDRDNFFHPSTHLAQHARGESANRVIKTASGVFIEDRDGTKLLDAFAGLWCVNVGYGRQEIAEAIADQARELAYYHSFVGKGTEASITLAKMILDRAPKNMSKVYFGLGGSDANETNVKLIWYYNNILGRPEKKKIISRWRGFHGSGLVTGSLTGLELFHKKFDLPVEQVIHTEAPYYFRREDLNQTEEQFVAHCVAELEALIEREGADTIAAFIGEPILGAGGIVPPPAGYWEAIQTVLNKHDILLVADEVVTGFGRLGTMFGSDHYGLEPDIITIAKGLTSAYAPLSGSIVSDKVWKVLEQGTDENGPIGHGWTYSAHPISAAAGVANLKLLDELNLVSNAGEVGAYLNATMAEALSQHANVGDVRGEGLLCAVEFVKDRESRTFFDAALKIGPQISAKLLEQDKIIARAMPQGDILGFAPPFCLTRAEADQVVEGTLRAVKAVLGSLEHHHHHH,21.666666666666668,21.666666666666668,21.666666666666668
P423H:W59G:Q369D:D398E,MLKNDQLDQWDRDNFFHPSTHLAQHARGESANRVIKTASGVFIEDRDGTKLLDAFAGLGCVNVGYGRQEIAEAIADQARELAYYHSFVGHGTEASITLAKMILDRAPKNMSKVYFGLGGSDANETNVKLIWYYNNILGRPEKKKIISRWRGFHGSGLVTGSLTGLELFHKKFDLPVEQVIHTEAPYYFRREDLNQTEEQFVAHCVAELEALIEREGADTIAAFIGEPILGAGGIVPPPAGYWEAIQTVLNKHDILLVADEVVTGFGRLGTMFGSDHYGLEPDIITIAKGLTSAYAPLSGSIVSDKVWKVLEQGTDENGPIGHGWTYSAHPIGAAAGVANLKLLDELNLVSNAGEVGAYLNATMAEALSDHANVGDVRGEGLLCAVEFVKDRDSRTFFEAADKIGPQISAKLLEQDKIIARAMHQGDILGFAPPFCLTRAEADQVVEGTLRAVKAVLGSLEHHHHHH,85.5,85.5,85.5
K402N:W59F:Y83H:D47E,MLKNDQLDQWDRDNFFHPSTHLAQHARGESANRVIKTASGVFIEDREGTKLLDAFAGLFCVNVGYGRQEIAEAIADQARELAHYHSFVGHGTEASITLAKMILDRAPKNMSKVYFGLGGSDANETNVKLIWYYNNILGRPEKKKIISRWRGFHGSGLVTGSLTGLELFHKKFDLPVEQVIHTEAPYYFRREDLNQTEEQFVAHCVAELEALIEREGADTIAAFIGEPILGAGGIVPPPAGYWEAIQTVLNKHDILLVADEVVTGFGRLGTMFGSDHYGLEPDIITIAKGLTSAYAPLSGSIVSDKVWKVLEQGTDENGPIGHGWTYSAHPIGAAAGVANLKLLDELNLVSNAGEVGAYLNATMAEALSQHANVGDVRGEGLLCAVEFVKDRDSRTFFDAADNIGPQISAKLLEQDKIIARAMPQGDILGFAPPFCLTRAEADQVVEGTLRAVKAVLGSLEHHHHHH,67.33333333333333,67.33333333333333,67.33333333333333
F152Y:E280K:E177G:Y83H,MLKNDQLDQWDRDNFFHPSTHLAQHARGESANRVIKTASGVFIEDRDGTKLLDAFAGLWCVNVGYGRQEIAEAIADQARELAHYHSFVGHGTEASITLAKMILDRAPKNMSKVYFGLGGSDANETNVKLIWYYNNILGRPEKKKIISRWRGYHGSGLVTGSLTGLELFHKKFDLPVGQVIHTEAPYYFRREDLNQTEEQFVAHCVAELEALIEREGADTIAAFIGEPILGAGGIVPPPAGYWEAIQTVLNKHDILLVADEVVTGFGRLGTMFGSDHYGLKPDIITIAKGLTSAYAPLSGSIVSDKVWKVLEQGTDENGPIGHGWTYSAHPIGAAAGVANLKLLDELNLVSNAGEVGAYLNATMAEALSQHANVGDVRGEGLLCAVEFVKDRDSRTFFDAADKIGPQISAKLLEQDKIIARAMPQGDILGFAPPFCLTRAEADQVVEGTLRAVKAVLGSLEHHHHHH,26.666666666666668,26.666666666666668,26.666666666666668
D398E:D401L:L165M:H90R,MLKNDQLDQWDRDNFFHPSTHLAQHARGESANRVIKTASGVFIEDRDGTKLLDAFAGLWCVNVGYGRQEIAEAIADQARELAYYHSFVGRGTEASITLAKMILDRAPKNMSKVYFGLGGSDANETNVKLIWYYNNILGRPEKKKIISRWRGFHGSGLVTGSLTGMELFHKKFDLPVEQVIHTEAPYYFRREDLNQTEEQFVAHCVAELEALIEREGADTIAAFIGEPILGAGGIVPPPAGYWEAIQTVLNKHDILLVADEVVTGFGRLGTMFGSDHYGLEPDIITIAKGLTSAYAPLSGSIVSDKVWKVLEQGTDENGPIGHGWTYSAHPIGAAAGVANLKLLDELNLVSNAGEVGAYLNATMAEALSQHANVGDVRGEGLLCAVEFVKDRDSRTFFEAALKIGPQISAKLLEQDKIIARAMPQGDILGFAPPFCLTRAEADQVVEGTLRAVKAVLGSLEHHHHHH,50.0,50.0,50.0
F152W:A231S:D401G:P281S,MLKNDQLDQWDRDNFFHPSTHLAQHARGESANRVIKTASGVFIEDRDGTKLLDAFAGLWCVNVGYGRQEIAEAIADQARELAYYHSFVGHGTEASITLAKMILDRAPKNMSKVYFGLGGSDANETNVKLIWYYNNILGRPEKKKIISRWRGWHGSGLVTGSLTGLELFHKKFDLPVEQVIHTEAPYYFRREDLNQTEEQFVAHCVAELEALIEREGADTIAAFIGEPILGSGGIVPPPAGYWEAIQTVLNKHDILLVADEVVTGFGRLGTMFGSDHYGLESDIITIAKGLTSAYAPLSGSIVSDKVWKVLEQGTDENGPIGHGWTYSAHPIGAAAGVANLKLLDELNLVSNAGEVGAYLNATMAEALSQHANVGDVRGEGLLCAVEFVKDRDSRTFFDAAGKIGPQISAKLLEQDKIIARAMPQGDILGFAPPFCLTRAEADQVVEGTLRAVKAVLGSLEHHHHHH,127.5,127.5,127.5
P423Q:F87Y:F152Y:A231E,MLKNDQLDQWDRDNFFHPSTHLAQHARGESANRVIKTASGVFIEDRDGTKLLDAFAGLWCVNVGYGRQEIAEAIADQARELAYYHSYVGHGTEASITLAKMILDRAPKNMSKVYFGLGGSDANETNVKLIWYYNNILGRPEKKKIISRWRGYHGSGLVTGSLTGLELFHKKFDLPVEQVIHTEAPYYFRREDLNQTEEQFVAHCVAELEALIEREGADTIAAFIGEPILGEGGIVPPPAGYWEAIQTVLNKHDILLVADEVVTGFGRLGTMFGSDHYGLEPDIITIAKGLTSAYAPLSGSIVSDKVWKVLEQGTDENGPIGHGWTYSAHPIGAAAGVANLKLLDELNLVSNAGEVGAYLNATMAEALSQHANVGDVRGEGLLCAVEFVKDRDSRTFFDAADKIGPQISAKLLEQDKIIARAMQQGDILGFAPPFCLTRAEADQVVEGTLRAVKAVLGSLEHHHHHH,41.66666666666666,41.66666666666666,41.66666666666666
K402V:A231V:H252Y:S155V,MLKNDQLDQWDRDNFFHPSTHLAQHARGESANRVIKTASGVFIEDRDGTKLLDAFAGLWCVNVGYGRQEIAEAIADQARELAYYHSFVGHGTEASITLAKMILDRAPKNMSKVYFGLGGSDANETNVKLIWYYNNILGRPEKKKIISRWRGFHGVGLVTGSLTGLELFHKKFDLPVEQVIHTEAPYYFRREDLNQTEEQFVAHCVAELEALIEREGADTIAAFIGEPILGVGGIVPPPAGYWEAIQTVLNKYDILLVADEVVTGFGRLGTMFGSDHYGLEPDIITIAKGLTSAYAPLSGSIVSDKVWKVLEQGTDENGPIGHGWTYSAHPIGAAAGVANLKLLDELNLVSNAGEVGAYLNATMAEALSQHANVGDVRGEGLLCAVEFVKDRDSRTFFDAADVIGPQISAKLLEQDKIIARAMPQGDILGFAPPFCLTRAEADQVVEGTLRAVKAVLGSLEHHHHHH,66.66666666666667,66.66666666666667,66.66666666666667
Q406K:S86A:R214S:R394K,MLKNDQLDQWDRDNFFHPSTHLAQHARGESANRVIKTASGVFIEDRDGTKLLDAFAGLWCVNVGYGRQEIAEAIADQARELAYYHAFVGHGTEASITLAKMILDRAPKNMSKVYFGLGGSDANETNVKLIWYYNNILGRPEKKKIISRWRGFHGSGLVTGSLTGLELFHKKFDLPVEQVIHTEAPYYFRREDLNQTEEQFVAHCVAELEALIESEGADTIAAFIGEPILGAGGIVPPPAGYWEAIQTVLNKHDILLVADEVVTGFGRLGTMFGSDHYGLEPDIITIAKGLTSAYAPLSGSIVSDKVWKVLEQGTDENGPIGHGWTYSAHPIGAAAGVANLKLLDELNLVSNAGEVGAYLNATMAEALSQHANVGDVRGEGLLCAVEFVKDRDSKTFFDAADKIGPKISAKLLEQDKIIARAMPQGDILGFAPPFCLTRAEADQVVEGTLRAVKAVLGSLEHHHHHH,24.0,24.0,24.0
P423H:S86A:A399Q:L165M,MLKNDQLDQWDRDNFFHPSTHLAQHARGESANRVIKTASGVFIEDRDGTKLLDAFAGLWCVNVGYGRQEIAEAIADQARELAYYHAFVGHGTEASITLAKMILDRAPKNMSKVYFGLGGSDANETNVKLIWYYNNILGRPEKKKIISRWRGFHGSGLVTGSLTGMELFHKKFDLPVEQVIHTEAPYYFRREDLNQTEEQFVAHCVAELEALIEREGADTIAAFIGEPILGAGGIVPPPAGYWEAIQTVLNKHDILLVADEVVTGFGRLGTMFGSDHYGLEPDIITIAKGLTSAYAPLSGSIVSDKVWKVLEQGTDENGPIGHGWTYSAHPIGAAAGVANLKLLDELNLVSNAGEVGAYLNATMAEALSQHANVGDVRGEGLLCAVEFVKDRDSRTFFDQADKIGPQISAKLLEQDKIIARAMHQGDILGFAPPFCLTRAEADQVVEGTLRAVKAVLGSLEHHHHHH,36.66666666666666,36.66666666666666,36.66666666666666
N250K:Q406A:D401G:M422S,MLKNDQLDQWDRDNFFHPSTHLAQHARGESANRVIKTASGVFIEDRDGTKLLDAFAGLWCVNVGYGRQEIAEAIADQARELAYYHSFVGHGTEASITLAKMILDRAPKNMSKVYFGLGGSDANETNVKLIWYYNNILGRPEKKKIISRWRGFHGSGLVTGSLTGLELFHKKFDLPVEQVIHTEAPYYFRREDLNQTEEQFVAHCVAELEALIEREGADTIAAFIGEPILGAGGIVPPPAGYWEAIQTVLKKHDILLVADEVVTGFGRLGTMFGSDHYGLEPDIITIAKGLTSAYAPLSGSIVSDKVWKVLEQGTDENGPIGHGWTYSAHPIGAAAGVANLKLLDELNLVSNAGEVGAYLNATMAEALSQHANVGDVRGEGLLCAVEFVKDRDSRTFFDAAGKIGPAISAKLLEQDKIIARASPQGDILGFAPPFCLTRAEADQVVEGTLRAVKAVLGSLEHHHHHH,41.0,41.0,41.0
W59L:S155A:A56G:M422L,MLKNDQLDQWDRDNFFHPSTHLAQHARGESANRVIKTASGVFIEDRDGTKLLDAFGGLLCVNVGYGRQEIAEAIADQARELAYYHSFVGHGTEASITLAKMILDRAPKNMSKVYFGLGGSDANETNVKLIWYYNNILGRPEKKKIISRWRGFHGAGLVTGSLTGLELFHKKFDLPVEQVIHTEAPYYFRREDLNQTEEQFVAHCVAELEALIEREGADTIAAFIGEPILGAGGIVPPPAGYWEAIQTVLNKHDILLVADEVVTGFGRLGTMFGSDHYGLEPDIITIAKGLTSAYAPLSGSIVSDKVWKVLEQGTDENGPIGHGWTYSAHPIGAAAGVANLKLLDELNLVSNAGEVGAYLNATMAEALSQHANVGDVRGEGLLCAVEFVKDRDSRTFFDAADKIGPQISAKLLEQDKIIARALPQGDILGFAPPFCLTRAEADQVVEGTLRAVKAVLGSLEHHHHHH,86.5,86.5,86.5
N250R:V262A:L167F:R394G,MLKNDQLDQWDRDNFFHPSTHLAQHARGESANRVIKTASGVFIEDRDGTKLLDAFAGLWCVNVGYGRQEIAEAIADQARELAYYHSFVGHGTEASITLAKMILDRAPKNMSKVYFGLGGSDANETNVKLIWYYNNILGRPEKKKIISRWRGFHGSGLVTGSLTGLEFFHKKFDLPVEQVIHTEAPYYFRREDLNQTEEQFVAHCVAELEALIEREGADTIAAFIGEPILGAGGIVPPPAGYWEAIQTVLRKHDILLVADEVATGFGRLGTMFGSDHYGLEPDIITIAKGLTSAYAPLSGSIVSDKVWKVLEQGTDENGPIGHGWTYSAHPIGAAAGVANLKLLDELNLVSNAGEVGAYLNATMAEALSQHANVGDVRGEGLLCAVEFVKDRDSGTFFDAADKIGPQISAKLLEQDKIIARAMPQGDILGFAPPFCLTRAEADQVVEGTLRAVKAVLGSLEHHHHHH,63.5,63.5,63.5
W59A:S86A:A231S:A56S,MLKNDQLDQWDRDNFFHPSTHLAQHARGESANRVIKTASGVFIEDRDGTKLLDAFSGLACVNVGYGRQEIAEAIADQARELAYYHAFVGHGTEASITLAKMILDRAPKNMSKVYFGLGGSDANETNVKLIWYYNNILGRPEKKKIISRWRGFHGSGLVTGSLTGLELFHKKFDLPVEQVIHTEAPYYFRREDLNQTEEQFVAHCVAELEALIEREGADTIAAFIGEPILGSGGIVPPPAGYWEAIQTVLNKHDILLVADEVVTGFGRLGTMFGSDHYGLEPDIITIAKGLTSAYAPLSGSIVSDKVWKVLEQGTDENGPIGHGWTYSAHPIGAAAGVANLKLLDELNLVSNAGEVGAYLNATMAEALSQHANVGDVRGEGLLCAVEFVKDRDSRTFFDAADKIGPQISAKLLEQDKIIARAMPQGDILGFAPPFCLTRAEADQVVEGTLRAVKAVLGSLEHHHHHH,31.0,31.0,31.0
V262A:R420K:W59G:E29K,MLKNDQLDQWDRDNFFHPSTHLAQHARGKSANRVIKTASGVFIEDRDGTKLLDAFAGLGCVNVGYGRQEIAEAIADQARELAYYHSFVGHGTEASITLAKMILDRAPKNMSKVYFGLGGSDANETNVKLIWYYNNILGRPEKKKIISRWRGFHGSGLVTGSLTGLELFHKKFDLPVEQVIHTEAPYYFRREDLNQTEEQFVAHCVAELEALIEREGADTIAAFIGEPILGAGGIVPPPAGYWEAIQTVLNKHDILLVADEVATGFGRLGTMFGSDHYGLEPDIITIAKGLTSAYAPLSGSIVSDKVWKVLEQGTDENGPIGHGWTYSAHPIGAAAGVANLKLLDELNLVSNAGEVGAYLNATMAEALSQHANVGDVRGEGLLCAVEFVKDRDSRTFFDAADKIGPQISAKLLEQDKIIAKAMPQGDILGFAPPFCLTRAEADQVVEGTLRAVKAVLGSLEHHHHHH,127.0,127.0,127.0
I234V:F87Y:L167N:D47Q,MLKNDQLDQWDRDNFFHPSTHLAQHARGESANRVIKTASGVFIEDRQGTKLLDAFAGLWCVNVGYGRQEIAEAIADQARELAYYHSYVGHGTEASITLAKMILDRAPKNMSKVYFGLGGSDANETNVKLIWYYNNILGRPEKKKIISRWRGFHGSGLVTGSLTGLENFHKKFDLPVEQVIHTEAPYYFRREDLNQTEEQFVAHCVAELEALIEREGADTIAAFIGEPILGAGGVVPPPAGYWEAIQTVLNKHDILLVADEVVTGFGRLGTMFGSDHYGLEPDIITIAKGLTSAYAPLSGSIVSDKVWKVLEQGTDENGPIGHGWTYSAHPIGAAAGVANLKLLDELNLVSNAGEVGAYLNATMAEALSQHANVGDVRGEGLLCAVEFVKDRDSRTFFDAADKIGPQISAKLLEQDKIIARAMPQGDILGFAPPFCLTRAEADQVVEGTLRAVKAVLGSLEHHHHHH,9.0,9.0,9.0
A71V:K402E:R420L:S155V,MLKNDQLDQWDRDNFFHPSTHLAQHARGESANRVIKTASGVFIEDRDGTKLLDAFAGLWCVNVGYGRQEIVEAIADQARELAYYHSFVGHGTEASITLAKMILDRAPKNMSKVYFGLGGSDANETNVKLIWYYNNILGRPEKKKIISRWRGFHGVGLVTGSLTGLELFHKKFDLPVEQVIHTEAPYYFRREDLNQTEEQFVAHCVAELEALIEREGADTIAAFIGEPILGAGGIVPPPAGYWEAIQTVLNKHDILLVADEVVTGFGRLGTMFGSDHYGLEPDIITIAKGLTSAYAPLSGSIVSDKVWKVLEQGTDENGPIGHGWTYSAHPIGAAAGVANLKLLDELNLVSNAGEVGAYLNATMAEALSQHANVGDVRGEGLLCAVEFVKDRDSRTFFDAADEIGPQISAKLLEQDKIIALAMPQGDILGFAPPFCLTRAEADQVVEGTLRAVKAVLGSLEHHHHHH,66.66666666666667,66.66666666666667,66.66666666666667
L382F:E177A:D392A:M422S,MLKNDQLDQWDRDNFFHPSTHLAQHARGESANRVIKTASGVFIEDRDGTKLLDAFAGLWCVNVGYGRQEIAEAIADQARELAYYHSFVGHGTEASITLAKMILDRAPKNMSKVYFGLGGSDANETNVKLIWYYNNILGRPEKKKIISRWRGFHGSGLVTGSLTGLELFHKKFDLPVAQVIHTEAPYYFRREDLNQTEEQFVAHCVAELEALIEREGADTIAAFIGEPILGAGGIVPPPAGYWEAIQTVLNKHDILLVADEVVTGFGRLGTMFGSDHYGLEPDIITIAKGLTSAYAPLSGSIVSDKVWKVLEQGTDENGPIGHGWTYSAHPIGAAAGVANLKLLDELNLVSNAGEVGAYLNATMAEALSQHANVGDVRGEGLFCAVEFVKDRASRTFFDAADKIGPQISAKLLEQDKIIARASPQGDILGFAPPFCLTRAEADQVVEGTLRAVKAVLGSLEHHHHHH,45.0,45.0,45.0
N250D:A71I:Q406R:P423R,MLKNDQLDQWDRDNFFHPSTHLAQHARGESANRVIKTASGVFIEDRDGTKLLDAFAGLWCVNVGYGRQEIIEAIADQARELAYYHSFVGHGTEASITLAKMILDRAPKNMSKVYFGLGGSDANETNVKLIWYYNNILGRPEKKKIISRWRGFHGSGLVTGSLTGLELFHKKFDLPVEQVIHTEAPYYFRREDLNQTEEQFVAHCVAELEALIEREGADTIAAFIGEPILGAGGIVPPPAGYWEAIQTVLDKHDILLVADEVVTGFGRLGTMFGSDHYGLEPDIITIAKGLTSAYAPLSGSIVSDKVWKVLEQGTDENGPIGHGWTYSAHPIGAAAGVANLKLLDELNLVSNAGEVGAYLNATMAEALSQHANVGDVRGEGLLCAVEFVKDRDSRTFFDAADKIGPRISAKLLEQDKIIARAMRQGDILGFAPPFCLTRAEADQVVEGTLRAVKAVLGSLEHHHHHH,85.33333333333333,85.33333333333333,85.33333333333333
P423R:E177G:R394K:M422L,MLKNDQLDQWDRDNFFHPSTHLAQHARGESANRVIKTASGVFIEDRDGTKLLDAFAGLWCVNVGYGRQEIAEAIADQARELAYYHSFVGHGTEASITLAKMILDRAPKNMSKVYFGLGGSDANETNVKLIWYYNNILGRPEKKKIISRWRGFHGSGLVTGSLTGLELFHKKFDLPVGQVIHTEAPYYFRREDLNQTEEQFVAHCVAELEALIEREGADTIAAFIGEPILGAGGIVPPPAGYWEAIQTVLNKHDILLVADEVVTGFGRLGTMFGSDHYGLEPDIITIAKGLTSAYAPLSGSIVSDKVWKVLEQGTDENGPIGHGWTYSAHPIGAAAGVANLKLLDELNLVSNAGEVGAYLNATMAEALSQHANVGDVRGEGLLCAVEFVKDRDSKTFFDAADKIGPQISAKLLEQDKIIARALRQGDILGFAPPFCLTRAEADQVVEGTLRAVKAVLGSLEHHHHHH,48.0,48.0,48.0
F152Y:L167S:P281S:M422A,MLKNDQLDQWDRDNFFHPSTHLAQHARGESANRVIKTASGVFIEDRDGTKLLDAFAGLWCVNVGYGRQEIAEAIADQARELAYYHSFVGHGTEASITLAKMILDRAPKNMSKVYFGLGGSDANETNVKLIWYYNNILGRPEKKKIISRWRGYHGSGLVTGSLTGLESFHKKFDLPVEQVIHTEAPYYFRREDLNQTEEQFVAHCVAELEALIEREGADTIAAFIGEPILGAGGIVPPPAGYWEAIQTVLNKHDILLVADEVVTGFGRLGTMFGSDHYGLESDIITIAKGLTSAYAPLSGSIVSDKVWKVLEQGTDENGPIGHGWTYSAHPIGAAAGVANLKLLDELNLVSNAGEVGAYLNATMAEALSQHANVGDVRGEGLLCAVEFVKDRDSRTFFDAADKIGPQISAKLLEQDKIIARAAPQGDILGFAPPFCLTRAEADQVVEGTLRAVKAVLGSLEHHHHHH,35.333333333333336,35.333333333333336,35.333333333333336
L382M:Y83H:R391K:S19Y,MLKNDQLDQWDRDNFFHPYTHLAQHARGESANRVIKTASGVFIEDRDGTKLLDAFAGLWCVNVGYGRQEIAEAIADQARELAHYHSFVGHGTEASITLAKMILDRAPKNMSKVYFGLGGSDANETNVKLIWYYNNILGRPEKKKIISRWRGFHGSGLVTGSLTGLELFHKKFDLPVEQVIHTEAPYYFRREDLNQTEEQFVAHCVAELEALIEREGADTIAAFIGEPILGAGGIVPPPAGYWEAIQTVLNKHDILLVADEVVTGFGRLGTMFGSDHYGLEPDIITIAKGLTSAYAPLSGSIVSDKVWKVLEQGTDENGPIGHGWTYSAHPIGAAAGVANLKLLDELNLVSNAGEVGAYLNATMAEALSQHANVGDVRGEGLMCAVEFVKDKDSRTFFDAADKIGPQISAKLLEQDKIIARAMPQGDILGFAPPFCLTRAEADQVVEGTLRAVKAVLGSLEHHHHHH,43.0,43.0,43.0
N250Y:L382I:R420A:L58I,MLKNDQLDQWDRDNFFHPSTHLAQHARGESANRVIKTASGVFIEDRDGTKLLDAFAGIWCVNVGYGRQEIAEAIADQARELAYYHSFVGHGTEASITLAKMILDRAPKNMSKVYFGLGGSDANETNVKLIWYYNNILGRPEKKKIISRWRGFHGSGLVTGSLTGLELFHKKFDLPVEQVIHTEAPYYFRREDLNQTEEQFVAHCVAELEALIEREGADTIAAFIGEPILGAGGIVPPPAGYWEAIQTVLYKHDILLVADEVVTGFGRLGTMFGSDHYGLEPDIITIAKGLTSAYAPLSGSIVSDKVWKVLEQGTDENGPIGHGWTYSAHPIGAAAGVANLKLLDELNLVSNAGEVGAYLNATMAEALSQHANVGDVRGEGLICAVEFVKDRDSRTFFDAADKIGPQISAKLLEQDKIIAAAMPQGDILGFAPPFCLTRAEADQVVEGTLRAVKAVLGSLEHHHHHH,111.66666666666669,111.66666666666669,111.66666666666669
W59G:S155A:R214A:D392A,MLKNDQLDQWDRDNFFHPSTHLAQHARGESANRVIKTASGVFIEDRDGTKLLDAFAGLGCVNVGYGRQEIAEAIADQARELAYYHSFVGHGTEASITLAKMILDRAPKNMSKVYFGLGGSDANETNVKLIWYYNNILGRPEKKKIISRWRGFHGAGLVTGSLTGLELFHKKFDLPVEQVIHTEAPYYFRREDLNQTEEQFVAHCVAELEALIEAEGADTIAAFIGEPILGAGGIVPPPAGYWEAIQTVLNKHDILLVADEVVTGFGRLGTMFGSDHYGLEPDIITIAKGLTSAYAPLSGSIVSDKVWKVLEQGTDENGPIGHGWTYSAHPIGAAAGVANLKLLDELNLVSNAGEVGAYLNATMAEALSQHANVGDVRGEGLLCAVEFVKDRASRTFFDAADKIGPQISAKLLEQDKIIARAMPQGDILGFAPPFCLTRAEADQVVEGTLRAVKAVLGSLEHHHHHH,68.66666666666667,68.66666666666667,68.66666666666667
N250D:G332A:R420L:R214A,MLKNDQLDQWDRDNFFHPSTHLAQHARGESANRVIKTASGVFIEDRDGTKLLDAFAGLWCVNVGYGRQEIAEAIADQARELAYYHSFVGHGTEASITLAKMILDRAPKNMSKVYFGLGGSDANETNVKLIWYYNNILGRPEKKKIISRWRGFHGSGLVTGSLTGLELFHKKFDLPVEQVIHTEAPYYFRREDLNQTEEQFVAHCVAELEALIEAEGADTIAAFIGEPILGAGGIVPPPAGYWEAIQTVLDKHDILLVADEVVTGFGRLGTMFGSDHYGLEPDIITIAKGLTSAYAPLSGSIVSDKVWKVLEQGTDENGPIGHGWTYSAHPIAAAAGVANLKLLDELNLVSNAGEVGAYLNATMAEALSQHANVGDVRGEGLLCAVEFVKDRDSRTFFDAADKIGPQISAKLLEQDKIIALAMPQGDILGFAPPFCLTRAEADQVVEGTLRAVKAVLGSLEHHHHHH,39.333333333333336,39.333333333333336,39.333333333333336
C60V:R46H:D47E:S19F,MLKNDQLDQWDRDNFFHPFTHLAQHARGESANRVIKTASGVFIEDHEGTKLLDAFAGLWVVNVGYGRQEIAEAIADQARELAYYHSFVGHGTEASITLAKMILDRAPKNMSKVYFGLGGSDANETNVKLIWYYNNILGRPEKKKIISRWRGFHGSGLVTGSLTGLELFHKKFDLPVEQVIHTEAPYYFRREDLNQTEEQFVAHCVAELEALIEREGADTIAAFIGEPILGAGGIVPPPAGYWEAIQTVLNKHDILLVADEVVTGFGRLGTMFGSDHYGLEPDIITIAKGLTSAYAPLSGSIVSDKVWKVLEQGTDENGPIGHGWTYSAHPIGAAAGVANLKLLDELNLVSNAGEVGAYLNATMAEALSQHANVGDVRGEGLLCAVEFVKDRDSRTFFDAADKIGPQISAKLLEQDKIIARAMPQGDILGFAPPFCLTRAEADQVVEGTLRAVKAVLGSLEHHHHHH,63.333333333333336,63.333333333333336,63.333333333333336
A71V:D47E:R394G:D401L,MLKNDQLDQWDRDNFFHPSTHLAQHARGESANRVIKTASGVFIEDREGTKLLDAFAGLWCVNVGYGRQEIVEAIADQARELAYYHSFVGHGTEASITLAKMILDRAPKNMSKVYFGLGGSDANETNVKLIWYYNNILGRPEKKKIISRWRGFHGSGLVTGSLTGLELFHKKFDLPVEQVIHTEAPYYFRREDLNQTEEQFVAHCVAELEALIEREGADTIAAFIGEPILGAGGIVPPPAGYWEAIQTVLNKHDILLVADEVVTGFGRLGTMFGSDHYGLEPDIITIAKGLTSAYAPLSGSIVSDKVWKVLEQGTDENGPIGHGWTYSAHPIGAAAGVANLKLLDELNLVSNAGEVGAYLNATMAEALSQHANVGDVRGEGLLCAVEFVKDRDSGTFFDAALKIGPQISAKLLEQDKIIARAMPQGDILGFAPPFCLTRAEADQVVEGTLRAVKAVLGSLEHHHHHH,40.333333333333336,40.333333333333336,40.333333333333336
L382I:R420W:A231V:S120T,MLKNDQLDQWDRDNFFHPSTHLAQHARGESANRVIKTASGVFIEDRDGTKLLDAFAGLWCVNVGYGRQEIAEAIADQARELAYYHSFVGHGTEASITLAKMILDRAPKNMSKVYFGLGGTDANETNVKLIWYYNNILGRPEKKKIISRWRGFHGSGLVTGSLTGLELFHKKFDLPVEQVIHTEAPYYFRREDLNQTEEQFVAHCVAELEALIEREGADTIAAFIGEPILGVGGIVPPPAGYWEAIQTVLNKHDILLVADEVVTGFGRLGTMFGSDHYGLEPDIITIAKGLTSAYAPLSGSIVSDKVWKVLEQGTDENGPIGHGWTYSAHPIGAAAGVANLKLLDELNLVSNAGEVGAYLNATMAEALSQHANVGDVRGEGLICAVEFVKDRDSRTFFDAADKIGPQISAKLLEQDKIIAWAMPQGDILGFAPPFCLTRAEADQVVEGTLRAVKAVLGSLEHHHHHH,100.66666666666669,100.66666666666669,100.66666666666669
L382M:P423A:W59Y:M422A,MLKNDQLDQWDRDNFFHPSTHLAQHARGESANRVIKTASGVFIEDRDGTKLLDAFAGLYCVNVGYGRQEIAEAIADQARELAYYHSFVGHGTEASITLAKMILDRAPKNMSKVYFGLGGSDANETNVKLIWYYNNILGRPEKKKIISRWRGFHGSGLVTGSLTGLELFHKKFDLPVEQVIHTEAPYYFRREDLNQTEEQFVAHCVAELEALIEREGADTIAAFIGEPILGAGGIVPPPAGYWEAIQTVLNKHDILLVADEVVTGFGRLGTMFGSDHYGLEPDIITIAKGLTSAYAPLSGSIVSDKVWKVLEQGTDENGPIGHGWTYSAHPIGAAAGVANLKLLDELNLVSNAGEVGAYLNATMAEALSQHANVGDVRGEGLMCAVEFVKDRDSRTFFDAADKIGPQISAKLLEQDKIIARAAAQGDILGFAPPFCLTRAEADQVVEGTLRAVKAVLGSLEHHHHHH,13.0,13.0,13.0
L382M:G429A:A56G:H90K,MLKNDQLDQWDRDNFFHPSTHLAQHARGESANRVIKTASGVFIEDRDGTKLLDAFGGLWCVNVGYGRQEIAEAIADQARELAYYHSFVGKGTEASITLAKMILDRAPKNMSKVYFGLGGSDANETNVKLIWYYNNILGRPEKKKIISRWRGFHGSGLVTGSLTGLELFHKKFDLPVEQVIHTEAPYYFRREDLNQTEEQFVAHCVAELEALIEREGADTIAAFIGEPILGAGGIVPPPAGYWEAIQTVLNKHDILLVADEVVTGFGRLGTMFGSDHYGLEPDIITIAKGLTSAYAPLSGSIVSDKVWKVLEQGTDENGPIGHGWTYSAHPIGAAAGVANLKLLDELNLVSNAGEVGAYLNATMAEALSQHANVGDVRGEGLMCAVEFVKDRDSRTFFDAADKIGPQISAKLLEQDKIIARAMPQGDILAFAPPFCLTRAEADQVVEGTLRAVKAVLGSLEHHHHHH,42.0,42.0,42.0
R420L:H85M:W59G:L167A,MLKNDQLDQWDRDNFFHPSTHLAQHARGESANRVIKTASGVFIEDRDGTKLLDAFAGLGCVNVGYGRQEIAEAIADQARELAYYMSFVGHGTEASITLAKMILDRAPKNMSKVYFGLGGSDANETNVKLIWYYNNILGRPEKKKIISRWRGFHGSGLVTGSLTGLEAFHKKFDLPVEQVIHTEAPYYFRREDLNQTEEQFVAHCVAELEALIEREGADTIAAFIGEPILGAGGIVPPPAGYWEAIQTVLNKHDILLVADEVVTGFGRLGTMFGSDHYGLEPDIITIAKGLTSAYAPLSGSIVSDKVWKVLEQGTDENGPIGHGWTYSAHPIGAAAGVANLKLLDELNLVSNAGEVGAYLNATMAEALSQHANVGDVRGEGLLCAVEFVKDRDSRTFFDAADKIGPQISAKLLEQDKIIALAMPQGDILGFAPPFCLTRAEADQVVEGTLRAVKAVLGSLEHHHHHH,117.66666666666669,117.66666666666669,117.66666666666669
H85M:H252Y:E29K:D47E,MLKNDQLDQWDRDNFFHPSTHLAQHARGKSANRVIKTASGVFIEDREGTKLLDAFAGLWCVNVGYGRQEIAEAIADQARELAYYMSFVGHGTEASITLAKMILDRAPKNMSKVYFGLGGSDANETNVKLIWYYNNILGRPEKKKIISRWRGFHGSGLVTGSLTGLELFHKKFDLPVEQVIHTEAPYYFRREDLNQTEEQFVAHCVAELEALIEREGADTIAAFIGEPILGAGGIVPPPAGYWEAIQTVLNKYDILLVADEVVTGFGRLGTMFGSDHYGLEPDIITIAKGLTSAYAPLSGSIVSDKVWKVLEQGTDENGPIGHGWTYSAHPIGAAAGVANLKLLDELNLVSNAGEVGAYLNATMAEALSQHANVGDVRGEGLLCAVEFVKDRDSRTFFDAADKIGPQISAKLLEQDKIIARAMPQGDILGFAPPFCLTRAEADQVVEGTLRAVKAVLGSLEHHHHHH,36.66666666666666,36.66666666666666,36.66666666666666
P423Q:W59F:D398E:S19W,MLKNDQLDQWDRDNFFHPWTHLAQHARGESANRVIKTASGVFIEDRDGTKLLDAFAGLFCVNVGYGRQEIAEAIADQARELAYYHSFVGHGTEASITLAKMILDRAPKNMSKVYFGLGGSDANETNVKLIWYYNNILGRPEKKKIISRWRGFHGSGLVTGSLTGLELFHKKFDLPVEQVIHTEAPYYFRREDLNQTEEQFVAHCVAELEALIEREGADTIAAFIGEPILGAGGIVPPPAGYWEAIQTVLNKHDILLVADEVVTGFGRLGTMFGSDHYGLEPDIITIAKGLTSAYAPLSGSIVSDKVWKVLEQGTDENGPIGHGWTYSAHPIGAAAGVANLKLLDELNLVSNAGEVGAYLNATMAEALSQHANVGDVRGEGLLCAVEFVKDRDSRTFFEAADKIGPQISAKLLEQDKIIARAMQQGDILGFAPPFCLTRAEADQVVEGTLRAVKAVLGSLEHHHHHH,68.66666666666667,68.66666666666667,68.66666666666667
P423G:G429Y:F152Y:S155A,MLKNDQLDQWDRDNFFHPSTHLAQHARGESANRVIKTASGVFIEDRDGTKLLDAFAGLWCVNVGYGRQEIAEAIADQARELAYYHSFVGHGTEASITLAKMILDRAPKNMSKVYFGLGGSDANETNVKLIWYYNNILGRPEKKKIISRWRGYHGAGLVTGSLTGLELFHKKFDLPVEQVIHTEAPYYFRREDLNQTEEQFVAHCVAELEALIEREGADTIAAFIGEPILGAGGIVPPPAGYWEAIQTVLNKHDILLVADEVVTGFGRLGTMFGSDHYGLEPDIITIAKGLTSAYAPLSGSIVSDKVWKVLEQGTDENGPIGHGWTYSAHPIGAAAGVANLKLLDELNLVSNAGEVGAYLNATMAEALSQHANVGDVRGEGLLCAVEFVKDRDSRTFFDAADKIGPQISAKLLEQDKIIARAMGQGDILYFAPPFCLTRAEADQVVEGTLRAVKAVLGSLEHHHHHH,79.0,79.0,79.0
E177A:Q369G:F397L:S19Y,MLKNDQLDQWDRDNFFHPYTHLAQHARGESANRVIKTASGVFIEDRDGTKLLDAFAGLWCVNVGYGRQEIAEAIADQARELAYYHSFVGHGTEASITLAKMILDRAPKNMSKVYFGLGGSDANETNVKLIWYYNNILGRPEKKKIISRWRGFHGSGLVTGSLTGLELFHKKFDLPVAQVIHTEAPYYFRREDLNQTEEQFVAHCVAELEALIEREGADTIAAFIGEPILGAGGIVPPPAGYWEAIQTVLNKHDILLVADEVVTGFGRLGTMFGSDHYGLEPDIITIAKGLTSAYAPLSGSIVSDKVWKVLEQGTDENGPIGHGWTYSAHPIGAAAGVANLKLLDELNLVSNAGEVGAYLNATMAEALSGHANVGDVRGEGLLCAVEFVKDRDSRTFLDAADKIGPQISAKLLEQDKIIARAMPQGDILGFAPPFCLTRAEADQVVEGTLRAVKAVLGSLEHHHHHH,59.0,59.0,59.0
P423A:R46H:A399P:F168N,MLKNDQLDQWDRDNFFHPSTHLAQHARGESANRVIKTASGVFIEDHDGTKLLDAFAGLWCVNVGYGRQEIAEAIADQARELAYYHSFVGHGTEASITLAKMILDRAPKNMSKVYFGLGGSDANETNVKLIWYYNNILGRPEKKKIISRWRGFHGSGLVTGSLTGLELNHKKFDLPVEQVIHTEAPYYFRREDLNQTEEQFVAHCVAELEALIEREGADTIAAFIGEPILGAGGIVPPPAGYWEAIQTVLNKHDILLVADEVVTGFGRLGTMFGSDHYGLEPDIITIAKGLTSAYAPLSGSIVSDKVWKVLEQGTDENGPIGHGWTYSAHPIGAAAGVANLKLLDELNLVSNAGEVGAYLNATMAEALSQHANVGDVRGEGLLCAVEFVKDRDSRTFFDPADKIGPQISAKLLEQDKIIARAMAQGDILGFAPPFCLTRAEADQVVEGTLRAVKAVLGSLEHHHHHH,49.0,49.0,49.0
K402V:S120A:E280V:R46H,MLKNDQLDQWDRDNFFHPSTHLAQHARGESANRVIKTASGVFIEDHDGTKLLDAFAGLWCVNVGYGRQEIAEAIADQARELAYYHSFVGHGTEASITLAKMILDRAPKNMSKVYFGLGGADANETNVKLIWYYNNILGRPEKKKIISRWRGFHGSGLVTGSLTGLELFHKKFDLPVEQVIHTEAPYYFRREDLNQTEEQFVAHCVAELEALIEREGADTIAAFIGEPILGAGGIVPPPAGYWEAIQTVLNKHDILLVADEVVTGFGRLGTMFGSDHYGLVPDIITIAKGLTSAYAPLSGSIVSDKVWKVLEQGTDENGPIGHGWTYSAHPIGAAAGVANLKLLDELNLVSNAGEVGAYLNATMAEALSQHANVGDVRGEGLLCAVEFVKDRDSRTFFDAADVIGPQISAKLLEQDKIIARAMPQGDILGFAPPFCLTRAEADQVVEGTLRAVKAVLGSLEHHHHHH,80.66666666666667,80.66666666666667,80.66666666666667
G332C:H85G:F152Y:S120T,MLKNDQLDQWDRDNFFHPSTHLAQHARGESANRVIKTASGVFIEDRDGTKLLDAFAGLWCVNVGYGRQEIAEAIADQARELAYYGSFVGHGTEASITLAKMILDRAPKNMSKVYFGLGGTDANETNVKLIWYYNNILGRPEKKKIISRWRGYHGSGLVTGSLTGLELFHKKFDLPVEQVIHTEAPYYFRREDLNQTEEQFVAHCVAELEALIEREGADTIAAFIGEPILGAGGIVPPPAGYWEAIQTVLNKHDILLVADEVVTGFGRLGTMFGSDHYGLEPDIITIAKGLTSAYAPLSGSIVSDKVWKVLEQGTDENGPIGHGWTYSAHPICAAAGVANLKLLDELNLVSNAGEVGAYLNATMAEALSQHANVGDVRGEGLLCAVEFVKDRDSRTFFDAADKIGPQISAKLLEQDKIIARAMPQGDILGFAPPFCLTRAEADQVVEGTLRAVKAVLGSLEHHHHHH,41.0,41.0,41.0
L382M:F87L:E29K:D392E,MLKNDQLDQWDRDNFFHPSTHLAQHARGKSANRVIKTASGVFIEDRDGTKLLDAFAGLWCVNVGYGRQEIAEAIADQARELAYYHSLVGHGTEASITLAKMILDRAPKNMSKVYFGLGGSDANETNVKLIWYYNNILGRPEKKKIISRWRGFHGSGLVTGSLTGLELFHKKFDLPVEQVIHTEAPYYFRREDLNQTEEQFVAHCVAELEALIEREGADTIAAFIGEPILGAGGIVPPPAGYWEAIQTVLNKHDILLVADEVVTGFGRLGTMFGSDHYGLEPDIITIAKGLTSAYAPLSGSIVSDKVWKVLEQGTDENGPIGHGWTYSAHPIGAAAGVANLKLLDELNLVSNAGEVGAYLNATMAEALSQHANVGDVRGEGLMCAVEFVKDRESRTFFDAADKIGPQISAKLLEQDKIIARAMPQGDILGFAPPFCLTRAEADQVVEGTLRAVKAVLGSLEHHHHHH,37.0,37.0,37.0
Q406A:P423G:W59L:A231G,MLKNDQLDQWDRDNFFHPSTHLAQHARGESANRVIKTASGVFIEDRDGTKLLDAFAGLLCVNVGYGRQEIAEAIADQARELAYYHSFVGHGTEASITLAKMILDRAPKNMSKVYFGLGGSDANETNVKLIWYYNNILGRPEKKKIISRWRGFHGSGLVTGSLTGLELFHKKFDLPVEQVIHTEAPYYFRREDLNQTEEQFVAHCVAELEALIEREGADTIAAFIGEPILGGGGIVPPPAGYWEAIQTVLNKHDILLVADEVVTGFGRLGTMFGSDHYGLEPDIITIAKGLTSAYAPLSGSIVSDKVWKVLEQGTDENGPIGHGWTYSAHPIGAAAGVANLKLLDELNLVSNAGEVGAYLNATMAEALSQHANVGDVRGEGLLCAVEFVKDRDSRTFFDAADKIGPAISAKLLEQDKIIARAMGQGDILGFAPPFCLTRAEADQVVEGTLRAVKAVLGSLEHHHHHH,97.33333333333331,97.33333333333331,97.33333333333331
I234V:R420K:L167S:E177A,MLKNDQLDQWDRDNFFHPSTHLAQHARGESANRVIKTASGVFIEDRDGTKLLDAFAGLWCVNVGYGRQEIAEAIADQARELAYYHSFVGHGTEASITLAKMILDRAPKNMSKVYFGLGGSDANETNVKLIWYYNNILGRPEKKKIISRWRGFHGSGLVTGSLTGLESFHKKFDLPVAQVIHTEAPYYFRREDLNQTEEQFVAHCVAELEALIEREGADTIAAFIGEPILGAGGVVPPPAGYWEAIQTVLNKHDILLVADEVVTGFGRLGTMFGSDHYGLEPDIITIAKGLTSAYAPLSGSIVSDKVWKVLEQGTDENGPIGHGWTYSAHPIGAAAGVANLKLLDELNLVSNAGEVGAYLNATMAEALSQHANVGDVRGEGLLCAVEFVKDRDSRTFFDAADKIGPQISAKLLEQDKIIAKAMPQGDILGFAPPFCLTRAEADQVVEGTLRAVKAVLGSLEHHHHHH,52.333333333333336,52.333333333333336,52.333333333333336
K402E:L167V:L58I:L165I,MLKNDQLDQWDRDNFFHPSTHLAQHARGESANRVIKTASGVFIEDRDGTKLLDAFAGIWCVNVGYGRQEIAEAIADQARELAYYHSFVGHGTEASITLAKMILDRAPKNMSKVYFGLGGSDANETNVKLIWYYNNILGRPEKKKIISRWRGFHGSGLVTGSLTGIEVFHKKFDLPVEQVIHTEAPYYFRREDLNQTEEQFVAHCVAELEALIEREGADTIAAFIGEPILGAGGIVPPPAGYWEAIQTVLNKHDILLVADEVVTGFGRLGTMFGSDHYGLEPDIITIAKGLTSAYAPLSGSIVSDKVWKVLEQGTDENGPIGHGWTYSAHPIGAAAGVANLKLLDELNLVSNAGEVGAYLNATMAEALSQHANVGDVRGEGLLCAVEFVKDRDSRTFFDAADEIGPQISAKLLEQDKIIARAMPQGDILGFAPPFCLTRAEADQVVEGTLRAVKAVLGSLEHHHHHH,75.0,75.0,75.0
P423H:G429A:L167A:D398A,MLKNDQLDQWDRDNFFHPSTHLAQHARGESANRVIKTASGVFIEDRDGTKLLDAFAGLWCVNVGYGRQEIAEAIADQARELAYYHSFVGHGTEASITLAKMILDRAPKNMSKVYFGLGGSDANETNVKLIWYYNNILGRPEKKKIISRWRGFHGSGLVTGSLTGLEAFHKKFDLPVEQVIHTEAPYYFRREDLNQTEEQFVAHCVAELEALIEREGADTIAAFIGEPILGAGGIVPPPAGYWEAIQTVLNKHDILLVADEVVTGFGRLGTMFGSDHYGLEPDIITIAKGLTSAYAPLSGSIVSDKVWKVLEQGTDENGPIGHGWTYSAHPIGAAAGVANLKLLDELNLVSNAGEVGAYLNATMAEALSQHANVGDVRGEGLLCAVEFVKDRDSRTFFAAADKIGPQISAKLLEQDKIIARAMHQGDILAFAPPFCLTRAEADQVVEGTLRAVKAVLGSLEHHHHHH,50.66666666666666,50.66666666666666,50.66666666666666
I234F:W59Y:E280V:L167S,MLKNDQLDQWDRDNFFHPSTHLAQHARGESANRVIKTASGVFIEDRDGTKLLDAFAGLYCVNVGYGRQEIAEAIADQARELAYYHSFVGHGTEASITLAKMILDRAPKNMSKVYFGLGGSDANETNVKLIWYYNNILGRPEKKKIISRWRGFHGSGLVTGSLTGLESFHKKFDLPVEQVIHTEAPYYFRREDLNQTEEQFVAHCVAELEALIEREGADTIAAFIGEPILGAGGFVPPPAGYWEAIQTVLNKHDILLVADEVVTGFGRLGTMFGSDHYGLVPDIITIAKGLTSAYAPLSGSIVSDKVWKVLEQGTDENGPIGHGWTYSAHPIGAAAGVANLKLLDELNLVSNAGEVGAYLNATMAEALSQHANVGDVRGEGLLCAVEFVKDRDSRTFFDAADKIGPQISAKLLEQDKIIARAMPQGDILGFAPPFCLTRAEADQVVEGTLRAVKAVLGSLEHHHHHH,38.333333333333336,38.333333333333336,38.333333333333336
I234M:S120A:M422A:S19F,MLKNDQLDQWDRDNFFHPFTHLAQHARGESANRVIKTASGVFIEDRDGTKLLDAFAGLWCVNVGYGRQEIAEAIADQARELAYYHSFVGHGTEASITLAKMILDRAPKNMSKVYFGLGGADANETNVKLIWYYNNILGRPEKKKIISRWRGFHGSGLVTGSLTGLELFHKKFDLPVEQVIHTEAPYYFRREDLNQTEEQFVAHCVAELEALIEREGADTIAAFIGEPILGAGGMVPPPAGYWEAIQTVLNKHDILLVADEVVTGFGRLGTMFGSDHYGLEPDIITIAKGLTSAYAPLSGSIVSDKVWKVLEQGTDENGPIGHGWTYSAHPIGAAAGVANLKLLDELNLVSNAGEVGAYLNATMAEALSQHANVGDVRGEGLLCAVEFVKDRDSRTFFDAADKIGPQISAKLLEQDKIIARAAPQGDILGFAPPFCLTRAEADQVVEGTLRAVKAVLGSLEHHHHHH,103.0,103.0,103.0
I234F:R394G:D401R:L165I,MLKNDQLDQWDRDNFFHPSTHLAQHARGESANRVIKTASGVFIEDRDGTKLLDAFAGLWCVNVGYGRQEIAEAIADQARELAYYHSFVGHGTEASITLAKMILDRAPKNMSKVYFGLGGSDANETNVKLIWYYNNILGRPEKKKIISRWRGFHGSGLVTGSLTGIELFHKKFDLPVEQVIHTEAPYYFRREDLNQTEEQFVAHCVAELEALIEREGADTIAAFIGEPILGAGGFVPPPAGYWEAIQTVLNKHDILLVADEVVTGFGRLGTMFGSDHYGLEPDIITIAKGLTSAYAPLSGSIVSDKVWKVLEQGTDENGPIGHGWTYSAHPIGAAAGVANLKLLDELNLVSNAGEVGAYLNATMAEALSQHANVGDVRGEGLLCAVEFVKDRDSGTFFDAARKIGPQISAKLLEQDKIIARAMPQGDILGFAPPFCLTRAEADQVVEGTLRAVKAVLGSLEHHHHHH,109.0,109.0,109.0
L382I:K402E:P423G:C60V,MLKNDQLDQWDRDNFFHPSTHLAQHARGESANRVIKTASGVFIEDRDGTKLLDAFAGLWVVNVGYGRQEIAEAIADQARELAYYHSFVGHGTEASITLAKMILDRAPKNMSKVYFGLGGSDANETNVKLIWYYNNILGRPEKKKIISRWRGFHGSGLVTGSLTGLELFHKKFDLPVEQVIHTEAPYYFRREDLNQTEEQFVAHCVAELEALIEREGADTIAAFIGEPILGAGGIVPPPAGYWEAIQTVLNKHDILLVADEVVTGFGRLGTMFGSDHYGLEPDIITIAKGLTSAYAPLSGSIVSDKVWKVLEQGTDENGPIGHGWTYSAHPIGAAAGVANLKLLDELNLVSNAGEVGAYLNATMAEALSQHANVGDVRGEGLICAVEFVKDRDSRTFFDAADEIGPQISAKLLEQDKIIARAMGQGDILGFAPPFCLTRAEADQVVEGTLRAVKAVLGSLEHHHHHH,88.33333333333333,88.33333333333333,88.33333333333333
N250D:F87L:S155A:D47E,MLKNDQLDQWDRDNFFHPSTHLAQHARGESANRVIKTASGVFIEDREGTKLLDAFAGLWCVNVGYGRQEIAEAIADQARELAYYHSLVGHGTEASITLAKMILDRAPKNMSKVYFGLGGSDANETNVKLIWYYNNILGRPEKKKIISRWRGFHGAGLVTGSLTGLELFHKKFDLPVEQVIHTEAPYYFRREDLNQTEEQFVAHCVAELEALIEREGADTIAAFIGEPILGAGGIVPPPAGYWEAIQTVLDKHDILLVADEVVTGFGRLGTMFGSDHYGLEPDIITIAKGLTSAYAPLSGSIVSDKVWKVLEQGTDENGPIGHGWTYSAHPIGAAAGVANLKLLDELNLVSNAGEVGAYLNATMAEALSQHANVGDVRGEGLLCAVEFVKDRDSRTFFDAADKIGPQISAKLLEQDKIIARAMPQGDILGFAPPFCLTRAEADQVVEGTLRAVKAVLGSLEHHHHHH,71.33333333333333,71.33333333333333,71.33333333333333
L382F:Q406A:D401R:P281S,MLKNDQLDQWDRDNFFHPSTHLAQHARGESANRVIKTASGVFIEDRDGTKLLDAFAGLWCVNVGYGRQEIAEAIADQARELAYYHSFVGHGTEASITLAKMILDRAPKNMSKVYFGLGGSDANETNVKLIWYYNNILGRPEKKKIISRWRGFHGSGLVTGSLTGLELFHKKFDLPVEQVIHTEAPYYFRREDLNQTEEQFVAHCVAELEALIEREGADTIAAFIGEPILGAGGIVPPPAGYWEAIQTVLNKHDILLVADEVVTGFGRLGTMFGSDHYGLESDIITIAKGLTSAYAPLSGSIVSDKVWKVLEQGTDENGPIGHGWTYSAHPIGAAAGVANLKLLDELNLVSNAGEVGAYLNATMAEALSQHANVGDVRGEGLFCAVEFVKDRDSRTFFDAARKIGPAISAKLLEQDKIIARAMPQGDILGFAPPFCLTRAEADQVVEGTLRAVKAVLGSLEHHHHHH,81.0,81.0,81.0
S368G:S393D:M422T:S19Y,MLKNDQLDQWDRDNFFHPYTHLAQHARGESANRVIKTASGVFIEDRDGTKLLDAFAGLWCVNVGYGRQEIAEAIADQARELAYYHSFVGHGTEASITLAKMILDRAPKNMSKVYFGLGGSDANETNVKLIWYYNNILGRPEKKKIISRWRGFHGSGLVTGSLTGLELFHKKFDLPVEQVIHTEAPYYFRREDLNQTEEQFVAHCVAELEALIEREGADTIAAFIGEPILGAGGIVPPPAGYWEAIQTVLNKHDILLVADEVVTGFGRLGTMFGSDHYGLEPDIITIAKGLTSAYAPLSGSIVSDKVWKVLEQGTDENGPIGHGWTYSAHPIGAAAGVANLKLLDELNLVSNAGEVGAYLNATMAEALGQHANVGDVRGEGLLCAVEFVKDRDDRTFFDAADKIGPQISAKLLEQDKIIARATPQGDILGFAPPFCLTRAEADQVVEGTLRAVKAVLGSLEHHHHHH,42.333333333333336,42.333333333333336,42.333333333333336
Q406K:E280K:M422T:S19W,MLKNDQLDQWDRDNFFHPWTHLAQHARGESANRVIKTASGVFIEDRDGTKLLDAFAGLWCVNVGYGRQEIAEAIADQARELAYYHSFVGHGTEASITLAKMILDRAPKNMSKVYFGLGGSDANETNVKLIWYYNNILGRPEKKKIISRWRGFHGSGLVTGSLTGLELFHKKFDLPVEQVIHTEAPYYFRREDLNQTEEQFVAHCVAELEALIEREGADTIAAFIGEPILGAGGIVPPPAGYWEAIQTVLNKHDILLVADEVVTGFGRLGTMFGSDHYGLKPDIITIAKGLTSAYAPLSGSIVSDKVWKVLEQGTDENGPIGHGWTYSAHPIGAAAGVANLKLLDELNLVSNAGEVGAYLNATMAEALSQHANVGDVRGEGLLCAVEFVKDRDSRTFFDAADKIGPKISAKLLEQDKIIARATPQGDILGFAPPFCLTRAEADQVVEGTLRAVKAVLGSLEHHHHHH,35.333333333333336,35.333333333333336,35.333333333333336
P423R:F87Y:L167V:S368G,MLKNDQLDQWDRDNFFHPSTHLAQHARGESANRVIKTASGVFIEDRDGTKLLDAFAGLWCVNVGYGRQEIAEAIADQARELAYYHSYVGHGTEASITLAKMILDRAPKNMSKVYFGLGGSDANETNVKLIWYYNNILGRPEKKKIISRWRGFHGSGLVTGSLTGLEVFHKKFDLPVEQVIHTEAPYYFRREDLNQTEEQFVAHCVAELEALIEREGADTIAAFIGEPILGAGGIVPPPAGYWEAIQTVLNKHDILLVADEVVTGFGRLGTMFGSDHYGLEPDIITIAKGLTSAYAPLSGSIVSDKVWKVLEQGTDENGPIGHGWTYSAHPIGAAAGVANLKLLDELNLVSNAGEVGAYLNATMAEALGQHANVGDVRGEGLLCAVEFVKDRDSRTFFDAADKIGPQISAKLLEQDKIIARAMRQGDILGFAPPFCLTRAEADQVVEGTLRAVKAVLGSLEHHHHHH,18.33333333333333,18.33333333333333,18.33333333333333
G429Y:W59L:E177A:R46H,MLKNDQLDQWDRDNFFHPSTHLAQHARGESANRVIKTASGVFIEDHDGTKLLDAFAGLLCVNVGYGRQEIAEAIADQARELAYYHSFVGHGTEASITLAKMILDRAPKNMSKVYFGLGGSDANETNVKLIWYYNNILGRPEKKKIISRWRGFHGSGLVTGSLTGLELFHKKFDLPVAQVIHTEAPYYFRREDLNQTEEQFVAHCVAELEALIEREGADTIAAFIGEPILGAGGIVPPPAGYWEAIQTVLNKHDILLVADEVVTGFGRLGTMFGSDHYGLEPDIITIAKGLTSAYAPLSGSIVSDKVWKVLEQGTDENGPIGHGWTYSAHPIGAAAGVANLKLLDELNLVSNAGEVGAYLNATMAEALSQHANVGDVRGEGLLCAVEFVKDRDSRTFFDAADKIGPQISAKLLEQDKIIARAMPQGDILYFAPPFCLTRAEADQVVEGTLRAVKAVLGSLEHHHHHH,110.33333333333331,110.33333333333331,110.33333333333331
V262I:Q406K:F152W:L167F,MLKNDQLDQWDRDNFFHPSTHLAQHARGESANRVIKTASGVFIEDRDGTKLLDAFAGLWCVNVGYGRQEIAEAIADQARELAYYHSFVGHGTEASITLAKMILDRAPKNMSKVYFGLGGSDANETNVKLIWYYNNILGRPEKKKIISRWRGWHGSGLVTGSLTGLEFFHKKFDLPVEQVIHTEAPYYFRREDLNQTEEQFVAHCVAELEALIEREGADTIAAFIGEPILGAGGIVPPPAGYWEAIQTVLNKHDILLVADEVITGFGRLGTMFGSDHYGLEPDIITIAKGLTSAYAPLSGSIVSDKVWKVLEQGTDENGPIGHGWTYSAHPIGAAAGVANLKLLDELNLVSNAGEVGAYLNATMAEALSQHANVGDVRGEGLLCAVEFVKDRDSRTFFDAADKIGPKISAKLLEQDKIIARAMPQGDILGFAPPFCLTRAEADQVVEGTLRAVKAVLGSLEHHHHHH,84.66666666666667,84.66666666666667,84.66666666666667
I234M:S368G:P281A:M422S,MLKNDQLDQWDRDNFFHPSTHLAQHARGESANRVIKTASGVFIEDRDGTKLLDAFAGLWCVNVGYGRQEIAEAIADQARELAYYHSFVGHGTEASITLAKMILDRAPKNMSKVYFGLGGSDANETNVKLIWYYNNILGRPEKKKIISRWRGFHGSGLVTGSLTGLELFHKKFDLPVEQVIHTEAPYYFRREDLNQTEEQFVAHCVAELEALIEREGADTIAAFIGEPILGAGGMVPPPAGYWEAIQTVLNKHDILLVADEVVTGFGRLGTMFGSDHYGLEADIITIAKGLTSAYAPLSGSIVSDKVWKVLEQGTDENGPIGHGWTYSAHPIGAAAGVANLKLLDELNLVSNAGEVGAYLNATMAEALGQHANVGDVRGEGLLCAVEFVKDRDSRTFFDAADKIGPQISAKLLEQDKIIARASPQGDILGFAPPFCLTRAEADQVVEGTLRAVKAVLGSLEHHHHHH,53.333333333333336,53.333333333333336,53.333333333333336
H85G:F87Q:A231T:L167N,MLKNDQLDQWDRDNFFHPSTHLAQHARGESANRVIKTASGVFIEDRDGTKLLDAFAGLWCVNVGYGRQEIAEAIADQARELAYYGSQVGHGTEASITLAKMILDRAPKNMSKVYFGLGGSDANETNVKLIWYYNNILGRPEKKKIISRWRGFHGSGLVTGSLTGLENFHKKFDLPVEQVIHTEAPYYFRREDLNQTEEQFVAHCVAELEALIEREGADTIAAFIGEPILGTGGIVPPPAGYWEAIQTVLNKHDILLVADEVVTGFGRLGTMFGSDHYGLEPDIITIAKGLTSAYAPLSGSIVSDKVWKVLEQGTDENGPIGHGWTYSAHPIGAAAGVANLKLLDELNLVSNAGEVGAYLNATMAEALSQHANVGDVRGEGLLCAVEFVKDRDSRTFFDAADKIGPQISAKLLEQDKIIARAMPQGDILGFAPPFCLTRAEADQVVEGTLRAVKAVLGSLEHHHHHH,60.333333333333336,60.333333333333336,60.333333333333336
R394K:F168L:M422T:H90R,MLKNDQLDQWDRDNFFHPSTHLAQHARGESANRVIKTASGVFIEDRDGTKLLDAFAGLWCVNVGYGRQEIAEAIADQARELAYYHSFVGRGTEASITLAKMILDRAPKNMSKVYFGLGGSDANETNVKLIWYYNNILGRPEKKKIISRWRGFHGSGLVTGSLTGLELLHKKFDLPVEQVIHTEAPYYFRREDLNQTEEQFVAHCVAELEALIEREGADTIAAFIGEPILGAGGIVPPPAGYWEAIQTVLNKHDILLVADEVVTGFGRLGTMFGSDHYGLEPDIITIAKGLTSAYAPLSGSIVSDKVWKVLEQGTDENGPIGHGWTYSAHPIGAAAGVANLKLLDELNLVSNAGEVGAYLNATMAEALSQHANVGDVRGEGLLCAVEFVKDRDSKTFFDAADKIGPQISAKLLEQDKIIARATPQGDILGFAPPFCLTRAEADQVVEGTLRAVKAVLGSLEHHHHHH,56.66666666666666,56.66666666666666,56.66666666666666
N250Y:R420W:R214S:L58W,MLKNDQLDQWDRDNFFHPSTHLAQHARGESANRVIKTASGVFIEDRDGTKLLDAFAGWWCVNVGYGRQEIAEAIADQARELAYYHSFVGHGTEASITLAKMILDRAPKNMSKVYFGLGGSDANETNVKLIWYYNNILGRPEKKKIISRWRGFHGSGLVTGSLTGLELFHKKFDLPVEQVIHTEAPYYFRREDLNQTEEQFVAHCVAELEALIESEGADTIAAFIGEPILGAGGIVPPPAGYWEAIQTVLYKHDILLVADEVVTGFGRLGTMFGSDHYGLEPDIITIAKGLTSAYAPLSGSIVSDKVWKVLEQGTDENGPIGHGWTYSAHPIGAAAGVANLKLLDELNLVSNAGEVGAYLNATMAEALSQHANVGDVRGEGLLCAVEFVKDRDSRTFFDAADKIGPQISAKLLEQDKIIAWAMPQGDILGFAPPFCLTRAEADQVVEGTLRAVKAVLGSLEHHHHHH,90.66666666666669,90.66666666666669,90.66666666666669
N250Y:R420L:D398A:A399Q,MLKNDQLDQWDRDNFFHPSTHLAQHARGESANRVIKTASGVFIEDRDGTKLLDAFAGLWCVNVGYGRQEIAEAIADQARELAYYHSFVGHGTEASITLAKMILDRAPKNMSKVYFGLGGSDANETNVKLIWYYNNILGRPEKKKIISRWRGFHGSGLVTGSLTGLELFHKKFDLPVEQVIHTEAPYYFRREDLNQTEEQFVAHCVAELEALIEREGADTIAAFIGEPILGAGGIVPPPAGYWEAIQTVLYKHDILLVADEVVTGFGRLGTMFGSDHYGLEPDIITIAKGLTSAYAPLSGSIVSDKVWKVLEQGTDENGPIGHGWTYSAHPIGAAAGVANLKLLDELNLVSNAGEVGAYLNATMAEALSQHANVGDVRGEGLLCAVEFVKDRDSRTFFAQADKIGPQISAKLLEQDKIIALAMPQGDILGFAPPFCLTRAEADQVVEGTLRAVKAVLGSLEHHHHHH,84.66666666666667,84.66666666666667,84.66666666666667
V262M:K402N:Q369G:D401R,MLKNDQLDQWDRDNFFHPSTHLAQHARGESANRVIKTASGVFIEDRDGTKLLDAFAGLWCVNVGYGRQEIAEAIADQARELAYYHSFVGHGTEASITLAKMILDRAPKNMSKVYFGLGGSDANETNVKLIWYYNNILGRPEKKKIISRWRGFHGSGLVTGSLTGLELFHKKFDLPVEQVIHTEAPYYFRREDLNQTEEQFVAHCVAELEALIEREGADTIAAFIGEPILGAGGIVPPPAGYWEAIQTVLNKHDILLVADEVMTGFGRLGTMFGSDHYGLEPDIITIAKGLTSAYAPLSGSIVSDKVWKVLEQGTDENGPIGHGWTYSAHPIGAAAGVANLKLLDELNLVSNAGEVGAYLNATMAEALSGHANVGDVRGEGLLCAVEFVKDRDSRTFFDAARNIGPQISAKLLEQDKIIARAMPQGDILGFAPPFCLTRAEADQVVEGTLRAVKAVLGSLEHHHHHH,83.0,83.0,83.0
V262M:E280K:R46T:F168N,MLKNDQLDQWDRDNFFHPSTHLAQHARGESANRVIKTASGVFIEDTDGTKLLDAFAGLWCVNVGYGRQEIAEAIADQARELAYYHSFVGHGTEASITLAKMILDRAPKNMSKVYFGLGGSDANETNVKLIWYYNNILGRPEKKKIISRWRGFHGSGLVTGSLTGLELNHKKFDLPVEQVIHTEAPYYFRREDLNQTEEQFVAHCVAELEALIEREGADTIAAFIGEPILGAGGIVPPPAGYWEAIQTVLNKHDILLVADEVMTGFGRLGTMFGSDHYGLKPDIITIAKGLTSAYAPLSGSIVSDKVWKVLEQGTDENGPIGHGWTYSAHPIGAAAGVANLKLLDELNLVSNAGEVGAYLNATMAEALSQHANVGDVRGEGLLCAVEFVKDRDSRTFFDAADKIGPQISAKLLEQDKIIARAMPQGDILGFAPPFCLTRAEADQVVEGTLRAVKAVLGSLEHHHHHH,69.66666666666667,69.66666666666667,69.66666666666667
G332A:L382F:R420W:W59A,MLKNDQLDQWDRDNFFHPSTHLAQHARGESANRVIKTASGVFIEDRDGTKLLDAFAGLACVNVGYGRQEIAEAIADQARELAYYHSFVGHGTEASITLAKMILDRAPKNMSKVYFGLGGSDANETNVKLIWYYNNILGRPEKKKIISRWRGFHGSGLVTGSLTGLELFHKKFDLPVEQVIHTEAPYYFRREDLNQTEEQFVAHCVAELEALIEREGADTIAAFIGEPILGAGGIVPPPAGYWEAIQTVLNKHDILLVADEVVTGFGRLGTMFGSDHYGLEPDIITIAKGLTSAYAPLSGSIVSDKVWKVLEQGTDENGPIGHGWTYSAHPIAAAAGVANLKLLDELNLVSNAGEVGAYLNATMAEALSQHANVGDVRGEGLFCAVEFVKDRDSRTFFDAADKIGPQISAKLLEQDKIIAWAMPQGDILGFAPPFCLTRAEADQVVEGTLRAVKAVLGSLEHHHHHH,73.66666666666667,73.66666666666667,73.66666666666667
L382I:S86T:L167F:D392E,MLKNDQLDQWDRDNFFHPSTHLAQHARGESANRVIKTASGVFIEDRDGTKLLDAFAGLWCVNVGYGRQEIAEAIADQARELAYYHTFVGHGTEASITLAKMILDRAPKNMSKVYFGLGGSDANETNVKLIWYYNNILGRPEKKKIISRWRGFHGSGLVTGSLTGLEFFHKKFDLPVEQVIHTEAPYYFRREDLNQTEEQFVAHCVAELEALIEREGADTIAAFIGEPILGAGGIVPPPAGYWEAIQTVLNKHDILLVADEVVTGFGRLGTMFGSDHYGLEPDIITIAKGLTSAYAPLSGSIVSDKVWKVLEQGTDENGPIGHGWTYSAHPIGAAAGVANLKLLDELNLVSNAGEVGAYLNATMAEALSQHANVGDVRGEGLICAVEFVKDRESRTFFDAADKIGPQISAKLLEQDKIIARAMPQGDILGFAPPFCLTRAEADQVVEGTLRAVKAVLGSLEHHHHHH,38.0,38.0,38.0
G332A:P423Q:L167F:R391P,MLKNDQLDQWDRDNFFHPSTHLAQHARGESANRVIKTASGVFIEDRDGTKLLDAFAGLWCVNVGYGRQEIAEAIADQARELAYYHSFVGHGTEASITLAKMILDRAPKNMSKVYFGLGGSDANETNVKLIWYYNNILGRPEKKKIISRWRGFHGSGLVTGSLTGLEFFHKKFDLPVEQVIHTEAPYYFRREDLNQTEEQFVAHCVAELEALIEREGADTIAAFIGEPILGAGGIVPPPAGYWEAIQTVLNKHDILLVADEVVTGFGRLGTMFGSDHYGLEPDIITIAKGLTSAYAPLSGSIVSDKVWKVLEQGTDENGPIGHGWTYSAHPIAAAAGVANLKLLDELNLVSNAGEVGAYLNATMAEALSQHANVGDVRGEGLLCAVEFVKDPDSRTFFDAADKIGPQISAKLLEQDKIIARAMQQGDILGFAPPFCLTRAEADQVVEGTLRAVKAVLGSLEHHHHHH,66.0,66.0,66.0
Q406R:W59F:F152W:D401L,MLKNDQLDQWDRDNFFHPSTHLAQHARGESANRVIKTASGVFIEDRDGTKLLDAFAGLFCVNVGYGRQEIAEAIADQARELAYYHSFVGHGTEASITLAKMILDRAPKNMSKVYFGLGGSDANETNVKLIWYYNNILGRPEKKKIISRWRGWHGSGLVTGSLTGLELFHKKFDLPVEQVIHTEAPYYFRREDLNQTEEQFVAHCVAELEALIEREGADTIAAFIGEPILGAGGIVPPPAGYWEAIQTVLNKHDILLVADEVVTGFGRLGTMFGSDHYGLEPDIITIAKGLTSAYAPLSGSIVSDKVWKVLEQGTDENGPIGHGWTYSAHPIGAAAGVANLKLLDELNLVSNAGEVGAYLNATMAEALSQHANVGDVRGEGLLCAVEFVKDRDSRTFFDAALKIGPRISAKLLEQDKIIARAMPQGDILGFAPPFCLTRAEADQVVEGTLRAVKAVLGSLEHHHHHH,93.0,93.0,93.0
G429R:S368G:R391P:F397L,MLKNDQLDQWDRDNFFHPSTHLAQHARGESANRVIKTASGVFIEDRDGTKLLDAFAGLWCVNVGYGRQEIAEAIADQARELAYYHSFVGHGTEASITLAKMILDRAPKNMSKVYFGLGGSDANETNVKLIWYYNNILGRPEKKKIISRWRGFHGSGLVTGSLTGLELFHKKFDLPVEQVIHTEAPYYFRREDLNQTEEQFVAHCVAELEALIEREGADTIAAFIGEPILGAGGIVPPPAGYWEAIQTVLNKHDILLVADEVVTGFGRLGTMFGSDHYGLEPDIITIAKGLTSAYAPLSGSIVSDKVWKVLEQGTDENGPIGHGWTYSAHPIGAAAGVANLKLLDELNLVSNAGEVGAYLNATMAEALGQHANVGDVRGEGLLCAVEFVKDPDSRTFLDAADKIGPQISAKLLEQDKIIARAMPQGDILRFAPPFCLTRAEADQVVEGTLRAVKAVLGSLEHHHHHH,86.0,86.0,86.0
A231V:L167V:D398A:P281A,MLKNDQLDQWDRDNFFHPSTHLAQHARGESANRVIKTASGVFIEDRDGTKLLDAFAGLWCVNVGYGRQEIAEAIADQARELAYYHSFVGHGTEASITLAKMILDRAPKNMSKVYFGLGGSDANETNVKLIWYYNNILGRPEKKKIISRWRGFHGSGLVTGSLTGLEVFHKKFDLPVEQVIHTEAPYYFRREDLNQTEEQFVAHCVAELEALIEREGADTIAAFIGEPILGVGGIVPPPAGYWEAIQTVLNKHDILLVADEVVTGFGRLGTMFGSDHYGLEADIITIAKGLTSAYAPLSGSIVSDKVWKVLEQGTDENGPIGHGWTYSAHPIGAAAGVANLKLLDELNLVSNAGEVGAYLNATMAEALSQHANVGDVRGEGLLCAVEFVKDRDSRTFFAAADKIGPQISAKLLEQDKIIARAMPQGDILGFAPPFCLTRAEADQVVEGTLRAVKAVLGSLEHHHHHH,61.66666666666666,61.66666666666666,61.66666666666666
G332C:W59Y:R391P:F168Y,MLKNDQLDQWDRDNFFHPSTHLAQHARGESANRVIKTASGVFIEDRDGTKLLDAFAGLYCVNVGYGRQEIAEAIADQARELAYYHSFVGHGTEASITLAKMILDRAPKNMSKVYFGLGGSDANETNVKLIWYYNNILGRPEKKKIISRWRGFHGSGLVTGSLTGLELYHKKFDLPVEQVIHTEAPYYFRREDLNQTEEQFVAHCVAELEALIEREGADTIAAFIGEPILGAGGIVPPPAGYWEAIQTVLNKHDILLVADEVVTGFGRLGTMFGSDHYGLEPDIITIAKGLTSAYAPLSGSIVSDKVWKVLEQGTDENGPIGHGWTYSAHPICAAAGVANLKLLDELNLVSNAGEVGAYLNATMAEALSQHANVGDVRGEGLLCAVEFVKDPDSRTFFDAADKIGPQISAKLLEQDKIIARAMPQGDILGFAPPFCLTRAEADQVVEGTLRAVKAVLGSLEHHHHHH,26.33333333333333,26.33333333333333,26.33333333333333
V262I:G332A:A231G:A399Q,MLKNDQLDQWDRDNFFHPSTHLAQHARGESANRVIKTASGVFIEDRDGTKLLDAFAGLWCVNVGYGRQEIAEAIADQARELAYYHSFVGHGTEASITLAKMILDRAPKNMSKVYFGLGGSDANETNVKLIWYYNNILGRPEKKKIISRWRGFHGSGLVTGSLTGLELFHKKFDLPVEQVIHTEAPYYFRREDLNQTEEQFVAHCVAELEALIEREGADTIAAFIGEPILGGGGIVPPPAGYWEAIQTVLNKHDILLVADEVITGFGRLGTMFGSDHYGLEPDIITIAKGLTSAYAPLSGSIVSDKVWKVLEQGTDENGPIGHGWTYSAHPIAAAAGVANLKLLDELNLVSNAGEVGAYLNATMAEALSQHANVGDVRGEGLLCAVEFVKDRDSRTFFDQADKIGPQISAKLLEQDKIIARAMPQGDILGFAPPFCLTRAEADQVVEGTLRAVKAVLGSLEHHHHHH,42.66666666666666,42.66666666666666,42.66666666666666
P423Q:F152W:D401R:F168N,MLKNDQLDQWDRDNFFHPSTHLAQHARGESANRVIKTASGVFIEDRDGTKLLDAFAGLWCVNVGYGRQEIAEAIADQARELAYYHSFVGHGTEASITLAKMILDRAPKNMSKVYFGLGGSDANETNVKLIWYYNNILGRPEKKKIISRWRGWHGSGLVTGSLTGLELNHKKFDLPVEQVIHTEAPYYFRREDLNQTEEQFVAHCVAELEALIEREGADTIAAFIGEPILGAGGIVPPPAGYWEAIQTVLNKHDILLVADEVVTGFGRLGTMFGSDHYGLEPDIITIAKGLTSAYAPLSGSIVSDKVWKVLEQGTDENGPIGHGWTYSAHPIGAAAGVANLKLLDELNLVSNAGEVGAYLNATMAEALSQHANVGDVRGEGLLCAVEFVKDRDSRTFFDAARKIGPQISAKLLEQDKIIARAMQQGDILGFAPPFCLTRAEADQVVEGTLRAVKAVLGSLEHHHHHH,123.33333333333331,123.33333333333331,123.33333333333331
V262M:P423H:A399P:L165I,MLKNDQLDQWDRDNFFHPSTHLAQHARGESANRVIKTASGVFIEDRDGTKLLDAFAGLWCVNVGYGRQEIAEAIADQARELAYYHSFVGHGTEASITLAKMILDRAPKNMSKVYFGLGGSDANETNVKLIWYYNNILGRPEKKKIISRWRGFHGSGLVTGSLTGIELFHKKFDLPVEQVIHTEAPYYFRREDLNQTEEQFVAHCVAELEALIEREGADTIAAFIGEPILGAGGIVPPPAGYWEAIQTVLNKHDILLVADEVMTGFGRLGTMFGSDHYGLEPDIITIAKGLTSAYAPLSGSIVSDKVWKVLEQGTDENGPIGHGWTYSAHPIGAAAGVANLKLLDELNLVSNAGEVGAYLNATMAEALSQHANVGDVRGEGLLCAVEFVKDRDSRTFFDPADKIGPQISAKLLEQDKIIARAMHQGDILGFAPPFCLTRAEADQVVEGTLRAVKAVLGSLEHHHHHH,81.66666666666667,81.66666666666667,81.66666666666667
E280V:L167A:A56S:S19F,MLKNDQLDQWDRDNFFHPFTHLAQHARGESANRVIKTASGVFIEDRDGTKLLDAFSGLWCVNVGYGRQEIAEAIADQARELAYYHSFVGHGTEASITLAKMILDRAPKNMSKVYFGLGGSDANETNVKLIWYYNNILGRPEKKKIISRWRGFHGSGLVTGSLTGLEAFHKKFDLPVEQVIHTEAPYYFRREDLNQTEEQFVAHCVAELEALIEREGADTIAAFIGEPILGAGGIVPPPAGYWEAIQTVLNKHDILLVADEVVTGFGRLGTMFGSDHYGLVPDIITIAKGLTSAYAPLSGSIVSDKVWKVLEQGTDENGPIGHGWTYSAHPIGAAAGVANLKLLDELNLVSNAGEVGAYLNATMAEALSQHANVGDVRGEGLLCAVEFVKDRDSRTFFDAADKIGPQISAKLLEQDKIIARAMPQGDILGFAPPFCLTRAEADQVVEGTLRAVKAVLGSLEHHHHHH,57.0,57.0,57.0
Q406R:A231T:S155A:D398A,MLKNDQLDQWDRDNFFHPSTHLAQHARGESANRVIKTASGVFIEDRDGTKLLDAFAGLWCVNVGYGRQEIAEAIADQARELAYYHSFVGHGTEASITLAKMILDRAPKNMSKVYFGLGGSDANETNVKLIWYYNNILGRPEKKKIISRWRGFHGAGLVTGSLTGLELFHKKFDLPVEQVIHTEAPYYFRREDLNQTEEQFVAHCVAELEALIEREGADTIAAFIGEPILGTGGIVPPPAGYWEAIQTVLNKHDILLVADEVVTGFGRLGTMFGSDHYGLEPDIITIAKGLTSAYAPLSGSIVSDKVWKVLEQGTDENGPIGHGWTYSAHPIGAAAGVANLKLLDELNLVSNAGEVGAYLNATMAEALSQHANVGDVRGEGLLCAVEFVKDRDSRTFFAAADKIGPRISAKLLEQDKIIARAMPQGDILGFAPPFCLTRAEADQVVEGTLRAVKAVLGSLEHHHHHH,16.333333333333332,16.333333333333332,16.333333333333332
Q406R:W59L:E280V:E29A,MLKNDQLDQWDRDNFFHPSTHLAQHARGASANRVIKTASGVFIEDRDGTKLLDAFAGLLCVNVGYGRQEIAEAIADQARELAYYHSFVGHGTEASITLAKMILDRAPKNMSKVYFGLGGSDANETNVKLIWYYNNILGRPEKKKIISRWRGFHGSGLVTGSLTGLELFHKKFDLPVEQVIHTEAPYYFRREDLNQTEEQFVAHCVAELEALIEREGADTIAAFIGEPILGAGGIVPPPAGYWEAIQTVLNKHDILLVADEVVTGFGRLGTMFGSDHYGLVPDIITIAKGLTSAYAPLSGSIVSDKVWKVLEQGTDENGPIGHGWTYSAHPIGAAAGVANLKLLDELNLVSNAGEVGAYLNATMAEALSQHANVGDVRGEGLLCAVEFVKDRDSRTFFDAADKIGPRISAKLLEQDKIIARAMPQGDILGFAPPFCLTRAEADQVVEGTLRAVKAVLGSLEHHHHHH,75.66666666666667,75.66666666666667,75.66666666666667
G429A:F87L:C60V:D401G,MLKNDQLDQWDRDNFFHPSTHLAQHARGESANRVIKTASGVFIEDRDGTKLLDAFAGLWVVNVGYGRQEIAEAIADQARELAYYHSLVGHGTEASITLAKMILDRAPKNMSKVYFGLGGSDANETNVKLIWYYNNILGRPEKKKIISRWRGFHGSGLVTGSLTGLELFHKKFDLPVEQVIHTEAPYYFRREDLNQTEEQFVAHCVAELEALIEREGADTIAAFIGEPILGAGGIVPPPAGYWEAIQTVLNKHDILLVADEVVTGFGRLGTMFGSDHYGLEPDIITIAKGLTSAYAPLSGSIVSDKVWKVLEQGTDENGPIGHGWTYSAHPIGAAAGVANLKLLDELNLVSNAGEVGAYLNATMAEALSQHANVGDVRGEGLLCAVEFVKDRDSRTFFDAAGKIGPQISAKLLEQDKIIARAMPQGDILAFAPPFCLTRAEADQVVEGTLRAVKAVLGSLEHHHHHH,86.0,86.0,86.0
E29K:A56S:L165I:S19Y,MLKNDQLDQWDRDNFFHPYTHLAQHARGKSANRVIKTASGVFIEDRDGTKLLDAFSGLWCVNVGYGRQEIAEAIADQARELAYYHSFVGHGTEASITLAKMILDRAPKNMSKVYFGLGGSDANETNVKLIWYYNNILGRPEKKKIISRWRGFHGSGLVTGSLTGIELFHKKFDLPVEQVIHTEAPYYFRREDLNQTEEQFVAHCVAELEALIEREGADTIAAFIGEPILGAGGIVPPPAGYWEAIQTVLNKHDILLVADEVVTGFGRLGTMFGSDHYGLEPDIITIAKGLTSAYAPLSGSIVSDKVWKVLEQGTDENGPIGHGWTYSAHPIGAAAGVANLKLLDELNLVSNAGEVGAYLNATMAEALSQHANVGDVRGEGLLCAVEFVKDRDSRTFFDAADKIGPQISAKLLEQDKIIARAMPQGDILGFAPPFCLTRAEADQVVEGTLRAVKAVLGSLEHHHHHH,77.0,77.0,77.0
G429Y:S86T:P281S:S19Y,MLKNDQLDQWDRDNFFHPYTHLAQHARGESANRVIKTASGVFIEDRDGTKLLDAFAGLWCVNVGYGRQEIAEAIADQARELAYYHTFVGHGTEASITLAKMILDRAPKNMSKVYFGLGGSDANETNVKLIWYYNNILGRPEKKKIISRWRGFHGSGLVTGSLTGLELFHKKFDLPVEQVIHTEAPYYFRREDLNQTEEQFVAHCVAELEALIEREGADTIAAFIGEPILGAGGIVPPPAGYWEAIQTVLNKHDILLVADEVVTGFGRLGTMFGSDHYGLESDIITIAKGLTSAYAPLSGSIVSDKVWKVLEQGTDENGPIGHGWTYSAHPIGAAAGVANLKLLDELNLVSNAGEVGAYLNATMAEALSQHANVGDVRGEGLLCAVEFVKDRDSRTFFDAADKIGPQISAKLLEQDKIIARAMPQGDILYFAPPFCLTRAEADQVVEGTLRAVKAVLGSLEHHHHHH,123.0,123.0,123.0
G429R:D401G:L165M:F168L,MLKNDQLDQWDRDNFFHPSTHLAQHARGESANRVIKTASGVFIEDRDGTKLLDAFAGLWCVNVGYGRQEIAEAIADQARELAYYHSFVGHGTEASITLAKMILDRAPKNMSKVYFGLGGSDANETNVKLIWYYNNILGRPEKKKIISRWRGFHGSGLVTGSLTGMELLHKKFDLPVEQVIHTEAPYYFRREDLNQTEEQFVAHCVAELEALIEREGADTIAAFIGEPILGAGGIVPPPAGYWEAIQTVLNKHDILLVADEVVTGFGRLGTMFGSDHYGLEPDIITIAKGLTSAYAPLSGSIVSDKVWKVLEQGTDENGPIGHGWTYSAHPIGAAAGVANLKLLDELNLVSNAGEVGAYLNATMAEALSQHANVGDVRGEGLLCAVEFVKDRDSRTFFDAAGKIGPQISAKLLEQDKIIARAMPQGDILRFAPPFCLTRAEADQVVEGTLRAVKAVLGSLEHHHHHH,118.66666666666669,118.66666666666669,118.66666666666669
I234F:G332C:P423L:R214S,MLKNDQLDQWDRDNFFHPSTHLAQHARGESANRVIKTASGVFIEDRDGTKLLDAFAGLWCVNVGYGRQEIAEAIADQARELAYYHSFVGHGTEASITLAKMILDRAPKNMSKVYFGLGGSDANETNVKLIWYYNNILGRPEKKKIISRWRGFHGSGLVTGSLTGLELFHKKFDLPVEQVIHTEAPYYFRREDLNQTEEQFVAHCVAELEALIESEGADTIAAFIGEPILGAGGFVPPPAGYWEAIQTVLNKHDILLVADEVVTGFGRLGTMFGSDHYGLEPDIITIAKGLTSAYAPLSGSIVSDKVWKVLEQGTDENGPIGHGWTYSAHPICAAAGVANLKLLDELNLVSNAGEVGAYLNATMAEALSQHANVGDVRGEGLLCAVEFVKDRDSRTFFDAADKIGPQISAKLLEQDKIIARAMLQGDILGFAPPFCLTRAEADQVVEGTLRAVKAVLGSLEHHHHHH,74.33333333333333,74.33333333333333,74.33333333333333
V262Q:Q406K:A231E:S19F,MLKNDQLDQWDRDNFFHPFTHLAQHARGESANRVIKTASGVFIEDRDGTKLLDAFAGLWCVNVGYGRQEIAEAIADQARELAYYHSFVGHGTEASITLAKMILDRAPKNMSKVYFGLGGSDANETNVKLIWYYNNILGRPEKKKIISRWRGFHGSGLVTGSLTGLELFHKKFDLPVEQVIHTEAPYYFRREDLNQTEEQFVAHCVAELEALIEREGADTIAAFIGEPILGEGGIVPPPAGYWEAIQTVLNKHDILLVADEVQTGFGRLGTMFGSDHYGLEPDIITIAKGLTSAYAPLSGSIVSDKVWKVLEQGTDENGPIGHGWTYSAHPIGAAAGVANLKLLDELNLVSNAGEVGAYLNATMAEALSQHANVGDVRGEGLLCAVEFVKDRDSRTFFDAADKIGPKISAKLLEQDKIIARAMPQGDILGFAPPFCLTRAEADQVVEGTLRAVKAVLGSLEHHHHHH,120.33333333333331,120.33333333333331,120.33333333333331
F87Q:C60V:S393A:H90K,MLKNDQLDQWDRDNFFHPSTHLAQHARGESANRVIKTASGVFIEDRDGTKLLDAFAGLWVVNVGYGRQEIAEAIADQARELAYYHSQVGKGTEASITLAKMILDRAPKNMSKVYFGLGGSDANETNVKLIWYYNNILGRPEKKKIISRWRGFHGSGLVTGSLTGLELFHKKFDLPVEQVIHTEAPYYFRREDLNQTEEQFVAHCVAELEALIEREGADTIAAFIGEPILGAGGIVPPPAGYWEAIQTVLNKHDILLVADEVVTGFGRLGTMFGSDHYGLEPDIITIAKGLTSAYAPLSGSIVSDKVWKVLEQGTDENGPIGHGWTYSAHPIGAAAGVANLKLLDELNLVSNAGEVGAYLNATMAEALSQHANVGDVRGEGLLCAVEFVKDRDARTFFDAADKIGPQISAKLLEQDKIIARAMPQGDILGFAPPFCLTRAEADQVVEGTLRAVKAVLGSLEHHHHHH,74.66666666666667,74.66666666666667,74.66666666666667
A71I:W59Y:A231S:L58W,MLKNDQLDQWDRDNFFHPSTHLAQHARGESANRVIKTASGVFIEDRDGTKLLDAFAGWYCVNVGYGRQEIIEAIADQARELAYYHSFVGHGTEASITLAKMILDRAPKNMSKVYFGLGGSDANETNVKLIWYYNNILGRPEKKKIISRWRGFHGSGLVTGSLTGLELFHKKFDLPVEQVIHTEAPYYFRREDLNQTEEQFVAHCVAELEALIEREGADTIAAFIGEPILGSGGIVPPPAGYWEAIQTVLNKHDILLVADEVVTGFGRLGTMFGSDHYGLEPDIITIAKGLTSAYAPLSGSIVSDKVWKVLEQGTDENGPIGHGWTYSAHPIGAAAGVANLKLLDELNLVSNAGEVGAYLNATMAEALSQHANVGDVRGEGLLCAVEFVKDRDSRTFFDAADKIGPQISAKLLEQDKIIARAMPQGDILGFAPPFCLTRAEADQVVEGTLRAVKAVLGSLEHHHHHH,40.333333333333336,40.333333333333336,40.333333333333336
R420K:E29A:D47Q:F168Y,MLKNDQLDQWDRDNFFHPSTHLAQHARGASANRVIKTASGVFIEDRQGTKLLDAFAGLWCVNVGYGRQEIAEAIADQARELAYYHSFVGHGTEASITLAKMILDRAPKNMSKVYFGLGGSDANETNVKLIWYYNNILGRPEKKKIISRWRGFHGSGLVTGSLTGLELYHKKFDLPVEQVIHTEAPYYFRREDLNQTEEQFVAHCVAELEALIEREGADTIAAFIGEPILGAGGIVPPPAGYWEAIQTVLNKHDILLVADEVVTGFGRLGTMFGSDHYGLEPDIITIAKGLTSAYAPLSGSIVSDKVWKVLEQGTDENGPIGHGWTYSAHPIGAAAGVANLKLLDELNLVSNAGEVGAYLNATMAEALSQHANVGDVRGEGLLCAVEFVKDRDSRTFFDAADKIGPQISAKLLEQDKIIAKAMPQGDILGFAPPFCLTRAEADQVVEGTLRAVKAVLGSLEHHHHHH,50.333333333333336,50.333333333333336,50.333333333333336
G332S:A71V:E29K:D398A,MLKNDQLDQWDRDNFFHPSTHLAQHARGKSANRVIKTASGVFIEDRDGTKLLDAFAGLWCVNVGYGRQEIVEAIADQARELAYYHSFVGHGTEASITLAKMILDRAPKNMSKVYFGLGGSDANETNVKLIWYYNNILGRPEKKKIISRWRGFHGSGLVTGSLTGLELFHKKFDLPVEQVIHTEAPYYFRREDLNQTEEQFVAHCVAELEALIEREGADTIAAFIGEPILGAGGIVPPPAGYWEAIQTVLNKHDILLVADEVVTGFGRLGTMFGSDHYGLEPDIITIAKGLTSAYAPLSGSIVSDKVWKVLEQGTDENGPIGHGWTYSAHPISAAAGVANLKLLDELNLVSNAGEVGAYLNATMAEALSQHANVGDVRGEGLLCAVEFVKDRDSRTFFAAADKIGPQISAKLLEQDKIIARAMPQGDILGFAPPFCLTRAEADQVVEGTLRAVKAVLGSLEHHHHHH,43.333333333333336,43.333333333333336,43.333333333333336
N250R:P423G:E177A:S393D,MLKNDQLDQWDRDNFFHPSTHLAQHARGESANRVIKTASGVFIEDRDGTKLLDAFAGLWCVNVGYGRQEIAEAIADQARELAYYHSFVGHGTEASITLAKMILDRAPKNMSKVYFGLGGSDANETNVKLIWYYNNILGRPEKKKIISRWRGFHGSGLVTGSLTGLELFHKKFDLPVAQVIHTEAPYYFRREDLNQTEEQFVAHCVAELEALIEREGADTIAAFIGEPILGAGGIVPPPAGYWEAIQTVLRKHDILLVADEVVTGFGRLGTMFGSDHYGLEPDIITIAKGLTSAYAPLSGSIVSDKVWKVLEQGTDENGPIGHGWTYSAHPIGAAAGVANLKLLDELNLVSNAGEVGAYLNATMAEALSQHANVGDVRGEGLLCAVEFVKDRDDRTFFDAADKIGPQISAKLLEQDKIIARAMGQGDILGFAPPFCLTRAEADQVVEGTLRAVKAVLGSLEHHHHHH,35.666666666666664,35.666666666666664,35.666666666666664
P423A:S368A:A56S:S19W,MLKNDQLDQWDRDNFFHPWTHLAQHARGESANRVIKTASGVFIEDRDGTKLLDAFSGLWCVNVGYGRQEIAEAIADQARELAYYHSFVGHGTEASITLAKMILDRAPKNMSKVYFGLGGSDANETNVKLIWYYNNILGRPEKKKIISRWRGFHGSGLVTGSLTGLELFHKKFDLPVEQVIHTEAPYYFRREDLNQTEEQFVAHCVAELEALIEREGADTIAAFIGEPILGAGGIVPPPAGYWEAIQTVLNKHDILLVADEVVTGFGRLGTMFGSDHYGLEPDIITIAKGLTSAYAPLSGSIVSDKVWKVLEQGTDENGPIGHGWTYSAHPIGAAAGVANLKLLDELNLVSNAGEVGAYLNATMAEALAQHANVGDVRGEGLLCAVEFVKDRDSRTFFDAADKIGPQISAKLLEQDKIIARAMAQGDILGFAPPFCLTRAEADQVVEGTLRAVKAVLGSLEHHHHHH,57.333333333333336,57.333333333333336,57.333333333333336
R420K:L58W:A56S:M422L,MLKNDQLDQWDRDNFFHPSTHLAQHARGESANRVIKTASGVFIEDRDGTKLLDAFSGWWCVNVGYGRQEIAEAIADQARELAYYHSFVGHGTEASITLAKMILDRAPKNMSKVYFGLGGSDANETNVKLIWYYNNILGRPEKKKIISRWRGFHGSGLVTGSLTGLELFHKKFDLPVEQVIHTEAPYYFRREDLNQTEEQFVAHCVAELEALIEREGADTIAAFIGEPILGAGGIVPPPAGYWEAIQTVLNKHDILLVADEVVTGFGRLGTMFGSDHYGLEPDIITIAKGLTSAYAPLSGSIVSDKVWKVLEQGTDENGPIGHGWTYSAHPIGAAAGVANLKLLDELNLVSNAGEVGAYLNATMAEALSQHANVGDVRGEGLLCAVEFVKDRDSRTFFDAADKIGPQISAKLLEQDKIIAKALPQGDILGFAPPFCLTRAEADQVVEGTLRAVKAVLGSLEHHHHHH,70.66666666666667,70.66666666666667,70.66666666666667
Q406A:L58I:Y83S:A56G,MLKNDQLDQWDRDNFFHPSTHLAQHARGESANRVIKTASGVFIEDRDGTKLLDAFGGIWCVNVGYGRQEIAEAIADQARELASYHSFVGHGTEASITLAKMILDRAPKNMSKVYFGLGGSDANETNVKLIWYYNNILGRPEKKKIISRWRGFHGSGLVTGSLTGLELFHKKFDLPVEQVIHTEAPYYFRREDLNQTEEQFVAHCVAELEALIEREGADTIAAFIGEPILGAGGIVPPPAGYWEAIQTVLNKHDILLVADEVVTGFGRLGTMFGSDHYGLEPDIITIAKGLTSAYAPLSGSIVSDKVWKVLEQGTDENGPIGHGWTYSAHPIGAAAGVANLKLLDELNLVSNAGEVGAYLNATMAEALSQHANVGDVRGEGLLCAVEFVKDRDSRTFFDAADKIGPAISAKLLEQDKIIARAMPQGDILGFAPPFCLTRAEADQVVEGTLRAVKAVLGSLEHHHHHH,100.33333333333331,100.33333333333331,100.33333333333331
G332C:A71I:S86T:M422S,MLKNDQLDQWDRDNFFHPSTHLAQHARGESANRVIKTASGVFIEDRDGTKLLDAFAGLWCVNVGYGRQEIIEAIADQARELAYYHTFVGHGTEASITLAKMILDRAPKNMSKVYFGLGGSDANETNVKLIWYYNNILGRPEKKKIISRWRGFHGSGLVTGSLTGLELFHKKFDLPVEQVIHTEAPYYFRREDLNQTEEQFVAHCVAELEALIEREGADTIAAFIGEPILGAGGIVPPPAGYWEAIQTVLNKHDILLVADEVVTGFGRLGTMFGSDHYGLEPDIITIAKGLTSAYAPLSGSIVSDKVWKVLEQGTDENGPIGHGWTYSAHPICAAAGVANLKLLDELNLVSNAGEVGAYLNATMAEALSQHANVGDVRGEGLLCAVEFVKDRDSRTFFDAADKIGPQISAKLLEQDKIIARASPQGDILGFAPPFCLTRAEADQVVEGTLRAVKAVLGSLEHHHHHH,57.0,57.0,57.0
N250Y:A71I:H252R:Y83S,MLKNDQLDQWDRDNFFHPSTHLAQHARGESANRVIKTASGVFIEDRDGTKLLDAFAGLWCVNVGYGRQEIIEAIADQARELASYHSFVGHGTEASITLAKMILDRAPKNMSKVYFGLGGSDANETNVKLIWYYNNILGRPEKKKIISRWRGFHGSGLVTGSLTGLELFHKKFDLPVEQVIHTEAPYYFRREDLNQTEEQFVAHCVAELEALIEREGADTIAAFIGEPILGAGGIVPPPAGYWEAIQTVLYKRDILLVADEVVTGFGRLGTMFGSDHYGLEPDIITIAKGLTSAYAPLSGSIVSDKVWKVLEQGTDENGPIGHGWTYSAHPIGAAAGVANLKLLDELNLVSNAGEVGAYLNATMAEALSQHANVGDVRGEGLLCAVEFVKDRDSRTFFDAADKIGPQISAKLLEQDKIIARAMPQGDILGFAPPFCLTRAEADQVVEGTLRAVKAVLGSLEHHHHHH,141.0,141.0,141.0
R420W:G429R:F87Q:R46H,MLKNDQLDQWDRDNFFHPSTHLAQHARGESANRVIKTASGVFIEDHDGTKLLDAFAGLWCVNVGYGRQEIAEAIADQARELAYYHSQVGHGTEASITLAKMILDRAPKNMSKVYFGLGGSDANETNVKLIWYYNNILGRPEKKKIISRWRGFHGSGLVTGSLTGLELFHKKFDLPVEQVIHTEAPYYFRREDLNQTEEQFVAHCVAELEALIEREGADTIAAFIGEPILGAGGIVPPPAGYWEAIQTVLNKHDILLVADEVVTGFGRLGTMFGSDHYGLEPDIITIAKGLTSAYAPLSGSIVSDKVWKVLEQGTDENGPIGHGWTYSAHPIGAAAGVANLKLLDELNLVSNAGEVGAYLNATMAEALSQHANVGDVRGEGLLCAVEFVKDRDSRTFFDAADKIGPQISAKLLEQDKIIAWAMPQGDILRFAPPFCLTRAEADQVVEGTLRAVKAVLGSLEHHHHHH,141.5,141.5,141.5
V262Q:Q406R:F397L:A399P,MLKNDQLDQWDRDNFFHPSTHLAQHARGESANRVIKTASGVFIEDRDGTKLLDAFAGLWCVNVGYGRQEIAEAIADQARELAYYHSFVGHGTEASITLAKMILDRAPKNMSKVYFGLGGSDANETNVKLIWYYNNILGRPEKKKIISRWRGFHGSGLVTGSLTGLELFHKKFDLPVEQVIHTEAPYYFRREDLNQTEEQFVAHCVAELEALIEREGADTIAAFIGEPILGAGGIVPPPAGYWEAIQTVLNKHDILLVADEVQTGFGRLGTMFGSDHYGLEPDIITIAKGLTSAYAPLSGSIVSDKVWKVLEQGTDENGPIGHGWTYSAHPIGAAAGVANLKLLDELNLVSNAGEVGAYLNATMAEALSQHANVGDVRGEGLLCAVEFVKDRDSRTFLDPADKIGPRISAKLLEQDKIIARAMPQGDILGFAPPFCLTRAEADQVVEGTLRAVKAVLGSLEHHHHHH,72.5,72.5,72.5
I234F:V262Q:R420K:S155V,MLKNDQLDQWDRDNFFHPSTHLAQHARGESANRVIKTASGVFIEDRDGTKLLDAFAGLWCVNVGYGRQEIAEAIADQARELAYYHSFVGHGTEASITLAKMILDRAPKNMSKVYFGLGGSDANETNVKLIWYYNNILGRPEKKKIISRWRGFHGVGLVTGSLTGLELFHKKFDLPVEQVIHTEAPYYFRREDLNQTEEQFVAHCVAELEALIEREGADTIAAFIGEPILGAGGFVPPPAGYWEAIQTVLNKHDILLVADEVQTGFGRLGTMFGSDHYGLEPDIITIAKGLTSAYAPLSGSIVSDKVWKVLEQGTDENGPIGHGWTYSAHPIGAAAGVANLKLLDELNLVSNAGEVGAYLNATMAEALSQHANVGDVRGEGLLCAVEFVKDRDSRTFFDAADKIGPQISAKLLEQDKIIAKAMPQGDILGFAPPFCLTRAEADQVVEGTLRAVKAVLGSLEHHHHHH,143.0,143.0,143.0
N250R:P423R:A231E:S393A,MLKNDQLDQWDRDNFFHPSTHLAQHARGESANRVIKTASGVFIEDRDGTKLLDAFAGLWCVNVGYGRQEIAEAIADQARELAYYHSFVGHGTEASITLAKMILDRAPKNMSKVYFGLGGSDANETNVKLIWYYNNILGRPEKKKIISRWRGFHGSGLVTGSLTGLELFHKKFDLPVEQVIHTEAPYYFRREDLNQTEEQFVAHCVAELEALIEREGADTIAAFIGEPILGEGGIVPPPAGYWEAIQTVLRKHDILLVADEVVTGFGRLGTMFGSDHYGLEPDIITIAKGLTSAYAPLSGSIVSDKVWKVLEQGTDENGPIGHGWTYSAHPIGAAAGVANLKLLDELNLVSNAGEVGAYLNATMAEALSQHANVGDVRGEGLLCAVEFVKDRDARTFFDAADKIGPQISAKLLEQDKIIARAMRQGDILGFAPPFCLTRAEADQVVEGTLRAVKAVLGSLEHHHHHH,83.0,83.0,83.0
L167A:Y83H:C60V:R394G,MLKNDQLDQWDRDNFFHPSTHLAQHARGESANRVIKTASGVFIEDRDGTKLLDAFAGLWVVNVGYGRQEIAEAIADQARELAHYHSFVGHGTEASITLAKMILDRAPKNMSKVYFGLGGSDANETNVKLIWYYNNILGRPEKKKIISRWRGFHGSGLVTGSLTGLEAFHKKFDLPVEQVIHTEAPYYFRREDLNQTEEQFVAHCVAELEALIEREGADTIAAFIGEPILGAGGIVPPPAGYWEAIQTVLNKHDILLVADEVVTGFGRLGTMFGSDHYGLEPDIITIAKGLTSAYAPLSGSIVSDKVWKVLEQGTDENGPIGHGWTYSAHPIGAAAGVANLKLLDELNLVSNAGEVGAYLNATMAEALSQHANVGDVRGEGLLCAVEFVKDRDSGTFFDAADKIGPQISAKLLEQDKIIARAMPQGDILGFAPPFCLTRAEADQVVEGTLRAVKAVLGSLEHHHHHH,118.0,118.0,118.0
W59G:F87Y:A231G:S120T,MLKNDQLDQWDRDNFFHPSTHLAQHARGESANRVIKTASGVFIEDRDGTKLLDAFAGLGCVNVGYGRQEIAEAIADQARELAYYHSYVGHGTEASITLAKMILDRAPKNMSKVYFGLGGTDANETNVKLIWYYNNILGRPEKKKIISRWRGFHGSGLVTGSLTGLELFHKKFDLPVEQVIHTEAPYYFRREDLNQTEEQFVAHCVAELEALIEREGADTIAAFIGEPILGGGGIVPPPAGYWEAIQTVLNKHDILLVADEVVTGFGRLGTMFGSDHYGLEPDIITIAKGLTSAYAPLSGSIVSDKVWKVLEQGTDENGPIGHGWTYSAHPIGAAAGVANLKLLDELNLVSNAGEVGAYLNATMAEALSQHANVGDVRGEGLLCAVEFVKDRDSRTFFDAADKIGPQISAKLLEQDKIIARAMPQGDILGFAPPFCLTRAEADQVVEGTLRAVKAVLGSLEHHHHHH,77.5,77.5,77.5
V262M:K402V:Q406K:E29A,MLKNDQLDQWDRDNFFHPSTHLAQHARGASANRVIKTASGVFIEDRDGTKLLDAFAGLWCVNVGYGRQEIAEAIADQARELAYYHSFVGHGTEASITLAKMILDRAPKNMSKVYFGLGGSDANETNVKLIWYYNNILGRPEKKKIISRWRGFHGSGLVTGSLTGLELFHKKFDLPVEQVIHTEAPYYFRREDLNQTEEQFVAHCVAELEALIEREGADTIAAFIGEPILGAGGIVPPPAGYWEAIQTVLNKHDILLVADEVMTGFGRLGTMFGSDHYGLEPDIITIAKGLTSAYAPLSGSIVSDKVWKVLEQGTDENGPIGHGWTYSAHPIGAAAGVANLKLLDELNLVSNAGEVGAYLNATMAEALSQHANVGDVRGEGLLCAVEFVKDRDSRTFFDAADVIGPKISAKLLEQDKIIARAMPQGDILGFAPPFCLTRAEADQVVEGTLRAVKAVLGSLEHHHHHH,106.5,106.5,106.5
G429R:S86A:R391K:D398E,MLKNDQLDQWDRDNFFHPSTHLAQHARGESANRVIKTASGVFIEDRDGTKLLDAFAGLWCVNVGYGRQEIAEAIADQARELAYYHAFVGHGTEASITLAKMILDRAPKNMSKVYFGLGGSDANETNVKLIWYYNNILGRPEKKKIISRWRGFHGSGLVTGSLTGLELFHKKFDLPVEQVIHTEAPYYFRREDLNQTEEQFVAHCVAELEALIEREGADTIAAFIGEPILGAGGIVPPPAGYWEAIQTVLNKHDILLVADEVVTGFGRLGTMFGSDHYGLEPDIITIAKGLTSAYAPLSGSIVSDKVWKVLEQGTDENGPIGHGWTYSAHPIGAAAGVANLKLLDELNLVSNAGEVGAYLNATMAEALSQHANVGDVRGEGLLCAVEFVKDKDSRTFFEAADKIGPQISAKLLEQDKIIARAMPQGDILRFAPPFCLTRAEADQVVEGTLRAVKAVLGSLEHHHHHH,52.5,52.5,52.5
R420A:F87Q:R214A:P281A,MLKNDQLDQWDRDNFFHPSTHLAQHARGESANRVIKTASGVFIEDRDGTKLLDAFAGLWCVNVGYGRQEIAEAIADQARELAYYHSQVGHGTEASITLAKMILDRAPKNMSKVYFGLGGSDANETNVKLIWYYNNILGRPEKKKIISRWRGFHGSGLVTGSLTGLELFHKKFDLPVEQVIHTEAPYYFRREDLNQTEEQFVAHCVAELEALIEAEGADTIAAFIGEPILGAGGIVPPPAGYWEAIQTVLNKHDILLVADEVVTGFGRLGTMFGSDHYGLEADIITIAKGLTSAYAPLSGSIVSDKVWKVLEQGTDENGPIGHGWTYSAHPIGAAAGVANLKLLDELNLVSNAGEVGAYLNATMAEALSQHANVGDVRGEGLLCAVEFVKDRDSRTFFDAADKIGPQISAKLLEQDKIIAAAMPQGDILGFAPPFCLTRAEADQVVEGTLRAVKAVLGSLEHHHHHH,90.0,90.0,90.0
A71V:G429Y:L58I:S393A,MLKNDQLDQWDRDNFFHPSTHLAQHARGESANRVIKTASGVFIEDRDGTKLLDAFAGIWCVNVGYGRQEIVEAIADQARELAYYHSFVGHGTEASITLAKMILDRAPKNMSKVYFGLGGSDANETNVKLIWYYNNILGRPEKKKIISRWRGFHGSGLVTGSLTGLELFHKKFDLPVEQVIHTEAPYYFRREDLNQTEEQFVAHCVAELEALIEREGADTIAAFIGEPILGAGGIVPPPAGYWEAIQTVLNKHDILLVADEVVTGFGRLGTMFGSDHYGLEPDIITIAKGLTSAYAPLSGSIVSDKVWKVLEQGTDENGPIGHGWTYSAHPIGAAAGVANLKLLDELNLVSNAGEVGAYLNATMAEALSQHANVGDVRGEGLLCAVEFVKDRDARTFFDAADKIGPQISAKLLEQDKIIARAMPQGDILYFAPPFCLTRAEADQVVEGTLRAVKAVLGSLEHHHHHH,96.5,96.5,96.5
N250K:K402E:F87L:S19W,MLKNDQLDQWDRDNFFHPWTHLAQHARGESANRVIKTASGVFIEDRDGTKLLDAFAGLWCVNVGYGRQEIAEAIADQARELAYYHSLVGHGTEASITLAKMILDRAPKNMSKVYFGLGGSDANETNVKLIWYYNNILGRPEKKKIISRWRGFHGSGLVTGSLTGLELFHKKFDLPVEQVIHTEAPYYFRREDLNQTEEQFVAHCVAELEALIEREGADTIAAFIGEPILGAGGIVPPPAGYWEAIQTVLKKHDILLVADEVVTGFGRLGTMFGSDHYGLEPDIITIAKGLTSAYAPLSGSIVSDKVWKVLEQGTDENGPIGHGWTYSAHPIGAAAGVANLKLLDELNLVSNAGEVGAYLNATMAEALSQHANVGDVRGEGLLCAVEFVKDRDSRTFFDAADEIGPQISAKLLEQDKIIARAMPQGDILGFAPPFCLTRAEADQVVEGTLRAVKAVLGSLEHHHHHH,45.5,45.5,45.5
P423A:W59A:S393A:D401L,MLKNDQLDQWDRDNFFHPSTHLAQHARGESANRVIKTASGVFIEDRDGTKLLDAFAGLACVNVGYGRQEIAEAIADQARELAYYHSFVGHGTEASITLAKMILDRAPKNMSKVYFGLGGSDANETNVKLIWYYNNILGRPEKKKIISRWRGFHGSGLVTGSLTGLELFHKKFDLPVEQVIHTEAPYYFRREDLNQTEEQFVAHCVAELEALIEREGADTIAAFIGEPILGAGGIVPPPAGYWEAIQTVLNKHDILLVADEVVTGFGRLGTMFGSDHYGLEPDIITIAKGLTSAYAPLSGSIVSDKVWKVLEQGTDENGPIGHGWTYSAHPIGAAAGVANLKLLDELNLVSNAGEVGAYLNATMAEALSQHANVGDVRGEGLLCAVEFVKDRDARTFFDAALKIGPQISAKLLEQDKIIARAMAQGDILGFAPPFCLTRAEADQVVEGTLRAVKAVLGSLEHHHHHH,67.5,67.5,67.5
V262Q:R214A:C60P:L165M,MLKNDQLDQWDRDNFFHPSTHLAQHARGESANRVIKTASGVFIEDRDGTKLLDAFAGLWPVNVGYGRQEIAEAIADQARELAYYHSFVGHGTEASITLAKMILDRAPKNMSKVYFGLGGSDANETNVKLIWYYNNILGRPEKKKIISRWRGFHGSGLVTGSLTGMELFHKKFDLPVEQVIHTEAPYYFRREDLNQTEEQFVAHCVAELEALIEAEGADTIAAFIGEPILGAGGIVPPPAGYWEAIQTVLNKHDILLVADEVQTGFGRLGTMFGSDHYGLEPDIITIAKGLTSAYAPLSGSIVSDKVWKVLEQGTDENGPIGHGWTYSAHPIGAAAGVANLKLLDELNLVSNAGEVGAYLNATMAEALSQHANVGDVRGEGLLCAVEFVKDRDSRTFFDAADKIGPQISAKLLEQDKIIARAMPQGDILGFAPPFCLTRAEADQVVEGTLRAVKAVLGSLEHHHHHH,98.5,98.5,98.5
A231G:L167S:R391P:P281A,MLKNDQLDQWDRDNFFHPSTHLAQHARGESANRVIKTASGVFIEDRDGTKLLDAFAGLWCVNVGYGRQEIAEAIADQARELAYYHSFVGHGTEASITLAKMILDRAPKNMSKVYFGLGGSDANETNVKLIWYYNNILGRPEKKKIISRWRGFHGSGLVTGSLTGLESFHKKFDLPVEQVIHTEAPYYFRREDLNQTEEQFVAHCVAELEALIEREGADTIAAFIGEPILGGGGIVPPPAGYWEAIQTVLNKHDILLVADEVVTGFGRLGTMFGSDHYGLEADIITIAKGLTSAYAPLSGSIVSDKVWKVLEQGTDENGPIGHGWTYSAHPIGAAAGVANLKLLDELNLVSNAGEVGAYLNATMAEALSQHANVGDVRGEGLLCAVEFVKDPDSRTFFDAADKIGPQISAKLLEQDKIIARAMPQGDILGFAPPFCLTRAEADQVVEGTLRAVKAVLGSLEHHHHHH,101.0,101.0,101.0
I234V:K402E:F397L:D398E,MLKNDQLDQWDRDNFFHPSTHLAQHARGESANRVIKTASGVFIEDRDGTKLLDAFAGLWCVNVGYGRQEIAEAIADQARELAYYHSFVGHGTEASITLAKMILDRAPKNMSKVYFGLGGSDANETNVKLIWYYNNILGRPEKKKIISRWRGFHGSGLVTGSLTGLELFHKKFDLPVEQVIHTEAPYYFRREDLNQTEEQFVAHCVAELEALIEREGADTIAAFIGEPILGAGGVVPPPAGYWEAIQTVLNKHDILLVADEVVTGFGRLGTMFGSDHYGLEPDIITIAKGLTSAYAPLSGSIVSDKVWKVLEQGTDENGPIGHGWTYSAHPIGAAAGVANLKLLDELNLVSNAGEVGAYLNATMAEALSQHANVGDVRGEGLLCAVEFVKDRDSRTFLEAADEIGPQISAKLLEQDKIIARAMPQGDILGFAPPFCLTRAEADQVVEGTLRAVKAVLGSLEHHHHHH,50.5,50.5,50.5
A231S:H252Y:L167F:E177G,MLKNDQLDQWDRDNFFHPSTHLAQHARGESANRVIKTASGVFIEDRDGTKLLDAFAGLWCVNVGYGRQEIAEAIADQARELAYYHSFVGHGTEASITLAKMILDRAPKNMSKVYFGLGGSDANETNVKLIWYYNNILGRPEKKKIISRWRGFHGSGLVTGSLTGLEFFHKKFDLPVGQVIHTEAPYYFRREDLNQTEEQFVAHCVAELEALIEREGADTIAAFIGEPILGSGGIVPPPAGYWEAIQTVLNKYDILLVADEVVTGFGRLGTMFGSDHYGLEPDIITIAKGLTSAYAPLSGSIVSDKVWKVLEQGTDENGPIGHGWTYSAHPIGAAAGVANLKLLDELNLVSNAGEVGAYLNATMAEALSQHANVGDVRGEGLLCAVEFVKDRDSRTFFDAADKIGPQISAKLLEQDKIIARAMPQGDILGFAPPFCLTRAEADQVVEGTLRAVKAVLGSLEHHHHHH,29.0,29.0,29.0
G332S:P423Q:F397L:A56G,MLKNDQLDQWDRDNFFHPSTHLAQHARGESANRVIKTASGVFIEDRDGTKLLDAFGGLWCVNVGYGRQEIAEAIADQARELAYYHSFVGHGTEASITLAKMILDRAPKNMSKVYFGLGGSDANETNVKLIWYYNNILGRPEKKKIISRWRGFHGSGLVTGSLTGLELFHKKFDLPVEQVIHTEAPYYFRREDLNQTEEQFVAHCVAELEALIEREGADTIAAFIGEPILGAGGIVPPPAGYWEAIQTVLNKHDILLVADEVVTGFGRLGTMFGSDHYGLEPDIITIAKGLTSAYAPLSGSIVSDKVWKVLEQGTDENGPIGHGWTYSAHPISAAAGVANLKLLDELNLVSNAGEVGAYLNATMAEALSQHANVGDVRGEGLLCAVEFVKDRDSRTFLDAADKIGPQISAKLLEQDKIIARAMQQGDILGFAPPFCLTRAEADQVVEGTLRAVKAVLGSLEHHHHHH,93.5,93.5,93.5
K402N:G429A:A231T:S155V,MLKNDQLDQWDRDNFFHPSTHLAQHARGESANRVIKTASGVFIEDRDGTKLLDAFAGLWCVNVGYGRQEIAEAIADQARELAYYHSFVGHGTEASITLAKMILDRAPKNMSKVYFGLGGSDANETNVKLIWYYNNILGRPEKKKIISRWRGFHGVGLVTGSLTGLELFHKKFDLPVEQVIHTEAPYYFRREDLNQTEEQFVAHCVAELEALIEREGADTIAAFIGEPILGTGGIVPPPAGYWEAIQTVLNKHDILLVADEVVTGFGRLGTMFGSDHYGLEPDIITIAKGLTSAYAPLSGSIVSDKVWKVLEQGTDENGPIGHGWTYSAHPIGAAAGVANLKLLDELNLVSNAGEVGAYLNATMAEALSQHANVGDVRGEGLLCAVEFVKDRDSRTFFDAADNIGPQISAKLLEQDKIIARAMPQGDILAFAPPFCLTRAEADQVVEGTLRAVKAVLGSLEHHHHHH,17.0,17.0,17.0
V262I:Q406A:P423L:H252Y,MLKNDQLDQWDRDNFFHPSTHLAQHARGESANRVIKTASGVFIEDRDGTKLLDAFAGLWCVNVGYGRQEIAEAIADQARELAYYHSFVGHGTEASITLAKMILDRAPKNMSKVYFGLGGSDANETNVKLIWYYNNILGRPEKKKIISRWRGFHGSGLVTGSLTGLELFHKKFDLPVEQVIHTEAPYYFRREDLNQTEEQFVAHCVAELEALIEREGADTIAAFIGEPILGAGGIVPPPAGYWEAIQTVLNKYDILLVADEVITGFGRLGTMFGSDHYGLEPDIITIAKGLTSAYAPLSGSIVSDKVWKVLEQGTDENGPIGHGWTYSAHPIGAAAGVANLKLLDELNLVSNAGEVGAYLNATMAEALSQHANVGDVRGEGLLCAVEFVKDRDSRTFFDAADKIGPAISAKLLEQDKIIARAMLQGDILGFAPPFCLTRAEADQVVEGTLRAVKAVLGSLEHHHHHH,25.0,25.0,25.0
G332A:K402N:S393D:M422S,MLKNDQLDQWDRDNFFHPSTHLAQHARGESANRVIKTASGVFIEDRDGTKLLDAFAGLWCVNVGYGRQEIAEAIADQARELAYYHSFVGHGTEASITLAKMILDRAPKNMSKVYFGLGGSDANETNVKLIWYYNNILGRPEKKKIISRWRGFHGSGLVTGSLTGLELFHKKFDLPVEQVIHTEAPYYFRREDLNQTEEQFVAHCVAELEALIEREGADTIAAFIGEPILGAGGIVPPPAGYWEAIQTVLNKHDILLVADEVVTGFGRLGTMFGSDHYGLEPDIITIAKGLTSAYAPLSGSIVSDKVWKVLEQGTDENGPIGHGWTYSAHPIAAAAGVANLKLLDELNLVSNAGEVGAYLNATMAEALSQHANVGDVRGEGLLCAVEFVKDRDDRTFFDAADNIGPQISAKLLEQDKIIARASPQGDILGFAPPFCLTRAEADQVVEGTLRAVKAVLGSLEHHHHHH,55.0,55.0,55.0
L382F:P423L:A231T:S120T,MLKNDQLDQWDRDNFFHPSTHLAQHARGESANRVIKTASGVFIEDRDGTKLLDAFAGLWCVNVGYGRQEIAEAIADQARELAYYHSFVGHGTEASITLAKMILDRAPKNMSKVYFGLGGTDANETNVKLIWYYNNILGRPEKKKIISRWRGFHGSGLVTGSLTGLELFHKKFDLPVEQVIHTEAPYYFRREDLNQTEEQFVAHCVAELEALIEREGADTIAAFIGEPILGTGGIVPPPAGYWEAIQTVLNKHDILLVADEVVTGFGRLGTMFGSDHYGLEPDIITIAKGLTSAYAPLSGSIVSDKVWKVLEQGTDENGPIGHGWTYSAHPIGAAAGVANLKLLDELNLVSNAGEVGAYLNATMAEALSQHANVGDVRGEGLFCAVEFVKDRDSRTFFDAADKIGPQISAKLLEQDKIIARAMLQGDILGFAPPFCLTRAEADQVVEGTLRAVKAVLGSLEHHHHHH,37.5,37.5,37.5
H85M:A231V:R391K:D392A,MLKNDQLDQWDRDNFFHPSTHLAQHARGESANRVIKTASGVFIEDRDGTKLLDAFAGLWCVNVGYGRQEIAEAIADQARELAYYMSFVGHGTEASITLAKMILDRAPKNMSKVYFGLGGSDANETNVKLIWYYNNILGRPEKKKIISRWRGFHGSGLVTGSLTGLELFHKKFDLPVEQVIHTEAPYYFRREDLNQTEEQFVAHCVAELEALIEREGADTIAAFIGEPILGVGGIVPPPAGYWEAIQTVLNKHDILLVADEVVTGFGRLGTMFGSDHYGLEPDIITIAKGLTSAYAPLSGSIVSDKVWKVLEQGTDENGPIGHGWTYSAHPIGAAAGVANLKLLDELNLVSNAGEVGAYLNATMAEALSQHANVGDVRGEGLLCAVEFVKDKASRTFFDAADKIGPQISAKLLEQDKIIARAMPQGDILGFAPPFCLTRAEADQVVEGTLRAVKAVLGSLEHHHHHH,63.0,63.0,63.0
A231E:S86T:R46T:D47Q,MLKNDQLDQWDRDNFFHPSTHLAQHARGESANRVIKTASGVFIEDTQGTKLLDAFAGLWCVNVGYGRQEIAEAIADQARELAYYHTFVGHGTEASITLAKMILDRAPKNMSKVYFGLGGSDANETNVKLIWYYNNILGRPEKKKIISRWRGFHGSGLVTGSLTGLELFHKKFDLPVEQVIHTEAPYYFRREDLNQTEEQFVAHCVAELEALIEREGADTIAAFIGEPILGEGGIVPPPAGYWEAIQTVLNKHDILLVADEVVTGFGRLGTMFGSDHYGLEPDIITIAKGLTSAYAPLSGSIVSDKVWKVLEQGTDENGPIGHGWTYSAHPIGAAAGVANLKLLDELNLVSNAGEVGAYLNATMAEALSQHANVGDVRGEGLLCAVEFVKDRDSRTFFDAADKIGPQISAKLLEQDKIIARAMPQGDILGFAPPFCLTRAEADQVVEGTLRAVKAVLGSLEHHHHHH,104.5,104.5,104.5
WT,MLKNDQLDQWDRDNFFHPSTHLAQHARGESANRVIKTASGVFIEDRDGTKLLDAFAGLWCVNVGYGRQEIAEAIADQARELAYYHSFVGHGTEASITLAKMILDRAPKNMSKVYFGLGGSDANETNVKLIWYYNNILGRPEKKKIISRWRGFHGSGLVTGSLTGLELFHKKFDLPVEQVIHTEAPYYFRREDLNQTEEQFVAHCVAELEALIEREGADTIAAFIGEPILGAGGIVPPPAGYWEAIQTVLNKHDILLVADEVVTGFGRLGTMFGSDHYGLEPDIITIAKGLTSAYAPLSGSIVSDKVWKVLEQGTDENGPIGHGWTYSAHPIGAAAGVANLKLLDELNLVSNAGEVGAYLNATMAEALSQHANVGDVRGEGLLCAVEFVKDRDSRTFFDAADKIGPQISAKLLEQDKIIARAMPQGDILGFAPPFCLTRAEADQVVEGTLRAVKAVLGSLEHHHHHH,53.66666666666666,53.66666666666666,53.66666666666666
I234M:V262A:A56G:F168L,MLKNDQLDQWDRDNFFHPSTHLAQHARGESANRVIKTASGVFIEDRDGTKLLDAFGGLWCVNVGYGRQEIAEAIADQARELAYYHSFVGHGTEASITLAKMILDRAPKNMSKVYFGLGGSDANETNVKLIWYYNNILGRPEKKKIISRWRGFHGSGLVTGSLTGLELLHKKFDLPVEQVIHTEAPYYFRREDLNQTEEQFVAHCVAELEALIEREGADTIAAFIGEPILGAGGMVPPPAGYWEAIQTVLNKHDILLVADEVATGFGRLGTMFGSDHYGLEPDIITIAKGLTSAYAPLSGSIVSDKVWKVLEQGTDENGPIGHGWTYSAHPIGAAAGVANLKLLDELNLVSNAGEVGAYLNATMAEALSQHANVGDVRGEGLLCAVEFVKDRDSRTFFDAADKIGPQISAKLLEQDKIIARAMPQGDILGFAPPFCLTRAEADQVVEGTLRAVKAVLGSLEHHHHHH,97.5,97.5,97.5
P423L:A231G:Q369D:H90R,MLKNDQLDQWDRDNFFHPSTHLAQHARGESANRVIKTASGVFIEDRDGTKLLDAFAGLWCVNVGYGRQEIAEAIADQARELAYYHSFVGRGTEASITLAKMILDRAPKNMSKVYFGLGGSDANETNVKLIWYYNNILGRPEKKKIISRWRGFHGSGLVTGSLTGLELFHKKFDLPVEQVIHTEAPYYFRREDLNQTEEQFVAHCVAELEALIEREGADTIAAFIGEPILGGGGIVPPPAGYWEAIQTVLNKHDILLVADEVVTGFGRLGTMFGSDHYGLEPDIITIAKGLTSAYAPLSGSIVSDKVWKVLEQGTDENGPIGHGWTYSAHPIGAAAGVANLKLLDELNLVSNAGEVGAYLNATMAEALSDHANVGDVRGEGLLCAVEFVKDRDSRTFFDAADKIGPQISAKLLEQDKIIARAMLQGDILGFAPPFCLTRAEADQVVEGTLRAVKAVLGSLEHHHHHH,69.5,69.5,69.5
I234M:A231E:S155V:A399P,MLKNDQLDQWDRDNFFHPSTHLAQHARGESANRVIKTASGVFIEDRDGTKLLDAFAGLWCVNVGYGRQEIAEAIADQARELAYYHSFVGHGTEASITLAKMILDRAPKNMSKVYFGLGGSDANETNVKLIWYYNNILGRPEKKKIISRWRGFHGVGLVTGSLTGLELFHKKFDLPVEQVIHTEAPYYFRREDLNQTEEQFVAHCVAELEALIEREGADTIAAFIGEPILGEGGMVPPPAGYWEAIQTVLNKHDILLVADEVVTGFGRLGTMFGSDHYGLEPDIITIAKGLTSAYAPLSGSIVSDKVWKVLEQGTDENGPIGHGWTYSAHPIGAAAGVANLKLLDELNLVSNAGEVGAYLNATMAEALSQHANVGDVRGEGLLCAVEFVKDRDSRTFFDPADKIGPQISAKLLEQDKIIARAMPQGDILGFAPPFCLTRAEADQVVEGTLRAVKAVLGSLEHHHHHH,78.5,78.5,78.5
