mutant,Phenylethylamine Activity,(4-Chlorophenyl)phenylmethanamine Activity,1_3-Diphenyl-propane-1-amine Activity,mutated_sequence
V262Q:G332S:E280V:R46T,0.45808569926235876,0.43792987594977084,0.628066002906128,MLKNDQLDQWDRDNFFHPSTHLAQHARGESANRVIKTASGVFIEDTDGTKLLDAFAGLWCVNVGYGRQEIAEAIADQARELAYYHSFVGHGTEASITLAKMILDRAPKNMSKVYFGLGGSDANETNVKLIWYYNNILGRPEKKKIISRWRGFHGSGLVTGSLTGLELFHKKFDLPVEQVIHTEAPYYFRREDLNQTEEQFVAHCVAELEALIEREGADTIAAFIGEPILGAGGIVPPPAGYWEAIQTVLNKHDILLVADEVQTGFGRLGTMFGSDHYGLVPDIITIAKGLTSAYAPLSGSIVSDKVWKVLEQGTDENGPIGHGWTYSAHPISAAAGVANLKLLDELNLVSNAGEVGAYLNATMAEALSQHANVGDVRGEGLLCAVEFVKDRDSRTFFDAADKIGPQISAKLLEQDKIIARAMPQGDILGFAPPFCLTRAEADQVVEGTLRAVKAVLGSLE
N250K:F87Q:L167A:P281S,0.6070433120019185,0.6109996854065238,0.6298295660861575,MLKNDQLDQWDRDNFFHPSTHLAQHARGESANRVIKTASGVFIEDRDGTKLLDAFAGLWCVNVGYGRQEIAEAIADQARELAYYHSQVGHGTEASITLAKMILDRAPKNMSKVYFGLGGSDANETNVKLIWYYNNILGRPEKKKIISRWRGFHGSGLVTGSLTGLEAFHKKFDLPVEQVIHTEAPYYFRREDLNQTEEQFVAHCVAELEALIEREGADTIAAFIGEPILGAGGIVPPPAGYWEAIQTVLKKHDILLVADEVVTGFGRLGTMFGSDHYGLESDIITIAKGLTSAYAPLSGSIVSDKVWKVLEQGTDENGPIGHGWTYSAHPIGAAAGVANLKLLDELNLVSNAGEVGAYLNATMAEALSQHANVGDVRGEGLLCAVEFVKDRDSRTFFDAADKIGPQISAKLLEQDKIIARAMPQGDILGFAPPFCLTRAEADQVVEGTLRAVKAVLGSLE
G332C:R420L:L58W:Q369G,0.39800322320315845,0.4275937136279857,0.386265084420644,MLKNDQLDQWDRDNFFHPSTHLAQHARGESANRVIKTASGVFIEDRDGTKLLDAFAGWWCVNVGYGRQEIAEAIADQARELAYYHSFVGHGTEASITLAKMILDRAPKNMSKVYFGLGGSDANETNVKLIWYYNNILGRPEKKKIISRWRGFHGSGLVTGSLTGLELFHKKFDLPVEQVIHTEAPYYFRREDLNQTEEQFVAHCVAELEALIEREGADTIAAFIGEPILGAGGIVPPPAGYWEAIQTVLNKHDILLVADEVVTGFGRLGTMFGSDHYGLEPDIITIAKGLTSAYAPLSGSIVSDKVWKVLEQGTDENGPIGHGWTYSAHPICAAAGVANLKLLDELNLVSNAGEVGAYLNATMAEALSGHANVGDVRGEGLLCAVEFVKDRDSRTFFDAADKIGPQISAKLLEQDKIIALAMPQGDILGFAPPFCLTRAEADQVVEGTLRAVKAVLGSLE
A71I:K402V:W59A:E177G,0.4514522317967439,0.38158201163486083,0.47643691311820047,MLKNDQLDQWDRDNFFHPSTHLAQHARGESANRVIKTASGVFIEDRDGTKLLDAFAGLACVNVGYGRQEIIEAIADQARELAYYHSFVGHGTEASITLAKMILDRAPKNMSKVYFGLGGSDANETNVKLIWYYNNILGRPEKKKIISRWRGFHGSGLVTGSLTGLELFHKKFDLPVGQVIHTEAPYYFRREDLNQTEEQFVAHCVAELEALIEREGADTIAAFIGEPILGAGGIVPPPAGYWEAIQTVLNKHDILLVADEVVTGFGRLGTMFGSDHYGLEPDIITIAKGLTSAYAPLSGSIVSDKVWKVLEQGTDENGPIGHGWTYSAHPIGAAAGVANLKLLDELNLVSNAGEVGAYLNATMAEALSQHANVGDVRGEGLLCAVEFVKDRDSRTFFDAADVIGPQISAKLLEQDKIIARAMPQGDILGFAPPFCLTRAEADQVVEGTLRAVKAVLGSLE
P423L:G429Y:R394K:A399Q,0.5221338937931934,0.4351964632663166,0.5231356196308198,MLKNDQLDQWDRDNFFHPSTHLAQHARGESANRVIKTASGVFIEDRDGTKLLDAFAGLWCVNVGYGRQEIAEAIADQARELAYYHSFVGHGTEASITLAKMILDRAPKNMSKVYFGLGGSDANETNVKLIWYYNNILGRPEKKKIISRWRGFHGSGLVTGSLTGLELFHKKFDLPVEQVIHTEAPYYFRREDLNQTEEQFVAHCVAELEALIEREGADTIAAFIGEPILGAGGIVPPPAGYWEAIQTVLNKHDILLVADEVVTGFGRLGTMFGSDHYGLEPDIITIAKGLTSAYAPLSGSIVSDKVWKVLEQGTDENGPIGHGWTYSAHPIGAAAGVANLKLLDELNLVSNAGEVGAYLNATMAEALSQHANVGDVRGEGLLCAVEFVKDRDSKTFFDQADKIGPQISAKLLEQDKIIARAMLQGDILYFAPPFCLTRAEADQVVEGTLRAVKAVLGSLE
W59F:E280K:L167N:R214A,0.5743817017916704,0.5306020310548717,0.6031483168157469,MLKNDQLDQWDRDNFFHPSTHLAQHARGESANRVIKTASGVFIEDRDGTKLLDAFAGLFCVNVGYGRQEIAEAIADQARELAYYHSFVGHGTEASITLAKMILDRAPKNMSKVYFGLGGSDANETNVKLIWYYNNILGRPEKKKIISRWRGFHGSGLVTGSLTGLENFHKKFDLPVEQVIHTEAPYYFRREDLNQTEEQFVAHCVAELEALIEAEGADTIAAFIGEPILGAGGIVPPPAGYWEAIQTVLNKHDILLVADEVVTGFGRLGTMFGSDHYGLKPDIITIAKGLTSAYAPLSGSIVSDKVWKVLEQGTDENGPIGHGWTYSAHPIGAAAGVANLKLLDELNLVSNAGEVGAYLNATMAEALSQHANVGDVRGEGLLCAVEFVKDRDSRTFFDAADKIGPQISAKLLEQDKIIARAMPQGDILGFAPPFCLTRAEADQVVEGTLRAVKAVLGSLE
K402V:C60P:Q369D:D392E,0.47429883935121125,0.4349773923523916,0.47032077756081314,MLKNDQLDQWDRDNFFHPSTHLAQHARGESANRVIKTASGVFIEDRDGTKLLDAFAGLWPVNVGYGRQEIAEAIADQARELAYYHSFVGHGTEASITLAKMILDRAPKNMSKVYFGLGGSDANETNVKLIWYYNNILGRPEKKKIISRWRGFHGSGLVTGSLTGLELFHKKFDLPVEQVIHTEAPYYFRREDLNQTEEQFVAHCVAELEALIEREGADTIAAFIGEPILGAGGIVPPPAGYWEAIQTVLNKHDILLVADEVVTGFGRLGTMFGSDHYGLEPDIITIAKGLTSAYAPLSGSIVSDKVWKVLEQGTDENGPIGHGWTYSAHPIGAAAGVANLKLLDELNLVSNAGEVGAYLNATMAEALSDHANVGDVRGEGLLCAVEFVKDRESRTFFDAADVIGPQISAKLLEQDKIIARAMPQGDILGFAPPFCLTRAEADQVVEGTLRAVKAVLGSLE
P423G:H85M:S120A:L167V,0.4174813919618231,0.3926521337869668,0.37126403664539714,MLKNDQLDQWDRDNFFHPSTHLAQHARGESANRVIKTASGVFIEDRDGTKLLDAFAGLWCVNVGYGRQEIAEAIADQARELAYYMSFVGHGTEASITLAKMILDRAPKNMSKVYFGLGGADANETNVKLIWYYNNILGRPEKKKIISRWRGFHGSGLVTGSLTGLEVFHKKFDLPVEQVIHTEAPYYFRREDLNQTEEQFVAHCVAELEALIEREGADTIAAFIGEPILGAGGIVPPPAGYWEAIQTVLNKHDILLVADEVVTGFGRLGTMFGSDHYGLEPDIITIAKGLTSAYAPLSGSIVSDKVWKVLEQGTDENGPIGHGWTYSAHPIGAAAGVANLKLLDELNLVSNAGEVGAYLNATMAEALSQHANVGDVRGEGLLCAVEFVKDRDSRTFFDAADKIGPQISAKLLEQDKIIARAMGQGDILGFAPPFCLTRAEADQVVEGTLRAVKAVLGSLE
L167N:L58W:P281A:M422A,0.4457009292903747,0.4320598643783626,0.4739653516208435,MLKNDQLDQWDRDNFFHPSTHLAQHARGESANRVIKTASGVFIEDRDGTKLLDAFAGWWCVNVGYGRQEIAEAIADQARELAYYHSFVGHGTEASITLAKMILDRAPKNMSKVYFGLGGSDANETNVKLIWYYNNILGRPEKKKIISRWRGFHGSGLVTGSLTGLENFHKKFDLPVEQVIHTEAPYYFRREDLNQTEEQFVAHCVAELEALIEREGADTIAAFIGEPILGAGGIVPPPAGYWEAIQTVLNKHDILLVADEVVTGFGRLGTMFGSDHYGLEADIITIAKGLTSAYAPLSGSIVSDKVWKVLEQGTDENGPIGHGWTYSAHPIGAAAGVANLKLLDELNLVSNAGEVGAYLNATMAEALSQHANVGDVRGEGLLCAVEFVKDRDSRTFFDAADKIGPQISAKLLEQDKIIARAAPQGDILGFAPPFCLTRAEADQVVEGTLRAVKAVLGSLE
H85M:E29A:Q369G:R391P,0.46505213312839244,0.4331978818003952,0.43433204489542676,MLKNDQLDQWDRDNFFHPSTHLAQHARGASANRVIKTASGVFIEDRDGTKLLDAFAGLWCVNVGYGRQEIAEAIADQARELAYYMSFVGHGTEASITLAKMILDRAPKNMSKVYFGLGGSDANETNVKLIWYYNNILGRPEKKKIISRWRGFHGSGLVTGSLTGLELFHKKFDLPVEQVIHTEAPYYFRREDLNQTEEQFVAHCVAELEALIEREGADTIAAFIGEPILGAGGIVPPPAGYWEAIQTVLNKHDILLVADEVVTGFGRLGTMFGSDHYGLEPDIITIAKGLTSAYAPLSGSIVSDKVWKVLEQGTDENGPIGHGWTYSAHPIGAAAGVANLKLLDELNLVSNAGEVGAYLNATMAEALSGHANVGDVRGEGLLCAVEFVKDPDSRTFFDAADKIGPQISAKLLEQDKIIARAMPQGDILGFAPPFCLTRAEADQVVEGTLRAVKAVLGSLE
I234F:N250D:L167V:M422A,0.5440080617190572,0.5278273071027991,0.54619766026327,MLKNDQLDQWDRDNFFHPSTHLAQHARGESANRVIKTASGVFIEDRDGTKLLDAFAGLWCVNVGYGRQEIAEAIADQARELAYYHSFVGHGTEASITLAKMILDRAPKNMSKVYFGLGGSDANETNVKLIWYYNNILGRPEKKKIISRWRGFHGSGLVTGSLTGLEVFHKKFDLPVEQVIHTEAPYYFRREDLNQTEEQFVAHCVAELEALIEREGADTIAAFIGEPILGAGGFVPPPAGYWEAIQTVLDKHDILLVADEVVTGFGRLGTMFGSDHYGLEPDIITIAKGLTSAYAPLSGSIVSDKVWKVLEQGTDENGPIGHGWTYSAHPIGAAAGVANLKLLDELNLVSNAGEVGAYLNATMAEALSQHANVGDVRGEGLLCAVEFVKDRDSRTFFDAADKIGPQISAKLLEQDKIIARAAPQGDILGFAPPFCLTRAEADQVVEGTLRAVKAVLGSLE
G332S:R420A:W59A:E29A,0.5470225695324173,0.4468256815858246,0.5898509826121547,MLKNDQLDQWDRDNFFHPSTHLAQHARGASANRVIKTASGVFIEDRDGTKLLDAFAGLACVNVGYGRQEIAEAIADQARELAYYHSFVGHGTEASITLAKMILDRAPKNMSKVYFGLGGSDANETNVKLIWYYNNILGRPEKKKIISRWRGFHGSGLVTGSLTGLELFHKKFDLPVEQVIHTEAPYYFRREDLNQTEEQFVAHCVAELEALIEREGADTIAAFIGEPILGAGGIVPPPAGYWEAIQTVLNKHDILLVADEVVTGFGRLGTMFGSDHYGLEPDIITIAKGLTSAYAPLSGSIVSDKVWKVLEQGTDENGPIGHGWTYSAHPISAAAGVANLKLLDELNLVSNAGEVGAYLNATMAEALSQHANVGDVRGEGLLCAVEFVKDRDSRTFFDAADKIGPQISAKLLEQDKIIAAAMPQGDILGFAPPFCLTRAEADQVVEGTLRAVKAVLGSLE
H85G:R46T:Q369D:A399Q,0.5903051516155862,0.5873346912110607,0.6474444224995872,MLKNDQLDQWDRDNFFHPSTHLAQHARGESANRVIKTASGVFIEDTDGTKLLDAFAGLWCVNVGYGRQEIAEAIADQARELAYYGSFVGHGTEASITLAKMILDRAPKNMSKVYFGLGGSDANETNVKLIWYYNNILGRPEKKKIISRWRGFHGSGLVTGSLTGLELFHKKFDLPVEQVIHTEAPYYFRREDLNQTEEQFVAHCVAELEALIEREGADTIAAFIGEPILGAGGIVPPPAGYWEAIQTVLNKHDILLVADEVVTGFGRLGTMFGSDHYGLEPDIITIAKGLTSAYAPLSGSIVSDKVWKVLEQGTDENGPIGHGWTYSAHPIGAAAGVANLKLLDELNLVSNAGEVGAYLNATMAEALSDHANVGDVRGEGLLCAVEFVKDRDSRTFFDQADKIGPQISAKLLEQDKIIARAMPQGDILGFAPPFCLTRAEADQVVEGTLRAVKAVLGSLE
A231T:Y83S:C60P:F168L,0.4037033127014488,0.3733867449781473,0.5061550422655289,MLKNDQLDQWDRDNFFHPSTHLAQHARGESANRVIKTASGVFIEDRDGTKLLDAFAGLWPVNVGYGRQEIAEAIADQARELASYHSFVGHGTEASITLAKMILDRAPKNMSKVYFGLGGSDANETNVKLIWYYNNILGRPEKKKIISRWRGFHGSGLVTGSLTGLELLHKKFDLPVEQVIHTEAPYYFRREDLNQTEEQFVAHCVAELEALIEREGADTIAAFIGEPILGTGGIVPPPAGYWEAIQTVLNKHDILLVADEVVTGFGRLGTMFGSDHYGLEPDIITIAKGLTSAYAPLSGSIVSDKVWKVLEQGTDENGPIGHGWTYSAHPIGAAAGVANLKLLDELNLVSNAGEVGAYLNATMAEALSQHANVGDVRGEGLLCAVEFVKDRDSRTFFDAADKIGPQISAKLLEQDKIIARAMPQGDILGFAPPFCLTRAEADQVVEGTLRAVKAVLGSLE
S368A:S393D:M422L:H90R,0.5778222920081181,0.5584103254063233,0.5394721596477878,MLKNDQLDQWDRDNFFHPSTHLAQHARGESANRVIKTASGVFIEDRDGTKLLDAFAGLWCVNVGYGRQEIAEAIADQARELAYYHSFVGRGTEASITLAKMILDRAPKNMSKVYFGLGGSDANETNVKLIWYYNNILGRPEKKKIISRWRGFHGSGLVTGSLTGLELFHKKFDLPVEQVIHTEAPYYFRREDLNQTEEQFVAHCVAELEALIEREGADTIAAFIGEPILGAGGIVPPPAGYWEAIQTVLNKHDILLVADEVVTGFGRLGTMFGSDHYGLEPDIITIAKGLTSAYAPLSGSIVSDKVWKVLEQGTDENGPIGHGWTYSAHPIGAAAGVANLKLLDELNLVSNAGEVGAYLNATMAEALAQHANVGDVRGEGLLCAVEFVKDRDDRTFFDAADKIGPQISAKLLEQDKIIARALPQGDILGFAPPFCLTRAEADQVVEGTLRAVKAVLGSLE
I234V:W59F:S86T:E177G,0.5734119299179194,0.5589311510233753,0.6716863374351171,MLKNDQLDQWDRDNFFHPSTHLAQHARGESANRVIKTASGVFIEDRDGTKLLDAFAGLFCVNVGYGRQEIAEAIADQARELAYYHTFVGHGTEASITLAKMILDRAPKNMSKVYFGLGGSDANETNVKLIWYYNNILGRPEKKKIISRWRGFHGSGLVTGSLTGLELFHKKFDLPVGQVIHTEAPYYFRREDLNQTEEQFVAHCVAELEALIEREGADTIAAFIGEPILGAGGVVPPPAGYWEAIQTVLNKHDILLVADEVVTGFGRLGTMFGSDHYGLEPDIITIAKGLTSAYAPLSGSIVSDKVWKVLEQGTDENGPIGHGWTYSAHPIGAAAGVANLKLLDELNLVSNAGEVGAYLNATMAEALSQHANVGDVRGEGLLCAVEFVKDRDSRTFFDAADKIGPQISAKLLEQDKIIARAMPQGDILGFAPPFCLTRAEADQVVEGTLRAVKAVLGSLE
C60P:Q369G:L165I:F168N,0.39315437740350917,0.40224689296535926,0.4204607897378729,MLKNDQLDQWDRDNFFHPSTHLAQHARGESANRVIKTASGVFIEDRDGTKLLDAFAGLWPVNVGYGRQEIAEAIADQARELAYYHSFVGHGTEASITLAKMILDRAPKNMSKVYFGLGGSDANETNVKLIWYYNNILGRPEKKKIISRWRGFHGSGLVTGSLTGIELNHKKFDLPVEQVIHTEAPYYFRREDLNQTEEQFVAHCVAELEALIEREGADTIAAFIGEPILGAGGIVPPPAGYWEAIQTVLNKHDILLVADEVVTGFGRLGTMFGSDHYGLEPDIITIAKGLTSAYAPLSGSIVSDKVWKVLEQGTDENGPIGHGWTYSAHPIGAAAGVANLKLLDELNLVSNAGEVGAYLNATMAEALSGHANVGDVRGEGLLCAVEFVKDRDSRTFFDAADKIGPQISAKLLEQDKIIARAMPQGDILGFAPPFCLTRAEADQVVEGTLRAVKAVLGSLE
N250Y:V262A:W59Y:F168N,0.5481706308018345,0.5362953098454669,0.6053886302642697,MLKNDQLDQWDRDNFFHPSTHLAQHARGESANRVIKTASGVFIEDRDGTKLLDAFAGLYCVNVGYGRQEIAEAIADQARELAYYHSFVGHGTEASITLAKMILDRAPKNMSKVYFGLGGSDANETNVKLIWYYNNILGRPEKKKIISRWRGFHGSGLVTGSLTGLELNHKKFDLPVEQVIHTEAPYYFRREDLNQTEEQFVAHCVAELEALIEREGADTIAAFIGEPILGAGGIVPPPAGYWEAIQTVLYKHDILLVADEVATGFGRLGTMFGSDHYGLEPDIITIAKGLTSAYAPLSGSIVSDKVWKVLEQGTDENGPIGHGWTYSAHPIGAAAGVANLKLLDELNLVSNAGEVGAYLNATMAEALSQHANVGDVRGEGLLCAVEFVKDRDSRTFFDAADKIGPQISAKLLEQDKIIARAMPQGDILGFAPPFCLTRAEADQVVEGTLRAVKAVLGSLE
N250R:H85G:Y83S:M422T,0.605945269411917,0.5703081429560705,0.5692884337696464,MLKNDQLDQWDRDNFFHPSTHLAQHARGESANRVIKTASGVFIEDRDGTKLLDAFAGLWCVNVGYGRQEIAEAIADQARELASYGSFVGHGTEASITLAKMILDRAPKNMSKVYFGLGGSDANETNVKLIWYYNNILGRPEKKKIISRWRGFHGSGLVTGSLTGLELFHKKFDLPVEQVIHTEAPYYFRREDLNQTEEQFVAHCVAELEALIEREGADTIAAFIGEPILGAGGIVPPPAGYWEAIQTVLRKHDILLVADEVVTGFGRLGTMFGSDHYGLEPDIITIAKGLTSAYAPLSGSIVSDKVWKVLEQGTDENGPIGHGWTYSAHPIGAAAGVANLKLLDELNLVSNAGEVGAYLNATMAEALSQHANVGDVRGEGLLCAVEFVKDRDSRTFFDAADKIGPQISAKLLEQDKIIARATPQGDILGFAPPFCLTRAEADQVVEGTLRAVKAVLGSLE
F87Y:Y83S:A399P:L165M,0.5274217100752854,0.5249093265929883,0.5701717781907674,MLKNDQLDQWDRDNFFHPSTHLAQHARGESANRVIKTASGVFIEDRDGTKLLDAFAGLWCVNVGYGRQEIAEAIADQARELASYHSYVGHGTEASITLAKMILDRAPKNMSKVYFGLGGSDANETNVKLIWYYNNILGRPEKKKIISRWRGFHGSGLVTGSLTGMELFHKKFDLPVEQVIHTEAPYYFRREDLNQTEEQFVAHCVAELEALIEREGADTIAAFIGEPILGAGGIVPPPAGYWEAIQTVLNKHDILLVADEVVTGFGRLGTMFGSDHYGLEPDIITIAKGLTSAYAPLSGSIVSDKVWKVLEQGTDENGPIGHGWTYSAHPIGAAAGVANLKLLDELNLVSNAGEVGAYLNATMAEALSQHANVGDVRGEGLLCAVEFVKDRDSRTFFDPADKIGPQISAKLLEQDKIIARAMPQGDILGFAPPFCLTRAEADQVVEGTLRAVKAVLGSLE
N250R:F87L:H252R:Q369D,0.6878326035727405,0.6855058732955833,0.6494104100968318,MLKNDQLDQWDRDNFFHPSTHLAQHARGESANRVIKTASGVFIEDRDGTKLLDAFAGLWCVNVGYGRQEIAEAIADQARELAYYHSLVGHGTEASITLAKMILDRAPKNMSKVYFGLGGSDANETNVKLIWYYNNILGRPEKKKIISRWRGFHGSGLVTGSLTGLELFHKKFDLPVEQVIHTEAPYYFRREDLNQTEEQFVAHCVAELEALIEREGADTIAAFIGEPILGAGGIVPPPAGYWEAIQTVLRKRDILLVADEVVTGFGRLGTMFGSDHYGLEPDIITIAKGLTSAYAPLSGSIVSDKVWKVLEQGTDENGPIGHGWTYSAHPIGAAAGVANLKLLDELNLVSNAGEVGAYLNATMAEALSDHANVGDVRGEGLLCAVEFVKDRDSRTFFDAADKIGPQISAKLLEQDKIIARAMPQGDILGFAPPFCLTRAEADQVVEGTLRAVKAVLGSLE
W59L:R46T:D401R:S19W,0.4810926386939808,0.43019323750840704,0.4959469051598148,MLKNDQLDQWDRDNFFHPWTHLAQHARGESANRVIKTASGVFIEDTDGTKLLDAFAGLLCVNVGYGRQEIAEAIADQARELAYYHSFVGHGTEASITLAKMILDRAPKNMSKVYFGLGGSDANETNVKLIWYYNNILGRPEKKKIISRWRGFHGSGLVTGSLTGLELFHKKFDLPVEQVIHTEAPYYFRREDLNQTEEQFVAHCVAELEALIEREGADTIAAFIGEPILGAGGIVPPPAGYWEAIQTVLNKHDILLVADEVVTGFGRLGTMFGSDHYGLEPDIITIAKGLTSAYAPLSGSIVSDKVWKVLEQGTDENGPIGHGWTYSAHPIGAAAGVANLKLLDELNLVSNAGEVGAYLNATMAEALSQHANVGDVRGEGLLCAVEFVKDRDSRTFFDAARKIGPQISAKLLEQDKIIARAMPQGDILGFAPPFCLTRAEADQVVEGTLRAVKAVLGSLE
I234M:L382I:H85G:R391K,0.4631218872309774,0.4636842061219074,0.4521132189151138,MLKNDQLDQWDRDNFFHPSTHLAQHARGESANRVIKTASGVFIEDRDGTKLLDAFAGLWCVNVGYGRQEIAEAIADQARELAYYGSFVGHGTEASITLAKMILDRAPKNMSKVYFGLGGSDANETNVKLIWYYNNILGRPEKKKIISRWRGFHGSGLVTGSLTGLELFHKKFDLPVEQVIHTEAPYYFRREDLNQTEEQFVAHCVAELEALIEREGADTIAAFIGEPILGAGGMVPPPAGYWEAIQTVLNKHDILLVADEVVTGFGRLGTMFGSDHYGLEPDIITIAKGLTSAYAPLSGSIVSDKVWKVLEQGTDENGPIGHGWTYSAHPIGAAAGVANLKLLDELNLVSNAGEVGAYLNATMAEALSQHANVGDVRGEGLICAVEFVKDKDSRTFFDAADKIGPQISAKLLEQDKIIARAMPQGDILGFAPPFCLTRAEADQVVEGTLRAVKAVLGSLE
L382F:R420A:P423A:F168Y,0.3751279753586636,0.33216031599212337,0.31228412695076907,MLKNDQLDQWDRDNFFHPSTHLAQHARGESANRVIKTASGVFIEDRDGTKLLDAFAGLWCVNVGYGRQEIAEAIADQARELAYYHSFVGHGTEASITLAKMILDRAPKNMSKVYFGLGGSDANETNVKLIWYYNNILGRPEKKKIISRWRGFHGSGLVTGSLTGLELYHKKFDLPVEQVIHTEAPYYFRREDLNQTEEQFVAHCVAELEALIEREGADTIAAFIGEPILGAGGIVPPPAGYWEAIQTVLNKHDILLVADEVVTGFGRLGTMFGSDHYGLEPDIITIAKGLTSAYAPLSGSIVSDKVWKVLEQGTDENGPIGHGWTYSAHPIGAAAGVANLKLLDELNLVSNAGEVGAYLNATMAEALSQHANVGDVRGEGLFCAVEFVKDRDSRTFFDAADKIGPQISAKLLEQDKIIAAAMAQGDILGFAPPFCLTRAEADQVVEGTLRAVKAVLGSLE
I234V:A231S:R391K:H90R,0.6252917549417792,0.5786195606832245,0.7406647374137261,MLKNDQLDQWDRDNFFHPSTHLAQHARGESANRVIKTASGVFIEDRDGTKLLDAFAGLWCVNVGYGRQEIAEAIADQARELAYYHSFVGRGTEASITLAKMILDRAPKNMSKVYFGLGGSDANETNVKLIWYYNNILGRPEKKKIISRWRGFHGSGLVTGSLTGLELFHKKFDLPVEQVIHTEAPYYFRREDLNQTEEQFVAHCVAELEALIEREGADTIAAFIGEPILGSGGVVPPPAGYWEAIQTVLNKHDILLVADEVVTGFGRLGTMFGSDHYGLEPDIITIAKGLTSAYAPLSGSIVSDKVWKVLEQGTDENGPIGHGWTYSAHPIGAAAGVANLKLLDELNLVSNAGEVGAYLNATMAEALSQHANVGDVRGEGLLCAVEFVKDKDSRTFFDAADKIGPQISAKLLEQDKIIARAMPQGDILGFAPPFCLTRAEADQVVEGTLRAVKAVLGSLE
L382M:H252R:C60P:R394K,0.32501021494816706,0.2927485476102841,0.28443280663940723,MLKNDQLDQWDRDNFFHPSTHLAQHARGESANRVIKTASGVFIEDRDGTKLLDAFAGLWPVNVGYGRQEIAEAIADQARELAYYHSFVGHGTEASITLAKMILDRAPKNMSKVYFGLGGSDANETNVKLIWYYNNILGRPEKKKIISRWRGFHGSGLVTGSLTGLELFHKKFDLPVEQVIHTEAPYYFRREDLNQTEEQFVAHCVAELEALIEREGADTIAAFIGEPILGAGGIVPPPAGYWEAIQTVLNKRDILLVADEVVTGFGRLGTMFGSDHYGLEPDIITIAKGLTSAYAPLSGSIVSDKVWKVLEQGTDENGPIGHGWTYSAHPIGAAAGVANLKLLDELNLVSNAGEVGAYLNATMAEALSQHANVGDVRGEGLMCAVEFVKDRDSKTFFDAADKIGPQISAKLLEQDKIIARAMPQGDILGFAPPFCLTRAEADQVVEGTLRAVKAVLGSLE
A71V:P423H:L167S:F168Y,0.44767202815631624,0.4556623588540133,0.5024863792542283,MLKNDQLDQWDRDNFFHPSTHLAQHARGESANRVIKTASGVFIEDRDGTKLLDAFAGLWCVNVGYGRQEIVEAIADQARELAYYHSFVGHGTEASITLAKMILDRAPKNMSKVYFGLGGSDANETNVKLIWYYNNILGRPEKKKIISRWRGFHGSGLVTGSLTGLESYHKKFDLPVEQVIHTEAPYYFRREDLNQTEEQFVAHCVAELEALIEREGADTIAAFIGEPILGAGGIVPPPAGYWEAIQTVLNKHDILLVADEVVTGFGRLGTMFGSDHYGLEPDIITIAKGLTSAYAPLSGSIVSDKVWKVLEQGTDENGPIGHGWTYSAHPIGAAAGVANLKLLDELNLVSNAGEVGAYLNATMAEALSQHANVGDVRGEGLLCAVEFVKDRDSRTFFDAADKIGPQISAKLLEQDKIIARAMHQGDILGFAPPFCLTRAEADQVVEGTLRAVKAVLGSLE
N250D:V262M:F152W:H90K,0.5317366695120228,0.477962358273868,0.46361622039379,MLKNDQLDQWDRDNFFHPSTHLAQHARGESANRVIKTASGVFIEDRDGTKLLDAFAGLWCVNVGYGRQEIAEAIADQARELAYYHSFVGKGTEASITLAKMILDRAPKNMSKVYFGLGGSDANETNVKLIWYYNNILGRPEKKKIISRWRGWHGSGLVTGSLTGLELFHKKFDLPVEQVIHTEAPYYFRREDLNQTEEQFVAHCVAELEALIEREGADTIAAFIGEPILGAGGIVPPPAGYWEAIQTVLDKHDILLVADEVMTGFGRLGTMFGSDHYGLEPDIITIAKGLTSAYAPLSGSIVSDKVWKVLEQGTDENGPIGHGWTYSAHPIGAAAGVANLKLLDELNLVSNAGEVGAYLNATMAEALSQHANVGDVRGEGLLCAVEFVKDRDSRTFFDAADKIGPQISAKLLEQDKIIARAMPQGDILGFAPPFCLTRAEADQVVEGTLRAVKAVLGSLE
N250K:S86A:D47Q:R394G,0.6871089103821191,0.6611460423667541,0.7663788231798517,MLKNDQLDQWDRDNFFHPSTHLAQHARGESANRVIKTASGVFIEDRQGTKLLDAFAGLWCVNVGYGRQEIAEAIADQARELAYYHAFVGHGTEASITLAKMILDRAPKNMSKVYFGLGGSDANETNVKLIWYYNNILGRPEKKKIISRWRGFHGSGLVTGSLTGLELFHKKFDLPVEQVIHTEAPYYFRREDLNQTEEQFVAHCVAELEALIEREGADTIAAFIGEPILGAGGIVPPPAGYWEAIQTVLKKHDILLVADEVVTGFGRLGTMFGSDHYGLEPDIITIAKGLTSAYAPLSGSIVSDKVWKVLEQGTDENGPIGHGWTYSAHPIGAAAGVANLKLLDELNLVSNAGEVGAYLNATMAEALSQHANVGDVRGEGLLCAVEFVKDRDSGTFFDAADKIGPQISAKLLEQDKIIARAMPQGDILGFAPPFCLTRAEADQVVEGTLRAVKAVLGSLE
V262I:D47Q:M422T:H90K,0.5056778176423021,0.47678661123401367,0.5473957443324914,MLKNDQLDQWDRDNFFHPSTHLAQHARGESANRVIKTASGVFIEDRQGTKLLDAFAGLWCVNVGYGRQEIAEAIADQARELAYYHSFVGKGTEASITLAKMILDRAPKNMSKVYFGLGGSDANETNVKLIWYYNNILGRPEKKKIISRWRGFHGSGLVTGSLTGLELFHKKFDLPVEQVIHTEAPYYFRREDLNQTEEQFVAHCVAELEALIEREGADTIAAFIGEPILGAGGIVPPPAGYWEAIQTVLNKHDILLVADEVITGFGRLGTMFGSDHYGLEPDIITIAKGLTSAYAPLSGSIVSDKVWKVLEQGTDENGPIGHGWTYSAHPIGAAAGVANLKLLDELNLVSNAGEVGAYLNATMAEALSQHANVGDVRGEGLLCAVEFVKDRDSRTFFDAADKIGPQISAKLLEQDKIIARATPQGDILGFAPPFCLTRAEADQVVEGTLRAVKAVLGSLE
G332S:D392E:D401L:H90K,0.5534351103230702,0.533662305479835,0.6570562403834976,MLKNDQLDQWDRDNFFHPSTHLAQHARGESANRVIKTASGVFIEDRDGTKLLDAFAGLWCVNVGYGRQEIAEAIADQARELAYYHSFVGKGTEASITLAKMILDRAPKNMSKVYFGLGGSDANETNVKLIWYYNNILGRPEKKKIISRWRGFHGSGLVTGSLTGLELFHKKFDLPVEQVIHTEAPYYFRREDLNQTEEQFVAHCVAELEALIEREGADTIAAFIGEPILGAGGIVPPPAGYWEAIQTVLNKHDILLVADEVVTGFGRLGTMFGSDHYGLEPDIITIAKGLTSAYAPLSGSIVSDKVWKVLEQGTDENGPIGHGWTYSAHPISAAAGVANLKLLDELNLVSNAGEVGAYLNATMAEALSQHANVGDVRGEGLLCAVEFVKDRESRTFFDAALKIGPQISAKLLEQDKIIARAMPQGDILGFAPPFCLTRAEADQVVEGTLRAVKAVLGSLE
P423H:W59G:Q369D:D398E,0.48120092652311997,0.46121542705986457,0.5141546281958898,MLKNDQLDQWDRDNFFHPSTHLAQHARGESANRVIKTASGVFIEDRDGTKLLDAFAGLGCVNVGYGRQEIAEAIADQARELAYYHSFVGHGTEASITLAKMILDRAPKNMSKVYFGLGGSDANETNVKLIWYYNNILGRPEKKKIISRWRGFHGSGLVTGSLTGLELFHKKFDLPVEQVIHTEAPYYFRREDLNQTEEQFVAHCVAELEALIEREGADTIAAFIGEPILGAGGIVPPPAGYWEAIQTVLNKHDILLVADEVVTGFGRLGTMFGSDHYGLEPDIITIAKGLTSAYAPLSGSIVSDKVWKVLEQGTDENGPIGHGWTYSAHPIGAAAGVANLKLLDELNLVSNAGEVGAYLNATMAEALSDHANVGDVRGEGLLCAVEFVKDRDSRTFFEAADKIGPQISAKLLEQDKIIARAMHQGDILGFAPPFCLTRAEADQVVEGTLRAVKAVLGSLE
K402N:W59F:Y83H:D47E,0.5690577525173562,0.5333562922918688,0.6266036593287598,MLKNDQLDQWDRDNFFHPSTHLAQHARGESANRVIKTASGVFIEDREGTKLLDAFAGLFCVNVGYGRQEIAEAIADQARELAHYHSFVGHGTEASITLAKMILDRAPKNMSKVYFGLGGSDANETNVKLIWYYNNILGRPEKKKIISRWRGFHGSGLVTGSLTGLELFHKKFDLPVEQVIHTEAPYYFRREDLNQTEEQFVAHCVAELEALIEREGADTIAAFIGEPILGAGGIVPPPAGYWEAIQTVLNKHDILLVADEVVTGFGRLGTMFGSDHYGLEPDIITIAKGLTSAYAPLSGSIVSDKVWKVLEQGTDENGPIGHGWTYSAHPIGAAAGVANLKLLDELNLVSNAGEVGAYLNATMAEALSQHANVGDVRGEGLLCAVEFVKDRDSRTFFDAADNIGPQISAKLLEQDKIIARAMPQGDILGFAPPFCLTRAEADQVVEGTLRAVKAVLGSLE
F152Y:E280K:E177G:Y83H,0.5783390678459038,0.5517259473497617,0.6682707242141642,MLKNDQLDQWDRDNFFHPSTHLAQHARGESANRVIKTASGVFIEDRDGTKLLDAFAGLWCVNVGYGRQEIAEAIADQARELAHYHSFVGHGTEASITLAKMILDRAPKNMSKVYFGLGGSDANETNVKLIWYYNNILGRPEKKKIISRWRGYHGSGLVTGSLTGLELFHKKFDLPVGQVIHTEAPYYFRREDLNQTEEQFVAHCVAELEALIEREGADTIAAFIGEPILGAGGIVPPPAGYWEAIQTVLNKHDILLVADEVVTGFGRLGTMFGSDHYGLKPDIITIAKGLTSAYAPLSGSIVSDKVWKVLEQGTDENGPIGHGWTYSAHPIGAAAGVANLKLLDELNLVSNAGEVGAYLNATMAEALSQHANVGDVRGEGLLCAVEFVKDRDSRTFFDAADKIGPQISAKLLEQDKIIARAMPQGDILGFAPPFCLTRAEADQVVEGTLRAVKAVLGSLE
D398E:D401L:L165M:H90R,0.5300725554492909,0.49682708397036235,0.5952549647276345,MLKNDQLDQWDRDNFFHPSTHLAQHARGESANRVIKTASGVFIEDRDGTKLLDAFAGLWCVNVGYGRQEIAEAIADQARELAYYHSFVGRGTEASITLAKMILDRAPKNMSKVYFGLGGSDANETNVKLIWYYNNILGRPEKKKIISRWRGFHGSGLVTGSLTGMELFHKKFDLPVEQVIHTEAPYYFRREDLNQTEEQFVAHCVAELEALIEREGADTIAAFIGEPILGAGGIVPPPAGYWEAIQTVLNKHDILLVADEVVTGFGRLGTMFGSDHYGLEPDIITIAKGLTSAYAPLSGSIVSDKVWKVLEQGTDENGPIGHGWTYSAHPIGAAAGVANLKLLDELNLVSNAGEVGAYLNATMAEALSQHANVGDVRGEGLLCAVEFVKDRDSRTFFEAALKIGPQISAKLLEQDKIIARAMPQGDILGFAPPFCLTRAEADQVVEGTLRAVKAVLGSLE
F152W:A231S:D401G:P281S,0.5606881668005903,0.5520967242200873,0.5303727344514733,MLKNDQLDQWDRDNFFHPSTHLAQHARGESANRVIKTASGVFIEDRDGTKLLDAFAGLWCVNVGYGRQEIAEAIADQARELAYYHSFVGHGTEASITLAKMILDRAPKNMSKVYFGLGGSDANETNVKLIWYYNNILGRPEKKKIISRWRGWHGSGLVTGSLTGLELFHKKFDLPVEQVIHTEAPYYFRREDLNQTEEQFVAHCVAELEALIEREGADTIAAFIGEPILGSGGIVPPPAGYWEAIQTVLNKHDILLVADEVVTGFGRLGTMFGSDHYGLESDIITIAKGLTSAYAPLSGSIVSDKVWKVLEQGTDENGPIGHGWTYSAHPIGAAAGVANLKLLDELNLVSNAGEVGAYLNATMAEALSQHANVGDVRGEGLLCAVEFVKDRDSRTFFDAAGKIGPQISAKLLEQDKIIARAMPQGDILGFAPPFCLTRAEADQVVEGTLRAVKAVLGSLE
P423Q:F87Y:F152Y:A231E,0.5693259873848527,0.5610639074533063,0.6440035578378841,MLKNDQLDQWDRDNFFHPSTHLAQHARGESANRVIKTASGVFIEDRDGTKLLDAFAGLWCVNVGYGRQEIAEAIADQARELAYYHSYVGHGTEASITLAKMILDRAPKNMSKVYFGLGGSDANETNVKLIWYYNNILGRPEKKKIISRWRGYHGSGLVTGSLTGLELFHKKFDLPVEQVIHTEAPYYFRREDLNQTEEQFVAHCVAELEALIEREGADTIAAFIGEPILGEGGIVPPPAGYWEAIQTVLNKHDILLVADEVVTGFGRLGTMFGSDHYGLEPDIITIAKGLTSAYAPLSGSIVSDKVWKVLEQGTDENGPIGHGWTYSAHPIGAAAGVANLKLLDELNLVSNAGEVGAYLNATMAEALSQHANVGDVRGEGLLCAVEFVKDRDSRTFFDAADKIGPQISAKLLEQDKIIARAMQQGDILGFAPPFCLTRAEADQVVEGTLRAVKAVLGSLE
K402V:A231V:H252Y:S155V,0.4963395995116377,0.47431017947648707,0.4719625880848677,MLKNDQLDQWDRDNFFHPSTHLAQHARGESANRVIKTASGVFIEDRDGTKLLDAFAGLWCVNVGYGRQEIAEAIADQARELAYYHSFVGHGTEASITLAKMILDRAPKNMSKVYFGLGGSDANETNVKLIWYYNNILGRPEKKKIISRWRGFHGVGLVTGSLTGLELFHKKFDLPVEQVIHTEAPYYFRREDLNQTEEQFVAHCVAELEALIEREGADTIAAFIGEPILGVGGIVPPPAGYWEAIQTVLNKYDILLVADEVVTGFGRLGTMFGSDHYGLEPDIITIAKGLTSAYAPLSGSIVSDKVWKVLEQGTDENGPIGHGWTYSAHPIGAAAGVANLKLLDELNLVSNAGEVGAYLNATMAEALSQHANVGDVRGEGLLCAVEFVKDRDSRTFFDAADVIGPQISAKLLEQDKIIARAMPQGDILGFAPPFCLTRAEADQVVEGTLRAVKAVLGSLE
Q406K:S86A:R214S:R394K,0.5876122742436254,0.549183742024278,0.6184085180300992,MLKNDQLDQWDRDNFFHPSTHLAQHARGESANRVIKTASGVFIEDRDGTKLLDAFAGLWCVNVGYGRQEIAEAIADQARELAYYHAFVGHGTEASITLAKMILDRAPKNMSKVYFGLGGSDANETNVKLIWYYNNILGRPEKKKIISRWRGFHGSGLVTGSLTGLELFHKKFDLPVEQVIHTEAPYYFRREDLNQTEEQFVAHCVAELEALIESEGADTIAAFIGEPILGAGGIVPPPAGYWEAIQTVLNKHDILLVADEVVTGFGRLGTMFGSDHYGLEPDIITIAKGLTSAYAPLSGSIVSDKVWKVLEQGTDENGPIGHGWTYSAHPIGAAAGVANLKLLDELNLVSNAGEVGAYLNATMAEALSQHANVGDVRGEGLLCAVEFVKDRDSKTFFDAADKIGPKISAKLLEQDKIIARAMPQGDILGFAPPFCLTRAEADQVVEGTLRAVKAVLGSLE
P423H:S86A:A399Q:L165M,0.49017898655437475,0.47247001178409237,0.46068676787959506,MLKNDQLDQWDRDNFFHPSTHLAQHARGESANRVIKTASGVFIEDRDGTKLLDAFAGLWCVNVGYGRQEIAEAIADQARELAYYHAFVGHGTEASITLAKMILDRAPKNMSKVYFGLGGSDANETNVKLIWYYNNILGRPEKKKIISRWRGFHGSGLVTGSLTGMELFHKKFDLPVEQVIHTEAPYYFRREDLNQTEEQFVAHCVAELEALIEREGADTIAAFIGEPILGAGGIVPPPAGYWEAIQTVLNKHDILLVADEVVTGFGRLGTMFGSDHYGLEPDIITIAKGLTSAYAPLSGSIVSDKVWKVLEQGTDENGPIGHGWTYSAHPIGAAAGVANLKLLDELNLVSNAGEVGAYLNATMAEALSQHANVGDVRGEGLLCAVEFVKDRDSRTFFDQADKIGPQISAKLLEQDKIIARAMHQGDILGFAPPFCLTRAEADQVVEGTLRAVKAVLGSLE
N250K:Q406A:D401G:M422S,0.7669539450496132,0.7567300353628307,0.8089081957638969,MLKNDQLDQWDRDNFFHPSTHLAQHARGESANRVIKTASGVFIEDRDGTKLLDAFAGLWCVNVGYGRQEIAEAIADQARELAYYHSFVGHGTEASITLAKMILDRAPKNMSKVYFGLGGSDANETNVKLIWYYNNILGRPEKKKIISRWRGFHGSGLVTGSLTGLELFHKKFDLPVEQVIHTEAPYYFRREDLNQTEEQFVAHCVAELEALIEREGADTIAAFIGEPILGAGGIVPPPAGYWEAIQTVLKKHDILLVADEVVTGFGRLGTMFGSDHYGLEPDIITIAKGLTSAYAPLSGSIVSDKVWKVLEQGTDENGPIGHGWTYSAHPIGAAAGVANLKLLDELNLVSNAGEVGAYLNATMAEALSQHANVGDVRGEGLLCAVEFVKDRDSRTFFDAAGKIGPAISAKLLEQDKIIARASPQGDILGFAPPFCLTRAEADQVVEGTLRAVKAVLGSLE
W59L:S155A:A56G:M422L,0.5708007553431029,0.4819250027569564,0.6409111100956841,MLKNDQLDQWDRDNFFHPSTHLAQHARGESANRVIKTASGVFIEDRDGTKLLDAFGGLLCVNVGYGRQEIAEAIADQARELAYYHSFVGHGTEASITLAKMILDRAPKNMSKVYFGLGGSDANETNVKLIWYYNNILGRPEKKKIISRWRGFHGAGLVTGSLTGLELFHKKFDLPVEQVIHTEAPYYFRREDLNQTEEQFVAHCVAELEALIEREGADTIAAFIGEPILGAGGIVPPPAGYWEAIQTVLNKHDILLVADEVVTGFGRLGTMFGSDHYGLEPDIITIAKGLTSAYAPLSGSIVSDKVWKVLEQGTDENGPIGHGWTYSAHPIGAAAGVANLKLLDELNLVSNAGEVGAYLNATMAEALSQHANVGDVRGEGLLCAVEFVKDRDSRTFFDAADKIGPQISAKLLEQDKIIARALPQGDILGFAPPFCLTRAEADQVVEGTLRAVKAVLGSLE
N250R:V262A:L167F:R394G,0.6864123394268029,0.6523900121277332,0.7066232882639999,MLKNDQLDQWDRDNFFHPSTHLAQHARGESANRVIKTASGVFIEDRDGTKLLDAFAGLWCVNVGYGRQEIAEAIADQARELAYYHSFVGHGTEASITLAKMILDRAPKNMSKVYFGLGGSDANETNVKLIWYYNNILGRPEKKKIISRWRGFHGSGLVTGSLTGLEFFHKKFDLPVEQVIHTEAPYYFRREDLNQTEEQFVAHCVAELEALIEREGADTIAAFIGEPILGAGGIVPPPAGYWEAIQTVLRKHDILLVADEVATGFGRLGTMFGSDHYGLEPDIITIAKGLTSAYAPLSGSIVSDKVWKVLEQGTDENGPIGHGWTYSAHPIGAAAGVANLKLLDELNLVSNAGEVGAYLNATMAEALSQHANVGDVRGEGLLCAVEFVKDRDSGTFFDAADKIGPQISAKLLEQDKIIARAMPQGDILGFAPPFCLTRAEADQVVEGTLRAVKAVLGSLE
W59A:S86A:A231S:A56S,0.5168345218455909,0.5385000132744162,0.6332747512689906,MLKNDQLDQWDRDNFFHPSTHLAQHARGESANRVIKTASGVFIEDRDGTKLLDAFSGLACVNVGYGRQEIAEAIADQARELAYYHAFVGHGTEASITLAKMILDRAPKNMSKVYFGLGGSDANETNVKLIWYYNNILGRPEKKKIISRWRGFHGSGLVTGSLTGLELFHKKFDLPVEQVIHTEAPYYFRREDLNQTEEQFVAHCVAELEALIEREGADTIAAFIGEPILGSGGIVPPPAGYWEAIQTVLNKHDILLVADEVVTGFGRLGTMFGSDHYGLEPDIITIAKGLTSAYAPLSGSIVSDKVWKVLEQGTDENGPIGHGWTYSAHPIGAAAGVANLKLLDELNLVSNAGEVGAYLNATMAEALSQHANVGDVRGEGLLCAVEFVKDRDSRTFFDAADKIGPQISAKLLEQDKIIARAMPQGDILGFAPPFCLTRAEADQVVEGTLRAVKAVLGSLE
V262A:R420K:W59G:E29K,0.5572583157823651,0.44348402157411143,0.5006407992881517,MLKNDQLDQWDRDNFFHPSTHLAQHARGKSANRVIKTASGVFIEDRDGTKLLDAFAGLGCVNVGYGRQEIAEAIADQARELAYYHSFVGHGTEASITLAKMILDRAPKNMSKVYFGLGGSDANETNVKLIWYYNNILGRPEKKKIISRWRGFHGSGLVTGSLTGLELFHKKFDLPVEQVIHTEAPYYFRREDLNQTEEQFVAHCVAELEALIEREGADTIAAFIGEPILGAGGIVPPPAGYWEAIQTVLNKHDILLVADEVATGFGRLGTMFGSDHYGLEPDIITIAKGLTSAYAPLSGSIVSDKVWKVLEQGTDENGPIGHGWTYSAHPIGAAAGVANLKLLDELNLVSNAGEVGAYLNATMAEALSQHANVGDVRGEGLLCAVEFVKDRDSRTFFDAADKIGPQISAKLLEQDKIIAKAMPQGDILGFAPPFCLTRAEADQVVEGTLRAVKAVLGSLE
I234V:F87Y:L167N:D47Q,0.6078549375674885,0.5659889581261811,0.6161488999007216,MLKNDQLDQWDRDNFFHPSTHLAQHARGESANRVIKTASGVFIEDRQGTKLLDAFAGLWCVNVGYGRQEIAEAIADQARELAYYHSYVGHGTEASITLAKMILDRAPKNMSKVYFGLGGSDANETNVKLIWYYNNILGRPEKKKIISRWRGFHGSGLVTGSLTGLENFHKKFDLPVEQVIHTEAPYYFRREDLNQTEEQFVAHCVAELEALIEREGADTIAAFIGEPILGAGGVVPPPAGYWEAIQTVLNKHDILLVADEVVTGFGRLGTMFGSDHYGLEPDIITIAKGLTSAYAPLSGSIVSDKVWKVLEQGTDENGPIGHGWTYSAHPIGAAAGVANLKLLDELNLVSNAGEVGAYLNATMAEALSQHANVGDVRGEGLLCAVEFVKDRDSRTFFDAADKIGPQISAKLLEQDKIIARAMPQGDILGFAPPFCLTRAEADQVVEGTLRAVKAVLGSLE
A71V:K402E:R420L:S155V,0.4313214421652599,0.3811796264501157,0.381326352473943,MLKNDQLDQWDRDNFFHPSTHLAQHARGESANRVIKTASGVFIEDRDGTKLLDAFAGLWCVNVGYGRQEIVEAIADQARELAYYHSFVGHGTEASITLAKMILDRAPKNMSKVYFGLGGSDANETNVKLIWYYNNILGRPEKKKIISRWRGFHGVGLVTGSLTGLELFHKKFDLPVEQVIHTEAPYYFRREDLNQTEEQFVAHCVAELEALIEREGADTIAAFIGEPILGAGGIVPPPAGYWEAIQTVLNKHDILLVADEVVTGFGRLGTMFGSDHYGLEPDIITIAKGLTSAYAPLSGSIVSDKVWKVLEQGTDENGPIGHGWTYSAHPIGAAAGVANLKLLDELNLVSNAGEVGAYLNATMAEALSQHANVGDVRGEGLLCAVEFVKDRDSRTFFDAADEIGPQISAKLLEQDKIIALAMPQGDILGFAPPFCLTRAEADQVVEGTLRAVKAVLGSLE
L382F:E177A:D392A:M422S,0.6007005391607131,0.5593413451961385,0.5779835361891902,MLKNDQLDQWDRDNFFHPSTHLAQHARGESANRVIKTASGVFIEDRDGTKLLDAFAGLWCVNVGYGRQEIAEAIADQARELAYYHSFVGHGTEASITLAKMILDRAPKNMSKVYFGLGGSDANETNVKLIWYYNNILGRPEKKKIISRWRGFHGSGLVTGSLTGLELFHKKFDLPVAQVIHTEAPYYFRREDLNQTEEQFVAHCVAELEALIEREGADTIAAFIGEPILGAGGIVPPPAGYWEAIQTVLNKHDILLVADEVVTGFGRLGTMFGSDHYGLEPDIITIAKGLTSAYAPLSGSIVSDKVWKVLEQGTDENGPIGHGWTYSAHPIGAAAGVANLKLLDELNLVSNAGEVGAYLNATMAEALSQHANVGDVRGEGLFCAVEFVKDRASRTFFDAADKIGPQISAKLLEQDKIIARASPQGDILGFAPPFCLTRAEADQVVEGTLRAVKAVLGSLE
N250D:A71I:Q406R:P423R,0.516343956242577,0.5383300613126218,0.6068804820825459,MLKNDQLDQWDRDNFFHPSTHLAQHARGESANRVIKTASGVFIEDRDGTKLLDAFAGLWCVNVGYGRQEIIEAIADQARELAYYHSFVGHGTEASITLAKMILDRAPKNMSKVYFGLGGSDANETNVKLIWYYNNILGRPEKKKIISRWRGFHGSGLVTGSLTGLELFHKKFDLPVEQVIHTEAPYYFRREDLNQTEEQFVAHCVAELEALIEREGADTIAAFIGEPILGAGGIVPPPAGYWEAIQTVLDKHDILLVADEVVTGFGRLGTMFGSDHYGLEPDIITIAKGLTSAYAPLSGSIVSDKVWKVLEQGTDENGPIGHGWTYSAHPIGAAAGVANLKLLDELNLVSNAGEVGAYLNATMAEALSQHANVGDVRGEGLLCAVEFVKDRDSRTFFDAADKIGPRISAKLLEQDKIIARAMRQGDILGFAPPFCLTRAEADQVVEGTLRAVKAVLGSLE
P423R:E177G:R394K:M422L,0.49756440244642,0.49654956702045755,0.5301757553997383,MLKNDQLDQWDRDNFFHPSTHLAQHARGESANRVIKTASGVFIEDRDGTKLLDAFAGLWCVNVGYGRQEIAEAIADQARELAYYHSFVGHGTEASITLAKMILDRAPKNMSKVYFGLGGSDANETNVKLIWYYNNILGRPEKKKIISRWRGFHGSGLVTGSLTGLELFHKKFDLPVGQVIHTEAPYYFRREDLNQTEEQFVAHCVAELEALIEREGADTIAAFIGEPILGAGGIVPPPAGYWEAIQTVLNKHDILLVADEVVTGFGRLGTMFGSDHYGLEPDIITIAKGLTSAYAPLSGSIVSDKVWKVLEQGTDENGPIGHGWTYSAHPIGAAAGVANLKLLDELNLVSNAGEVGAYLNATMAEALSQHANVGDVRGEGLLCAVEFVKDRDSKTFFDAADKIGPQISAKLLEQDKIIARALRQGDILGFAPPFCLTRAEADQVVEGTLRAVKAVLGSLE
F152Y:L167S:P281S:M422A,0.5817580074213664,0.5613356467221469,0.5743289137869537,MLKNDQLDQWDRDNFFHPSTHLAQHARGESANRVIKTASGVFIEDRDGTKLLDAFAGLWCVNVGYGRQEIAEAIADQARELAYYHSFVGHGTEASITLAKMILDRAPKNMSKVYFGLGGSDANETNVKLIWYYNNILGRPEKKKIISRWRGYHGSGLVTGSLTGLESFHKKFDLPVEQVIHTEAPYYFRREDLNQTEEQFVAHCVAELEALIEREGADTIAAFIGEPILGAGGIVPPPAGYWEAIQTVLNKHDILLVADEVVTGFGRLGTMFGSDHYGLESDIITIAKGLTSAYAPLSGSIVSDKVWKVLEQGTDENGPIGHGWTYSAHPIGAAAGVANLKLLDELNLVSNAGEVGAYLNATMAEALSQHANVGDVRGEGLLCAVEFVKDRDSRTFFDAADKIGPQISAKLLEQDKIIARAAPQGDILGFAPPFCLTRAEADQVVEGTLRAVKAVLGSLE
L382M:Y83H:R391K:S19Y,0.2583024702014934,0.1878063489868266,0.21561340522475303,MLKNDQLDQWDRDNFFHPYTHLAQHARGESANRVIKTASGVFIEDRDGTKLLDAFAGLWCVNVGYGRQEIAEAIADQARELAHYHSFVGHGTEASITLAKMILDRAPKNMSKVYFGLGGSDANETNVKLIWYYNNILGRPEKKKIISRWRGFHGSGLVTGSLTGLELFHKKFDLPVEQVIHTEAPYYFRREDLNQTEEQFVAHCVAELEALIEREGADTIAAFIGEPILGAGGIVPPPAGYWEAIQTVLNKHDILLVADEVVTGFGRLGTMFGSDHYGLEPDIITIAKGLTSAYAPLSGSIVSDKVWKVLEQGTDENGPIGHGWTYSAHPIGAAAGVANLKLLDELNLVSNAGEVGAYLNATMAEALSQHANVGDVRGEGLMCAVEFVKDKDSRTFFDAADKIGPQISAKLLEQDKIIARAMPQGDILGFAPPFCLTRAEADQVVEGTLRAVKAVLGSLE
N250Y:L382I:R420A:L58I,0.4468701128922747,0.3436800769994669,0.41938994336180113,MLKNDQLDQWDRDNFFHPSTHLAQHARGESANRVIKTASGVFIEDRDGTKLLDAFAGIWCVNVGYGRQEIAEAIADQARELAYYHSFVGHGTEASITLAKMILDRAPKNMSKVYFGLGGSDANETNVKLIWYYNNILGRPEKKKIISRWRGFHGSGLVTGSLTGLELFHKKFDLPVEQVIHTEAPYYFRREDLNQTEEQFVAHCVAELEALIEREGADTIAAFIGEPILGAGGIVPPPAGYWEAIQTVLYKHDILLVADEVVTGFGRLGTMFGSDHYGLEPDIITIAKGLTSAYAPLSGSIVSDKVWKVLEQGTDENGPIGHGWTYSAHPIGAAAGVANLKLLDELNLVSNAGEVGAYLNATMAEALSQHANVGDVRGEGLICAVEFVKDRDSRTFFDAADKIGPQISAKLLEQDKIIAAAMPQGDILGFAPPFCLTRAEADQVVEGTLRAVKAVLGSLE
W59G:S155A:R214A:D392A,0.4763256153567396,0.4644527965713289,0.5625758372950553,MLKNDQLDQWDRDNFFHPSTHLAQHARGESANRVIKTASGVFIEDRDGTKLLDAFAGLGCVNVGYGRQEIAEAIADQARELAYYHSFVGHGTEASITLAKMILDRAPKNMSKVYFGLGGSDANETNVKLIWYYNNILGRPEKKKIISRWRGFHGAGLVTGSLTGLELFHKKFDLPVEQVIHTEAPYYFRREDLNQTEEQFVAHCVAELEALIEAEGADTIAAFIGEPILGAGGIVPPPAGYWEAIQTVLNKHDILLVADEVVTGFGRLGTMFGSDHYGLEPDIITIAKGLTSAYAPLSGSIVSDKVWKVLEQGTDENGPIGHGWTYSAHPIGAAAGVANLKLLDELNLVSNAGEVGAYLNATMAEALSQHANVGDVRGEGLLCAVEFVKDRASRTFFDAADKIGPQISAKLLEQDKIIARAMPQGDILGFAPPFCLTRAEADQVVEGTLRAVKAVLGSLE
N250D:G332A:R420L:R214A,0.5894029189148126,0.5090289306389237,0.5353938530659907,MLKNDQLDQWDRDNFFHPSTHLAQHARGESANRVIKTASGVFIEDRDGTKLLDAFAGLWCVNVGYGRQEIAEAIADQARELAYYHSFVGHGTEASITLAKMILDRAPKNMSKVYFGLGGSDANETNVKLIWYYNNILGRPEKKKIISRWRGFHGSGLVTGSLTGLELFHKKFDLPVEQVIHTEAPYYFRREDLNQTEEQFVAHCVAELEALIEAEGADTIAAFIGEPILGAGGIVPPPAGYWEAIQTVLDKHDILLVADEVVTGFGRLGTMFGSDHYGLEPDIITIAKGLTSAYAPLSGSIVSDKVWKVLEQGTDENGPIGHGWTYSAHPIAAAAGVANLKLLDELNLVSNAGEVGAYLNATMAEALSQHANVGDVRGEGLLCAVEFVKDRDSRTFFDAADKIGPQISAKLLEQDKIIALAMPQGDILGFAPPFCLTRAEADQVVEGTLRAVKAVLGSLE
C60V:R46H:D47E:S19F,0.43302687695409803,0.40592347919926436,0.42072913560083725,MLKNDQLDQWDRDNFFHPFTHLAQHARGESANRVIKTASGVFIEDHEGTKLLDAFAGLWVVNVGYGRQEIAEAIADQARELAYYHSFVGHGTEASITLAKMILDRAPKNMSKVYFGLGGSDANETNVKLIWYYNNILGRPEKKKIISRWRGFHGSGLVTGSLTGLELFHKKFDLPVEQVIHTEAPYYFRREDLNQTEEQFVAHCVAELEALIEREGADTIAAFIGEPILGAGGIVPPPAGYWEAIQTVLNKHDILLVADEVVTGFGRLGTMFGSDHYGLEPDIITIAKGLTSAYAPLSGSIVSDKVWKVLEQGTDENGPIGHGWTYSAHPIGAAAGVANLKLLDELNLVSNAGEVGAYLNATMAEALSQHANVGDVRGEGLLCAVEFVKDRDSRTFFDAADKIGPQISAKLLEQDKIIARAMPQGDILGFAPPFCLTRAEADQVVEGTLRAVKAVLGSLE
A71V:D47E:R394G:D401L,0.5281247432385778,0.516977085063954,0.5144848064699294,MLKNDQLDQWDRDNFFHPSTHLAQHARGESANRVIKTASGVFIEDREGTKLLDAFAGLWCVNVGYGRQEIVEAIADQARELAYYHSFVGHGTEASITLAKMILDRAPKNMSKVYFGLGGSDANETNVKLIWYYNNILGRPEKKKIISRWRGFHGSGLVTGSLTGLELFHKKFDLPVEQVIHTEAPYYFRREDLNQTEEQFVAHCVAELEALIEREGADTIAAFIGEPILGAGGIVPPPAGYWEAIQTVLNKHDILLVADEVVTGFGRLGTMFGSDHYGLEPDIITIAKGLTSAYAPLSGSIVSDKVWKVLEQGTDENGPIGHGWTYSAHPIGAAAGVANLKLLDELNLVSNAGEVGAYLNATMAEALSQHANVGDVRGEGLLCAVEFVKDRDSGTFFDAALKIGPQISAKLLEQDKIIARAMPQGDILGFAPPFCLTRAEADQVVEGTLRAVKAVLGSLE
L382I:R420W:A231V:S120T,0.4357392234712657,0.34067084827291005,0.34518908523888253,MLKNDQLDQWDRDNFFHPSTHLAQHARGESANRVIKTASGVFIEDRDGTKLLDAFAGLWCVNVGYGRQEIAEAIADQARELAYYHSFVGHGTEASITLAKMILDRAPKNMSKVYFGLGGTDANETNVKLIWYYNNILGRPEKKKIISRWRGFHGSGLVTGSLTGLELFHKKFDLPVEQVIHTEAPYYFRREDLNQTEEQFVAHCVAELEALIEREGADTIAAFIGEPILGVGGIVPPPAGYWEAIQTVLNKHDILLVADEVVTGFGRLGTMFGSDHYGLEPDIITIAKGLTSAYAPLSGSIVSDKVWKVLEQGTDENGPIGHGWTYSAHPIGAAAGVANLKLLDELNLVSNAGEVGAYLNATMAEALSQHANVGDVRGEGLICAVEFVKDRDSRTFFDAADKIGPQISAKLLEQDKIIAWAMPQGDILGFAPPFCLTRAEADQVVEGTLRAVKAVLGSLE
L382M:P423A:W59Y:M422A,0.4855348980609244,0.44933516483479335,0.5234020661839056,MLKNDQLDQWDRDNFFHPSTHLAQHARGESANRVIKTASGVFIEDRDGTKLLDAFAGLYCVNVGYGRQEIAEAIADQARELAYYHSFVGHGTEASITLAKMILDRAPKNMSKVYFGLGGSDANETNVKLIWYYNNILGRPEKKKIISRWRGFHGSGLVTGSLTGLELFHKKFDLPVEQVIHTEAPYYFRREDLNQTEEQFVAHCVAELEALIEREGADTIAAFIGEPILGAGGIVPPPAGYWEAIQTVLNKHDILLVADEVVTGFGRLGTMFGSDHYGLEPDIITIAKGLTSAYAPLSGSIVSDKVWKVLEQGTDENGPIGHGWTYSAHPIGAAAGVANLKLLDELNLVSNAGEVGAYLNATMAEALSQHANVGDVRGEGLMCAVEFVKDRDSRTFFDAADKIGPQISAKLLEQDKIIARAAAQGDILGFAPPFCLTRAEADQVVEGTLRAVKAVLGSLE
L382M:G429A:A56G:H90K,0.43600727706291403,0.3700713207503055,0.47963161296363926,MLKNDQLDQWDRDNFFHPSTHLAQHARGESANRVIKTASGVFIEDRDGTKLLDAFGGLWCVNVGYGRQEIAEAIADQARELAYYHSFVGKGTEASITLAKMILDRAPKNMSKVYFGLGGSDANETNVKLIWYYNNILGRPEKKKIISRWRGFHGSGLVTGSLTGLELFHKKFDLPVEQVIHTEAPYYFRREDLNQTEEQFVAHCVAELEALIEREGADTIAAFIGEPILGAGGIVPPPAGYWEAIQTVLNKHDILLVADEVVTGFGRLGTMFGSDHYGLEPDIITIAKGLTSAYAPLSGSIVSDKVWKVLEQGTDENGPIGHGWTYSAHPIGAAAGVANLKLLDELNLVSNAGEVGAYLNATMAEALSQHANVGDVRGEGLMCAVEFVKDRDSRTFFDAADKIGPQISAKLLEQDKIIARAMPQGDILAFAPPFCLTRAEADQVVEGTLRAVKAVLGSLE
R420L:H85M:W59G:L167A,0.3345179350318106,0.30863806789073106,0.432179097134846,MLKNDQLDQWDRDNFFHPSTHLAQHARGESANRVIKTASGVFIEDRDGTKLLDAFAGLGCVNVGYGRQEIAEAIADQARELAYYMSFVGHGTEASITLAKMILDRAPKNMSKVYFGLGGSDANETNVKLIWYYNNILGRPEKKKIISRWRGFHGSGLVTGSLTGLEAFHKKFDLPVEQVIHTEAPYYFRREDLNQTEEQFVAHCVAELEALIEREGADTIAAFIGEPILGAGGIVPPPAGYWEAIQTVLNKHDILLVADEVVTGFGRLGTMFGSDHYGLEPDIITIAKGLTSAYAPLSGSIVSDKVWKVLEQGTDENGPIGHGWTYSAHPIGAAAGVANLKLLDELNLVSNAGEVGAYLNATMAEALSQHANVGDVRGEGLLCAVEFVKDRDSRTFFDAADKIGPQISAKLLEQDKIIALAMPQGDILGFAPPFCLTRAEADQVVEGTLRAVKAVLGSLE
H85M:H252Y:E29K:D47E,0.45838882802827363,0.4183731948830417,0.46512096649557916,MLKNDQLDQWDRDNFFHPSTHLAQHARGKSANRVIKTASGVFIEDREGTKLLDAFAGLWCVNVGYGRQEIAEAIADQARELAYYMSFVGHGTEASITLAKMILDRAPKNMSKVYFGLGGSDANETNVKLIWYYNNILGRPEKKKIISRWRGFHGSGLVTGSLTGLELFHKKFDLPVEQVIHTEAPYYFRREDLNQTEEQFVAHCVAELEALIEREGADTIAAFIGEPILGAGGIVPPPAGYWEAIQTVLNKYDILLVADEVVTGFGRLGTMFGSDHYGLEPDIITIAKGLTSAYAPLSGSIVSDKVWKVLEQGTDENGPIGHGWTYSAHPIGAAAGVANLKLLDELNLVSNAGEVGAYLNATMAEALSQHANVGDVRGEGLLCAVEFVKDRDSRTFFDAADKIGPQISAKLLEQDKIIARAMPQGDILGFAPPFCLTRAEADQVVEGTLRAVKAVLGSLE
P423Q:W59F:D398E:S19W,0.4983779096360565,0.4073763779632459,0.4384392059432806,MLKNDQLDQWDRDNFFHPWTHLAQHARGESANRVIKTASGVFIEDRDGTKLLDAFAGLFCVNVGYGRQEIAEAIADQARELAYYHSFVGHGTEASITLAKMILDRAPKNMSKVYFGLGGSDANETNVKLIWYYNNILGRPEKKKIISRWRGFHGSGLVTGSLTGLELFHKKFDLPVEQVIHTEAPYYFRREDLNQTEEQFVAHCVAELEALIEREGADTIAAFIGEPILGAGGIVPPPAGYWEAIQTVLNKHDILLVADEVVTGFGRLGTMFGSDHYGLEPDIITIAKGLTSAYAPLSGSIVSDKVWKVLEQGTDENGPIGHGWTYSAHPIGAAAGVANLKLLDELNLVSNAGEVGAYLNATMAEALSQHANVGDVRGEGLLCAVEFVKDRDSRTFFEAADKIGPQISAKLLEQDKIIARAMQQGDILGFAPPFCLTRAEADQVVEGTLRAVKAVLGSLE
P423G:G429Y:F152Y:S155A,0.4974134032478228,0.440976844186552,0.5240577393388168,MLKNDQLDQWDRDNFFHPSTHLAQHARGESANRVIKTASGVFIEDRDGTKLLDAFAGLWCVNVGYGRQEIAEAIADQARELAYYHSFVGHGTEASITLAKMILDRAPKNMSKVYFGLGGSDANETNVKLIWYYNNILGRPEKKKIISRWRGYHGAGLVTGSLTGLELFHKKFDLPVEQVIHTEAPYYFRREDLNQTEEQFVAHCVAELEALIEREGADTIAAFIGEPILGAGGIVPPPAGYWEAIQTVLNKHDILLVADEVVTGFGRLGTMFGSDHYGLEPDIITIAKGLTSAYAPLSGSIVSDKVWKVLEQGTDENGPIGHGWTYSAHPIGAAAGVANLKLLDELNLVSNAGEVGAYLNATMAEALSQHANVGDVRGEGLLCAVEFVKDRDSRTFFDAADKIGPQISAKLLEQDKIIARAMGQGDILYFAPPFCLTRAEADQVVEGTLRAVKAVLGSLE
E177A:Q369G:F397L:S19Y,0.4926225951952555,0.4240307197381958,0.40374929268549425,MLKNDQLDQWDRDNFFHPYTHLAQHARGESANRVIKTASGVFIEDRDGTKLLDAFAGLWCVNVGYGRQEIAEAIADQARELAYYHSFVGHGTEASITLAKMILDRAPKNMSKVYFGLGGSDANETNVKLIWYYNNILGRPEKKKIISRWRGFHGSGLVTGSLTGLELFHKKFDLPVAQVIHTEAPYYFRREDLNQTEEQFVAHCVAELEALIEREGADTIAAFIGEPILGAGGIVPPPAGYWEAIQTVLNKHDILLVADEVVTGFGRLGTMFGSDHYGLEPDIITIAKGLTSAYAPLSGSIVSDKVWKVLEQGTDENGPIGHGWTYSAHPIGAAAGVANLKLLDELNLVSNAGEVGAYLNATMAEALSGHANVGDVRGEGLLCAVEFVKDRDSRTFLDAADKIGPQISAKLLEQDKIIARAMPQGDILGFAPPFCLTRAEADQVVEGTLRAVKAVLGSLE
P423A:R46H:A399P:F168N,0.4981120192161917,0.48957141361060247,0.5666667914029957,MLKNDQLDQWDRDNFFHPSTHLAQHARGESANRVIKTASGVFIEDHDGTKLLDAFAGLWCVNVGYGRQEIAEAIADQARELAYYHSFVGHGTEASITLAKMILDRAPKNMSKVYFGLGGSDANETNVKLIWYYNNILGRPEKKKIISRWRGFHGSGLVTGSLTGLELNHKKFDLPVEQVIHTEAPYYFRREDLNQTEEQFVAHCVAELEALIEREGADTIAAFIGEPILGAGGIVPPPAGYWEAIQTVLNKHDILLVADEVVTGFGRLGTMFGSDHYGLEPDIITIAKGLTSAYAPLSGSIVSDKVWKVLEQGTDENGPIGHGWTYSAHPIGAAAGVANLKLLDELNLVSNAGEVGAYLNATMAEALSQHANVGDVRGEGLLCAVEFVKDRDSRTFFDPADKIGPQISAKLLEQDKIIARAMAQGDILGFAPPFCLTRAEADQVVEGTLRAVKAVLGSLE
K402V:S120A:E280V:R46H,0.47675281962404087,0.43410559663743886,0.45140380399660696,MLKNDQLDQWDRDNFFHPSTHLAQHARGESANRVIKTASGVFIEDHDGTKLLDAFAGLWCVNVGYGRQEIAEAIADQARELAYYHSFVGHGTEASITLAKMILDRAPKNMSKVYFGLGGADANETNVKLIWYYNNILGRPEKKKIISRWRGFHGSGLVTGSLTGLELFHKKFDLPVEQVIHTEAPYYFRREDLNQTEEQFVAHCVAELEALIEREGADTIAAFIGEPILGAGGIVPPPAGYWEAIQTVLNKHDILLVADEVVTGFGRLGTMFGSDHYGLVPDIITIAKGLTSAYAPLSGSIVSDKVWKVLEQGTDENGPIGHGWTYSAHPIGAAAGVANLKLLDELNLVSNAGEVGAYLNATMAEALSQHANVGDVRGEGLLCAVEFVKDRDSRTFFDAADVIGPQISAKLLEQDKIIARAMPQGDILGFAPPFCLTRAEADQVVEGTLRAVKAVLGSLE
G332C:H85G:F152Y:S120T,0.5239893039769338,0.5071241000182192,0.572839329940656,MLKNDQLDQWDRDNFFHPSTHLAQHARGESANRVIKTASGVFIEDRDGTKLLDAFAGLWCVNVGYGRQEIAEAIADQARELAYYGSFVGHGTEASITLAKMILDRAPKNMSKVYFGLGGTDANETNVKLIWYYNNILGRPEKKKIISRWRGYHGSGLVTGSLTGLELFHKKFDLPVEQVIHTEAPYYFRREDLNQTEEQFVAHCVAELEALIEREGADTIAAFIGEPILGAGGIVPPPAGYWEAIQTVLNKHDILLVADEVVTGFGRLGTMFGSDHYGLEPDIITIAKGLTSAYAPLSGSIVSDKVWKVLEQGTDENGPIGHGWTYSAHPICAAAGVANLKLLDELNLVSNAGEVGAYLNATMAEALSQHANVGDVRGEGLLCAVEFVKDRDSRTFFDAADKIGPQISAKLLEQDKIIARAMPQGDILGFAPPFCLTRAEADQVVEGTLRAVKAVLGSLE
L382M:F87L:E29K:D392E,0.45322406151533023,0.42292557152036336,0.42558409615594484,MLKNDQLDQWDRDNFFHPSTHLAQHARGKSANRVIKTASGVFIEDRDGTKLLDAFAGLWCVNVGYGRQEIAEAIADQARELAYYHSLVGHGTEASITLAKMILDRAPKNMSKVYFGLGGSDANETNVKLIWYYNNILGRPEKKKIISRWRGFHGSGLVTGSLTGLELFHKKFDLPVEQVIHTEAPYYFRREDLNQTEEQFVAHCVAELEALIEREGADTIAAFIGEPILGAGGIVPPPAGYWEAIQTVLNKHDILLVADEVVTGFGRLGTMFGSDHYGLEPDIITIAKGLTSAYAPLSGSIVSDKVWKVLEQGTDENGPIGHGWTYSAHPIGAAAGVANLKLLDELNLVSNAGEVGAYLNATMAEALSQHANVGDVRGEGLMCAVEFVKDRESRTFFDAADKIGPQISAKLLEQDKIIARAMPQGDILGFAPPFCLTRAEADQVVEGTLRAVKAVLGSLE
Q406A:P423G:W59L:A231G,0.487596813387443,0.4766649518164635,0.5516999070052769,MLKNDQLDQWDRDNFFHPSTHLAQHARGESANRVIKTASGVFIEDRDGTKLLDAFAGLLCVNVGYGRQEIAEAIADQARELAYYHSFVGHGTEASITLAKMILDRAPKNMSKVYFGLGGSDANETNVKLIWYYNNILGRPEKKKIISRWRGFHGSGLVTGSLTGLELFHKKFDLPVEQVIHTEAPYYFRREDLNQTEEQFVAHCVAELEALIEREGADTIAAFIGEPILGGGGIVPPPAGYWEAIQTVLNKHDILLVADEVVTGFGRLGTMFGSDHYGLEPDIITIAKGLTSAYAPLSGSIVSDKVWKVLEQGTDENGPIGHGWTYSAHPIGAAAGVANLKLLDELNLVSNAGEVGAYLNATMAEALSQHANVGDVRGEGLLCAVEFVKDRDSRTFFDAADKIGPAISAKLLEQDKIIARAMGQGDILGFAPPFCLTRAEADQVVEGTLRAVKAVLGSLE
I234V:R420K:L167S:E177A,0.5739879367554381,0.5013626160704117,0.6544541253405504,MLKNDQLDQWDRDNFFHPSTHLAQHARGESANRVIKTASGVFIEDRDGTKLLDAFAGLWCVNVGYGRQEIAEAIADQARELAYYHSFVGHGTEASITLAKMILDRAPKNMSKVYFGLGGSDANETNVKLIWYYNNILGRPEKKKIISRWRGFHGSGLVTGSLTGLESFHKKFDLPVAQVIHTEAPYYFRREDLNQTEEQFVAHCVAELEALIEREGADTIAAFIGEPILGAGGVVPPPAGYWEAIQTVLNKHDILLVADEVVTGFGRLGTMFGSDHYGLEPDIITIAKGLTSAYAPLSGSIVSDKVWKVLEQGTDENGPIGHGWTYSAHPIGAAAGVANLKLLDELNLVSNAGEVGAYLNATMAEALSQHANVGDVRGEGLLCAVEFVKDRDSRTFFDAADKIGPQISAKLLEQDKIIAKAMPQGDILGFAPPFCLTRAEADQVVEGTLRAVKAVLGSLE
K402E:L167V:L58I:L165I,0.5016180376753262,0.46689572909059557,0.5250449839808891,MLKNDQLDQWDRDNFFHPSTHLAQHARGESANRVIKTASGVFIEDRDGTKLLDAFAGIWCVNVGYGRQEIAEAIADQARELAYYHSFVGHGTEASITLAKMILDRAPKNMSKVYFGLGGSDANETNVKLIWYYNNILGRPEKKKIISRWRGFHGSGLVTGSLTGIEVFHKKFDLPVEQVIHTEAPYYFRREDLNQTEEQFVAHCVAELEALIEREGADTIAAFIGEPILGAGGIVPPPAGYWEAIQTVLNKHDILLVADEVVTGFGRLGTMFGSDHYGLEPDIITIAKGLTSAYAPLSGSIVSDKVWKVLEQGTDENGPIGHGWTYSAHPIGAAAGVANLKLLDELNLVSNAGEVGAYLNATMAEALSQHANVGDVRGEGLLCAVEFVKDRDSRTFFDAADEIGPQISAKLLEQDKIIARAMPQGDILGFAPPFCLTRAEADQVVEGTLRAVKAVLGSLE
P423H:G429A:L167A:D398A,0.5269115369866136,0.46838369096970645,0.6015017602292667,MLKNDQLDQWDRDNFFHPSTHLAQHARGESANRVIKTASGVFIEDRDGTKLLDAFAGLWCVNVGYGRQEIAEAIADQARELAYYHSFVGHGTEASITLAKMILDRAPKNMSKVYFGLGGSDANETNVKLIWYYNNILGRPEKKKIISRWRGFHGSGLVTGSLTGLEAFHKKFDLPVEQVIHTEAPYYFRREDLNQTEEQFVAHCVAELEALIEREGADTIAAFIGEPILGAGGIVPPPAGYWEAIQTVLNKHDILLVADEVVTGFGRLGTMFGSDHYGLEPDIITIAKGLTSAYAPLSGSIVSDKVWKVLEQGTDENGPIGHGWTYSAHPIGAAAGVANLKLLDELNLVSNAGEVGAYLNATMAEALSQHANVGDVRGEGLLCAVEFVKDRDSRTFFAAADKIGPQISAKLLEQDKIIARAMHQGDILAFAPPFCLTRAEADQVVEGTLRAVKAVLGSLE
I234F:W59Y:E280V:L167S,0.5210707987470521,0.4949970401676719,0.5208251589329672,MLKNDQLDQWDRDNFFHPSTHLAQHARGESANRVIKTASGVFIEDRDGTKLLDAFAGLYCVNVGYGRQEIAEAIADQARELAYYHSFVGHGTEASITLAKMILDRAPKNMSKVYFGLGGSDANETNVKLIWYYNNILGRPEKKKIISRWRGFHGSGLVTGSLTGLESFHKKFDLPVEQVIHTEAPYYFRREDLNQTEEQFVAHCVAELEALIEREGADTIAAFIGEPILGAGGFVPPPAGYWEAIQTVLNKHDILLVADEVVTGFGRLGTMFGSDHYGLVPDIITIAKGLTSAYAPLSGSIVSDKVWKVLEQGTDENGPIGHGWTYSAHPIGAAAGVANLKLLDELNLVSNAGEVGAYLNATMAEALSQHANVGDVRGEGLLCAVEFVKDRDSRTFFDAADKIGPQISAKLLEQDKIIARAMPQGDILGFAPPFCLTRAEADQVVEGTLRAVKAVLGSLE
I234M:S120A:M422A:S19F,0.4701637312996468,0.4362222824016111,0.40612965085598934,MLKNDQLDQWDRDNFFHPFTHLAQHARGESANRVIKTASGVFIEDRDGTKLLDAFAGLWCVNVGYGRQEIAEAIADQARELAYYHSFVGHGTEASITLAKMILDRAPKNMSKVYFGLGGADANETNVKLIWYYNNILGRPEKKKIISRWRGFHGSGLVTGSLTGLELFHKKFDLPVEQVIHTEAPYYFRREDLNQTEEQFVAHCVAELEALIEREGADTIAAFIGEPILGAGGMVPPPAGYWEAIQTVLNKHDILLVADEVVTGFGRLGTMFGSDHYGLEPDIITIAKGLTSAYAPLSGSIVSDKVWKVLEQGTDENGPIGHGWTYSAHPIGAAAGVANLKLLDELNLVSNAGEVGAYLNATMAEALSQHANVGDVRGEGLLCAVEFVKDRDSRTFFDAADKIGPQISAKLLEQDKIIARAAPQGDILGFAPPFCLTRAEADQVVEGTLRAVKAVLGSLE
I234F:R394G:D401R:L165I,0.47967918497608875,0.43913029357630545,0.4854236179146614,MLKNDQLDQWDRDNFFHPSTHLAQHARGESANRVIKTASGVFIEDRDGTKLLDAFAGLWCVNVGYGRQEIAEAIADQARELAYYHSFVGHGTEASITLAKMILDRAPKNMSKVYFGLGGSDANETNVKLIWYYNNILGRPEKKKIISRWRGFHGSGLVTGSLTGIELFHKKFDLPVEQVIHTEAPYYFRREDLNQTEEQFVAHCVAELEALIEREGADTIAAFIGEPILGAGGFVPPPAGYWEAIQTVLNKHDILLVADEVVTGFGRLGTMFGSDHYGLEPDIITIAKGLTSAYAPLSGSIVSDKVWKVLEQGTDENGPIGHGWTYSAHPIGAAAGVANLKLLDELNLVSNAGEVGAYLNATMAEALSQHANVGDVRGEGLLCAVEFVKDRDSGTFFDAARKIGPQISAKLLEQDKIIARAMPQGDILGFAPPFCLTRAEADQVVEGTLRAVKAVLGSLE
L382I:K402E:P423G:C60V,0.4039014796195722,0.33026335197344364,0.42094531906220595,MLKNDQLDQWDRDNFFHPSTHLAQHARGESANRVIKTASGVFIEDRDGTKLLDAFAGLWVVNVGYGRQEIAEAIADQARELAYYHSFVGHGTEASITLAKMILDRAPKNMSKVYFGLGGSDANETNVKLIWYYNNILGRPEKKKIISRWRGFHGSGLVTGSLTGLELFHKKFDLPVEQVIHTEAPYYFRREDLNQTEEQFVAHCVAELEALIEREGADTIAAFIGEPILGAGGIVPPPAGYWEAIQTVLNKHDILLVADEVVTGFGRLGTMFGSDHYGLEPDIITIAKGLTSAYAPLSGSIVSDKVWKVLEQGTDENGPIGHGWTYSAHPIGAAAGVANLKLLDELNLVSNAGEVGAYLNATMAEALSQHANVGDVRGEGLICAVEFVKDRDSRTFFDAADEIGPQISAKLLEQDKIIARAMGQGDILGFAPPFCLTRAEADQVVEGTLRAVKAVLGSLE
N250D:F87L:S155A:D47E,0.5573695002572848,0.5379322143240212,0.5316106322623988,MLKNDQLDQWDRDNFFHPSTHLAQHARGESANRVIKTASGVFIEDREGTKLLDAFAGLWCVNVGYGRQEIAEAIADQARELAYYHSLVGHGTEASITLAKMILDRAPKNMSKVYFGLGGSDANETNVKLIWYYNNILGRPEKKKIISRWRGFHGAGLVTGSLTGLELFHKKFDLPVEQVIHTEAPYYFRREDLNQTEEQFVAHCVAELEALIEREGADTIAAFIGEPILGAGGIVPPPAGYWEAIQTVLDKHDILLVADEVVTGFGRLGTMFGSDHYGLEPDIITIAKGLTSAYAPLSGSIVSDKVWKVLEQGTDENGPIGHGWTYSAHPIGAAAGVANLKLLDELNLVSNAGEVGAYLNATMAEALSQHANVGDVRGEGLLCAVEFVKDRDSRTFFDAADKIGPQISAKLLEQDKIIARAMPQGDILGFAPPFCLTRAEADQVVEGTLRAVKAVLGSLE
L382F:Q406A:D401R:P281S,0.4987428697646566,0.4623632875709333,0.6037636769608319,MLKNDQLDQWDRDNFFHPSTHLAQHARGESANRVIKTASGVFIEDRDGTKLLDAFAGLWCVNVGYGRQEIAEAIADQARELAYYHSFVGHGTEASITLAKMILDRAPKNMSKVYFGLGGSDANETNVKLIWYYNNILGRPEKKKIISRWRGFHGSGLVTGSLTGLELFHKKFDLPVEQVIHTEAPYYFRREDLNQTEEQFVAHCVAELEALIEREGADTIAAFIGEPILGAGGIVPPPAGYWEAIQTVLNKHDILLVADEVVTGFGRLGTMFGSDHYGLESDIITIAKGLTSAYAPLSGSIVSDKVWKVLEQGTDENGPIGHGWTYSAHPIGAAAGVANLKLLDELNLVSNAGEVGAYLNATMAEALSQHANVGDVRGEGLFCAVEFVKDRDSRTFFDAARKIGPAISAKLLEQDKIIARAMPQGDILGFAPPFCLTRAEADQVVEGTLRAVKAVLGSLE
S368G:S393D:M422T:S19Y,0.6007249445468896,0.5536382211157507,0.6507870941121361,MLKNDQLDQWDRDNFFHPYTHLAQHARGESANRVIKTASGVFIEDRDGTKLLDAFAGLWCVNVGYGRQEIAEAIADQARELAYYHSFVGHGTEASITLAKMILDRAPKNMSKVYFGLGGSDANETNVKLIWYYNNILGRPEKKKIISRWRGFHGSGLVTGSLTGLELFHKKFDLPVEQVIHTEAPYYFRREDLNQTEEQFVAHCVAELEALIEREGADTIAAFIGEPILGAGGIVPPPAGYWEAIQTVLNKHDILLVADEVVTGFGRLGTMFGSDHYGLEPDIITIAKGLTSAYAPLSGSIVSDKVWKVLEQGTDENGPIGHGWTYSAHPIGAAAGVANLKLLDELNLVSNAGEVGAYLNATMAEALGQHANVGDVRGEGLLCAVEFVKDRDDRTFFDAADKIGPQISAKLLEQDKIIARATPQGDILGFAPPFCLTRAEADQVVEGTLRAVKAVLGSLE
Q406K:E280K:M422T:S19W,0.535549981731799,0.547899136987166,0.504125377802172,MLKNDQLDQWDRDNFFHPWTHLAQHARGESANRVIKTASGVFIEDRDGTKLLDAFAGLWCVNVGYGRQEIAEAIADQARELAYYHSFVGHGTEASITLAKMILDRAPKNMSKVYFGLGGSDANETNVKLIWYYNNILGRPEKKKIISRWRGFHGSGLVTGSLTGLELFHKKFDLPVEQVIHTEAPYYFRREDLNQTEEQFVAHCVAELEALIEREGADTIAAFIGEPILGAGGIVPPPAGYWEAIQTVLNKHDILLVADEVVTGFGRLGTMFGSDHYGLKPDIITIAKGLTSAYAPLSGSIVSDKVWKVLEQGTDENGPIGHGWTYSAHPIGAAAGVANLKLLDELNLVSNAGEVGAYLNATMAEALSQHANVGDVRGEGLLCAVEFVKDRDSRTFFDAADKIGPKISAKLLEQDKIIARATPQGDILGFAPPFCLTRAEADQVVEGTLRAVKAVLGSLE
P423R:F87Y:L167V:S368G,0.5436291051478153,0.593403539312843,0.6578527042556879,MLKNDQLDQWDRDNFFHPSTHLAQHARGESANRVIKTASGVFIEDRDGTKLLDAFAGLWCVNVGYGRQEIAEAIADQARELAYYHSYVGHGTEASITLAKMILDRAPKNMSKVYFGLGGSDANETNVKLIWYYNNILGRPEKKKIISRWRGFHGSGLVTGSLTGLEVFHKKFDLPVEQVIHTEAPYYFRREDLNQTEEQFVAHCVAELEALIEREGADTIAAFIGEPILGAGGIVPPPAGYWEAIQTVLNKHDILLVADEVVTGFGRLGTMFGSDHYGLEPDIITIAKGLTSAYAPLSGSIVSDKVWKVLEQGTDENGPIGHGWTYSAHPIGAAAGVANLKLLDELNLVSNAGEVGAYLNATMAEALGQHANVGDVRGEGLLCAVEFVKDRDSRTFFDAADKIGPQISAKLLEQDKIIARAMRQGDILGFAPPFCLTRAEADQVVEGTLRAVKAVLGSLE
G429Y:W59L:E177A:R46H,0.34246105936006804,0.2962838035000361,0.39940887830913974,MLKNDQLDQWDRDNFFHPSTHLAQHARGESANRVIKTASGVFIEDHDGTKLLDAFAGLLCVNVGYGRQEIAEAIADQARELAYYHSFVGHGTEASITLAKMILDRAPKNMSKVYFGLGGSDANETNVKLIWYYNNILGRPEKKKIISRWRGFHGSGLVTGSLTGLELFHKKFDLPVAQVIHTEAPYYFRREDLNQTEEQFVAHCVAELEALIEREGADTIAAFIGEPILGAGGIVPPPAGYWEAIQTVLNKHDILLVADEVVTGFGRLGTMFGSDHYGLEPDIITIAKGLTSAYAPLSGSIVSDKVWKVLEQGTDENGPIGHGWTYSAHPIGAAAGVANLKLLDELNLVSNAGEVGAYLNATMAEALSQHANVGDVRGEGLLCAVEFVKDRDSRTFFDAADKIGPQISAKLLEQDKIIARAMPQGDILYFAPPFCLTRAEADQVVEGTLRAVKAVLGSLE
V262I:Q406K:F152W:L167F,0.533421762667173,0.49029949158326147,0.5360461182063181,MLKNDQLDQWDRDNFFHPSTHLAQHARGESANRVIKTASGVFIEDRDGTKLLDAFAGLWCVNVGYGRQEIAEAIADQARELAYYHSFVGHGTEASITLAKMILDRAPKNMSKVYFGLGGSDANETNVKLIWYYNNILGRPEKKKIISRWRGWHGSGLVTGSLTGLEFFHKKFDLPVEQVIHTEAPYYFRREDLNQTEEQFVAHCVAELEALIEREGADTIAAFIGEPILGAGGIVPPPAGYWEAIQTVLNKHDILLVADEVITGFGRLGTMFGSDHYGLEPDIITIAKGLTSAYAPLSGSIVSDKVWKVLEQGTDENGPIGHGWTYSAHPIGAAAGVANLKLLDELNLVSNAGEVGAYLNATMAEALSQHANVGDVRGEGLLCAVEFVKDRDSRTFFDAADKIGPKISAKLLEQDKIIARAMPQGDILGFAPPFCLTRAEADQVVEGTLRAVKAVLGSLE
I234M:S368G:P281A:M422S,0.6367885432344957,0.630473927282856,0.6164244377623022,MLKNDQLDQWDRDNFFHPSTHLAQHARGESANRVIKTASGVFIEDRDGTKLLDAFAGLWCVNVGYGRQEIAEAIADQARELAYYHSFVGHGTEASITLAKMILDRAPKNMSKVYFGLGGSDANETNVKLIWYYNNILGRPEKKKIISRWRGFHGSGLVTGSLTGLELFHKKFDLPVEQVIHTEAPYYFRREDLNQTEEQFVAHCVAELEALIEREGADTIAAFIGEPILGAGGMVPPPAGYWEAIQTVLNKHDILLVADEVVTGFGRLGTMFGSDHYGLEADIITIAKGLTSAYAPLSGSIVSDKVWKVLEQGTDENGPIGHGWTYSAHPIGAAAGVANLKLLDELNLVSNAGEVGAYLNATMAEALGQHANVGDVRGEGLLCAVEFVKDRDSRTFFDAADKIGPQISAKLLEQDKIIARASPQGDILGFAPPFCLTRAEADQVVEGTLRAVKAVLGSLE
H85G:F87Q:A231T:L167N,0.5026756926841078,0.5270645878569812,0.5805443185944568,MLKNDQLDQWDRDNFFHPSTHLAQHARGESANRVIKTASGVFIEDRDGTKLLDAFAGLWCVNVGYGRQEIAEAIADQARELAYYGSQVGHGTEASITLAKMILDRAPKNMSKVYFGLGGSDANETNVKLIWYYNNILGRPEKKKIISRWRGFHGSGLVTGSLTGLENFHKKFDLPVEQVIHTEAPYYFRREDLNQTEEQFVAHCVAELEALIEREGADTIAAFIGEPILGTGGIVPPPAGYWEAIQTVLNKHDILLVADEVVTGFGRLGTMFGSDHYGLEPDIITIAKGLTSAYAPLSGSIVSDKVWKVLEQGTDENGPIGHGWTYSAHPIGAAAGVANLKLLDELNLVSNAGEVGAYLNATMAEALSQHANVGDVRGEGLLCAVEFVKDRDSRTFFDAADKIGPQISAKLLEQDKIIARAMPQGDILGFAPPFCLTRAEADQVVEGTLRAVKAVLGSLE
R394K:F168L:M422T:H90R,0.5274988794312414,0.5039106897537581,0.5747226910893936,MLKNDQLDQWDRDNFFHPSTHLAQHARGESANRVIKTASGVFIEDRDGTKLLDAFAGLWCVNVGYGRQEIAEAIADQARELAYYHSFVGRGTEASITLAKMILDRAPKNMSKVYFGLGGSDANETNVKLIWYYNNILGRPEKKKIISRWRGFHGSGLVTGSLTGLELLHKKFDLPVEQVIHTEAPYYFRREDLNQTEEQFVAHCVAELEALIEREGADTIAAFIGEPILGAGGIVPPPAGYWEAIQTVLNKHDILLVADEVVTGFGRLGTMFGSDHYGLEPDIITIAKGLTSAYAPLSGSIVSDKVWKVLEQGTDENGPIGHGWTYSAHPIGAAAGVANLKLLDELNLVSNAGEVGAYLNATMAEALSQHANVGDVRGEGLLCAVEFVKDRDSKTFFDAADKIGPQISAKLLEQDKIIARATPQGDILGFAPPFCLTRAEADQVVEGTLRAVKAVLGSLE
N250Y:R420W:R214S:L58W,0.2991368062263734,0.27047915423257796,0.2711971557733522,MLKNDQLDQWDRDNFFHPSTHLAQHARGESANRVIKTASGVFIEDRDGTKLLDAFAGWWCVNVGYGRQEIAEAIADQARELAYYHSFVGHGTEASITLAKMILDRAPKNMSKVYFGLGGSDANETNVKLIWYYNNILGRPEKKKIISRWRGFHGSGLVTGSLTGLELFHKKFDLPVEQVIHTEAPYYFRREDLNQTEEQFVAHCVAELEALIESEGADTIAAFIGEPILGAGGIVPPPAGYWEAIQTVLYKHDILLVADEVVTGFGRLGTMFGSDHYGLEPDIITIAKGLTSAYAPLSGSIVSDKVWKVLEQGTDENGPIGHGWTYSAHPIGAAAGVANLKLLDELNLVSNAGEVGAYLNATMAEALSQHANVGDVRGEGLLCAVEFVKDRDSRTFFDAADKIGPQISAKLLEQDKIIAWAMPQGDILGFAPPFCLTRAEADQVVEGTLRAVKAVLGSLE
N250Y:R420L:D398A:A399Q,0.5023298047704136,0.4088770760109271,0.40928042393483693,MLKNDQLDQWDRDNFFHPSTHLAQHARGESANRVIKTASGVFIEDRDGTKLLDAFAGLWCVNVGYGRQEIAEAIADQARELAYYHSFVGHGTEASITLAKMILDRAPKNMSKVYFGLGGSDANETNVKLIWYYNNILGRPEKKKIISRWRGFHGSGLVTGSLTGLELFHKKFDLPVEQVIHTEAPYYFRREDLNQTEEQFVAHCVAELEALIEREGADTIAAFIGEPILGAGGIVPPPAGYWEAIQTVLYKHDILLVADEVVTGFGRLGTMFGSDHYGLEPDIITIAKGLTSAYAPLSGSIVSDKVWKVLEQGTDENGPIGHGWTYSAHPIGAAAGVANLKLLDELNLVSNAGEVGAYLNATMAEALSQHANVGDVRGEGLLCAVEFVKDRDSRTFFAQADKIGPQISAKLLEQDKIIALAMPQGDILGFAPPFCLTRAEADQVVEGTLRAVKAVLGSLE
V262M:K402N:Q369G:D401R,0.5809742020815994,0.5599161391840418,0.5979126847277945,MLKNDQLDQWDRDNFFHPSTHLAQHARGESANRVIKTASGVFIEDRDGTKLLDAFAGLWCVNVGYGRQEIAEAIADQARELAYYHSFVGHGTEASITLAKMILDRAPKNMSKVYFGLGGSDANETNVKLIWYYNNILGRPEKKKIISRWRGFHGSGLVTGSLTGLELFHKKFDLPVEQVIHTEAPYYFRREDLNQTEEQFVAHCVAELEALIEREGADTIAAFIGEPILGAGGIVPPPAGYWEAIQTVLNKHDILLVADEVMTGFGRLGTMFGSDHYGLEPDIITIAKGLTSAYAPLSGSIVSDKVWKVLEQGTDENGPIGHGWTYSAHPIGAAAGVANLKLLDELNLVSNAGEVGAYLNATMAEALSGHANVGDVRGEGLLCAVEFVKDRDSRTFFDAARNIGPQISAKLLEQDKIIARAMPQGDILGFAPPFCLTRAEADQVVEGTLRAVKAVLGSLE
V262M:E280K:R46T:F168N,0.499423136653589,0.4812147376204769,0.5809922445034033,MLKNDQLDQWDRDNFFHPSTHLAQHARGESANRVIKTASGVFIEDTDGTKLLDAFAGLWCVNVGYGRQEIAEAIADQARELAYYHSFVGHGTEASITLAKMILDRAPKNMSKVYFGLGGSDANETNVKLIWYYNNILGRPEKKKIISRWRGFHGSGLVTGSLTGLELNHKKFDLPVEQVIHTEAPYYFRREDLNQTEEQFVAHCVAELEALIEREGADTIAAFIGEPILGAGGIVPPPAGYWEAIQTVLNKHDILLVADEVMTGFGRLGTMFGSDHYGLKPDIITIAKGLTSAYAPLSGSIVSDKVWKVLEQGTDENGPIGHGWTYSAHPIGAAAGVANLKLLDELNLVSNAGEVGAYLNATMAEALSQHANVGDVRGEGLLCAVEFVKDRDSRTFFDAADKIGPQISAKLLEQDKIIARAMPQGDILGFAPPFCLTRAEADQVVEGTLRAVKAVLGSLE
G332A:L382F:R420W:W59A,0.45777693328527547,0.3267757985438643,0.3986621211618141,MLKNDQLDQWDRDNFFHPSTHLAQHARGESANRVIKTASGVFIEDRDGTKLLDAFAGLACVNVGYGRQEIAEAIADQARELAYYHSFVGHGTEASITLAKMILDRAPKNMSKVYFGLGGSDANETNVKLIWYYNNILGRPEKKKIISRWRGFHGSGLVTGSLTGLELFHKKFDLPVEQVIHTEAPYYFRREDLNQTEEQFVAHCVAELEALIEREGADTIAAFIGEPILGAGGIVPPPAGYWEAIQTVLNKHDILLVADEVVTGFGRLGTMFGSDHYGLEPDIITIAKGLTSAYAPLSGSIVSDKVWKVLEQGTDENGPIGHGWTYSAHPIAAAAGVANLKLLDELNLVSNAGEVGAYLNATMAEALSQHANVGDVRGEGLFCAVEFVKDRDSRTFFDAADKIGPQISAKLLEQDKIIAWAMPQGDILGFAPPFCLTRAEADQVVEGTLRAVKAVLGSLE
L382I:S86T:L167F:D392E,0.4760310905377961,0.4494474500935881,0.46647908002601296,MLKNDQLDQWDRDNFFHPSTHLAQHARGESANRVIKTASGVFIEDRDGTKLLDAFAGLWCVNVGYGRQEIAEAIADQARELAYYHTFVGHGTEASITLAKMILDRAPKNMSKVYFGLGGSDANETNVKLIWYYNNILGRPEKKKIISRWRGFHGSGLVTGSLTGLEFFHKKFDLPVEQVIHTEAPYYFRREDLNQTEEQFVAHCVAELEALIEREGADTIAAFIGEPILGAGGIVPPPAGYWEAIQTVLNKHDILLVADEVVTGFGRLGTMFGSDHYGLEPDIITIAKGLTSAYAPLSGSIVSDKVWKVLEQGTDENGPIGHGWTYSAHPIGAAAGVANLKLLDELNLVSNAGEVGAYLNATMAEALSQHANVGDVRGEGLICAVEFVKDRESRTFFDAADKIGPQISAKLLEQDKIIARAMPQGDILGFAPPFCLTRAEADQVVEGTLRAVKAVLGSLE
G332A:P423Q:L167F:R391P,0.5672290208462383,0.5230941913923423,0.6121348077839602,MLKNDQLDQWDRDNFFHPSTHLAQHARGESANRVIKTASGVFIEDRDGTKLLDAFAGLWCVNVGYGRQEIAEAIADQARELAYYHSFVGHGTEASITLAKMILDRAPKNMSKVYFGLGGSDANETNVKLIWYYNNILGRPEKKKIISRWRGFHGSGLVTGSLTGLEFFHKKFDLPVEQVIHTEAPYYFRREDLNQTEEQFVAHCVAELEALIEREGADTIAAFIGEPILGAGGIVPPPAGYWEAIQTVLNKHDILLVADEVVTGFGRLGTMFGSDHYGLEPDIITIAKGLTSAYAPLSGSIVSDKVWKVLEQGTDENGPIGHGWTYSAHPIAAAAGVANLKLLDELNLVSNAGEVGAYLNATMAEALSQHANVGDVRGEGLLCAVEFVKDPDSRTFFDAADKIGPQISAKLLEQDKIIARAMQQGDILGFAPPFCLTRAEADQVVEGTLRAVKAVLGSLE
Q406R:W59F:F152W:D401L,0.5919652118321954,0.5088277407926539,0.5913568467178356,MLKNDQLDQWDRDNFFHPSTHLAQHARGESANRVIKTASGVFIEDRDGTKLLDAFAGLFCVNVGYGRQEIAEAIADQARELAYYHSFVGHGTEASITLAKMILDRAPKNMSKVYFGLGGSDANETNVKLIWYYNNILGRPEKKKIISRWRGWHGSGLVTGSLTGLELFHKKFDLPVEQVIHTEAPYYFRREDLNQTEEQFVAHCVAELEALIEREGADTIAAFIGEPILGAGGIVPPPAGYWEAIQTVLNKHDILLVADEVVTGFGRLGTMFGSDHYGLEPDIITIAKGLTSAYAPLSGSIVSDKVWKVLEQGTDENGPIGHGWTYSAHPIGAAAGVANLKLLDELNLVSNAGEVGAYLNATMAEALSQHANVGDVRGEGLLCAVEFVKDRDSRTFFDAALKIGPRISAKLLEQDKIIARAMPQGDILGFAPPFCLTRAEADQVVEGTLRAVKAVLGSLE
G429R:S368G:R391P:F397L,0.5497770227372688,0.45963825248234813,0.5974234644639056,MLKNDQLDQWDRDNFFHPSTHLAQHARGESANRVIKTASGVFIEDRDGTKLLDAFAGLWCVNVGYGRQEIAEAIADQARELAYYHSFVGHGTEASITLAKMILDRAPKNMSKVYFGLGGSDANETNVKLIWYYNNILGRPEKKKIISRWRGFHGSGLVTGSLTGLELFHKKFDLPVEQVIHTEAPYYFRREDLNQTEEQFVAHCVAELEALIEREGADTIAAFIGEPILGAGGIVPPPAGYWEAIQTVLNKHDILLVADEVVTGFGRLGTMFGSDHYGLEPDIITIAKGLTSAYAPLSGSIVSDKVWKVLEQGTDENGPIGHGWTYSAHPIGAAAGVANLKLLDELNLVSNAGEVGAYLNATMAEALGQHANVGDVRGEGLLCAVEFVKDPDSRTFLDAADKIGPQISAKLLEQDKIIARAMPQGDILRFAPPFCLTRAEADQVVEGTLRAVKAVLGSLE
A231V:L167V:D398A:P281A,0.57466872922623,0.5451219703451687,0.5585159035128235,MLKNDQLDQWDRDNFFHPSTHLAQHARGESANRVIKTASGVFIEDRDGTKLLDAFAGLWCVNVGYGRQEIAEAIADQARELAYYHSFVGHGTEASITLAKMILDRAPKNMSKVYFGLGGSDANETNVKLIWYYNNILGRPEKKKIISRWRGFHGSGLVTGSLTGLEVFHKKFDLPVEQVIHTEAPYYFRREDLNQTEEQFVAHCVAELEALIEREGADTIAAFIGEPILGVGGIVPPPAGYWEAIQTVLNKHDILLVADEVVTGFGRLGTMFGSDHYGLEADIITIAKGLTSAYAPLSGSIVSDKVWKVLEQGTDENGPIGHGWTYSAHPIGAAAGVANLKLLDELNLVSNAGEVGAYLNATMAEALSQHANVGDVRGEGLLCAVEFVKDRDSRTFFAAADKIGPQISAKLLEQDKIIARAMPQGDILGFAPPFCLTRAEADQVVEGTLRAVKAVLGSLE
G332C:W59Y:R391P:F168Y,0.5798051934051845,0.5780681704559538,0.6340767421263779,MLKNDQLDQWDRDNFFHPSTHLAQHARGESANRVIKTASGVFIEDRDGTKLLDAFAGLYCVNVGYGRQEIAEAIADQARELAYYHSFVGHGTEASITLAKMILDRAPKNMSKVYFGLGGSDANETNVKLIWYYNNILGRPEKKKIISRWRGFHGSGLVTGSLTGLELYHKKFDLPVEQVIHTEAPYYFRREDLNQTEEQFVAHCVAELEALIEREGADTIAAFIGEPILGAGGIVPPPAGYWEAIQTVLNKHDILLVADEVVTGFGRLGTMFGSDHYGLEPDIITIAKGLTSAYAPLSGSIVSDKVWKVLEQGTDENGPIGHGWTYSAHPICAAAGVANLKLLDELNLVSNAGEVGAYLNATMAEALSQHANVGDVRGEGLLCAVEFVKDPDSRTFFDAADKIGPQISAKLLEQDKIIARAMPQGDILGFAPPFCLTRAEADQVVEGTLRAVKAVLGSLE
V262I:G332A:A231G:A399Q,0.5569840377049953,0.5535674863745971,0.5375602540223947,MLKNDQLDQWDRDNFFHPSTHLAQHARGESANRVIKTASGVFIEDRDGTKLLDAFAGLWCVNVGYGRQEIAEAIADQARELAYYHSFVGHGTEASITLAKMILDRAPKNMSKVYFGLGGSDANETNVKLIWYYNNILGRPEKKKIISRWRGFHGSGLVTGSLTGLELFHKKFDLPVEQVIHTEAPYYFRREDLNQTEEQFVAHCVAELEALIEREGADTIAAFIGEPILGGGGIVPPPAGYWEAIQTVLNKHDILLVADEVITGFGRLGTMFGSDHYGLEPDIITIAKGLTSAYAPLSGSIVSDKVWKVLEQGTDENGPIGHGWTYSAHPIAAAAGVANLKLLDELNLVSNAGEVGAYLNATMAEALSQHANVGDVRGEGLLCAVEFVKDRDSRTFFDQADKIGPQISAKLLEQDKIIARAMPQGDILGFAPPFCLTRAEADQVVEGTLRAVKAVLGSLE
P423Q:F152W:D401R:F168N,0.40595128843272,0.39150544941595034,0.48499104273165305,MLKNDQLDQWDRDNFFHPSTHLAQHARGESANRVIKTASGVFIEDRDGTKLLDAFAGLWCVNVGYGRQEIAEAIADQARELAYYHSFVGHGTEASITLAKMILDRAPKNMSKVYFGLGGSDANETNVKLIWYYNNILGRPEKKKIISRWRGWHGSGLVTGSLTGLELNHKKFDLPVEQVIHTEAPYYFRREDLNQTEEQFVAHCVAELEALIEREGADTIAAFIGEPILGAGGIVPPPAGYWEAIQTVLNKHDILLVADEVVTGFGRLGTMFGSDHYGLEPDIITIAKGLTSAYAPLSGSIVSDKVWKVLEQGTDENGPIGHGWTYSAHPIGAAAGVANLKLLDELNLVSNAGEVGAYLNATMAEALSQHANVGDVRGEGLLCAVEFVKDRDSRTFFDAARKIGPQISAKLLEQDKIIARAMQQGDILGFAPPFCLTRAEADQVVEGTLRAVKAVLGSLE
V262M:P423H:A399P:L165I,0.4563662048959695,0.48081716295499055,0.6091611711201702,MLKNDQLDQWDRDNFFHPSTHLAQHARGESANRVIKTASGVFIEDRDGTKLLDAFAGLWCVNVGYGRQEIAEAIADQARELAYYHSFVGHGTEASITLAKMILDRAPKNMSKVYFGLGGSDANETNVKLIWYYNNILGRPEKKKIISRWRGFHGSGLVTGSLTGIELFHKKFDLPVEQVIHTEAPYYFRREDLNQTEEQFVAHCVAELEALIEREGADTIAAFIGEPILGAGGIVPPPAGYWEAIQTVLNKHDILLVADEVMTGFGRLGTMFGSDHYGLEPDIITIAKGLTSAYAPLSGSIVSDKVWKVLEQGTDENGPIGHGWTYSAHPIGAAAGVANLKLLDELNLVSNAGEVGAYLNATMAEALSQHANVGDVRGEGLLCAVEFVKDRDSRTFFDPADKIGPQISAKLLEQDKIIARAMHQGDILGFAPPFCLTRAEADQVVEGTLRAVKAVLGSLE
E280V:L167A:A56S:S19F,0.44781640594498023,0.4041192926547604,0.4548377551064685,MLKNDQLDQWDRDNFFHPFTHLAQHARGESANRVIKTASGVFIEDRDGTKLLDAFSGLWCVNVGYGRQEIAEAIADQARELAYYHSFVGHGTEASITLAKMILDRAPKNMSKVYFGLGGSDANETNVKLIWYYNNILGRPEKKKIISRWRGFHGSGLVTGSLTGLEAFHKKFDLPVEQVIHTEAPYYFRREDLNQTEEQFVAHCVAELEALIEREGADTIAAFIGEPILGAGGIVPPPAGYWEAIQTVLNKHDILLVADEVVTGFGRLGTMFGSDHYGLVPDIITIAKGLTSAYAPLSGSIVSDKVWKVLEQGTDENGPIGHGWTYSAHPIGAAAGVANLKLLDELNLVSNAGEVGAYLNATMAEALSQHANVGDVRGEGLLCAVEFVKDRDSRTFFDAADKIGPQISAKLLEQDKIIARAMPQGDILGFAPPFCLTRAEADQVVEGTLRAVKAVLGSLE
Q406R:A231T:S155A:D398A,0.6066431345530241,0.5793580601908653,0.7374555189669388,MLKNDQLDQWDRDNFFHPSTHLAQHARGESANRVIKTASGVFIEDRDGTKLLDAFAGLWCVNVGYGRQEIAEAIADQARELAYYHSFVGHGTEASITLAKMILDRAPKNMSKVYFGLGGSDANETNVKLIWYYNNILGRPEKKKIISRWRGFHGAGLVTGSLTGLELFHKKFDLPVEQVIHTEAPYYFRREDLNQTEEQFVAHCVAELEALIEREGADTIAAFIGEPILGTGGIVPPPAGYWEAIQTVLNKHDILLVADEVVTGFGRLGTMFGSDHYGLEPDIITIAKGLTSAYAPLSGSIVSDKVWKVLEQGTDENGPIGHGWTYSAHPIGAAAGVANLKLLDELNLVSNAGEVGAYLNATMAEALSQHANVGDVRGEGLLCAVEFVKDRDSRTFFAAADKIGPRISAKLLEQDKIIARAMPQGDILGFAPPFCLTRAEADQVVEGTLRAVKAVLGSLE
Q406R:W59L:E280V:E29A,0.5465795036165848,0.5084053076361188,0.5919629504262731,MLKNDQLDQWDRDNFFHPSTHLAQHARGASANRVIKTASGVFIEDRDGTKLLDAFAGLLCVNVGYGRQEIAEAIADQARELAYYHSFVGHGTEASITLAKMILDRAPKNMSKVYFGLGGSDANETNVKLIWYYNNILGRPEKKKIISRWRGFHGSGLVTGSLTGLELFHKKFDLPVEQVIHTEAPYYFRREDLNQTEEQFVAHCVAELEALIEREGADTIAAFIGEPILGAGGIVPPPAGYWEAIQTVLNKHDILLVADEVVTGFGRLGTMFGSDHYGLVPDIITIAKGLTSAYAPLSGSIVSDKVWKVLEQGTDENGPIGHGWTYSAHPIGAAAGVANLKLLDELNLVSNAGEVGAYLNATMAEALSQHANVGDVRGEGLLCAVEFVKDRDSRTFFDAADKIGPRISAKLLEQDKIIARAMPQGDILGFAPPFCLTRAEADQVVEGTLRAVKAVLGSLE
G429A:F87L:C60V:D401G,0.5907693139270093,0.4611538413099765,0.47778061988923404,MLKNDQLDQWDRDNFFHPSTHLAQHARGESANRVIKTASGVFIEDRDGTKLLDAFAGLWVVNVGYGRQEIAEAIADQARELAYYHSLVGHGTEASITLAKMILDRAPKNMSKVYFGLGGSDANETNVKLIWYYNNILGRPEKKKIISRWRGFHGSGLVTGSLTGLELFHKKFDLPVEQVIHTEAPYYFRREDLNQTEEQFVAHCVAELEALIEREGADTIAAFIGEPILGAGGIVPPPAGYWEAIQTVLNKHDILLVADEVVTGFGRLGTMFGSDHYGLEPDIITIAKGLTSAYAPLSGSIVSDKVWKVLEQGTDENGPIGHGWTYSAHPIGAAAGVANLKLLDELNLVSNAGEVGAYLNATMAEALSQHANVGDVRGEGLLCAVEFVKDRDSRTFFDAAGKIGPQISAKLLEQDKIIARAMPQGDILAFAPPFCLTRAEADQVVEGTLRAVKAVLGSLE
E29K:A56S:L165I:S19Y,0.47311615480314706,0.4321530492081286,0.45845760425830673,MLKNDQLDQWDRDNFFHPYTHLAQHARGKSANRVIKTASGVFIEDRDGTKLLDAFSGLWCVNVGYGRQEIAEAIADQARELAYYHSFVGHGTEASITLAKMILDRAPKNMSKVYFGLGGSDANETNVKLIWYYNNILGRPEKKKIISRWRGFHGSGLVTGSLTGIELFHKKFDLPVEQVIHTEAPYYFRREDLNQTEEQFVAHCVAELEALIEREGADTIAAFIGEPILGAGGIVPPPAGYWEAIQTVLNKHDILLVADEVVTGFGRLGTMFGSDHYGLEPDIITIAKGLTSAYAPLSGSIVSDKVWKVLEQGTDENGPIGHGWTYSAHPIGAAAGVANLKLLDELNLVSNAGEVGAYLNATMAEALSQHANVGDVRGEGLLCAVEFVKDRDSRTFFDAADKIGPQISAKLLEQDKIIARAMPQGDILGFAPPFCLTRAEADQVVEGTLRAVKAVLGSLE
G429Y:S86T:P281S:S19Y,0.5407855178577363,0.34078551785773636,0.3476324760788789,MLKNDQLDQWDRDNFFHPYTHLAQHARGESANRVIKTASGVFIEDRDGTKLLDAFAGLWCVNVGYGRQEIAEAIADQARELAYYHTFVGHGTEASITLAKMILDRAPKNMSKVYFGLGGSDANETNVKLIWYYNNILGRPEKKKIISRWRGFHGSGLVTGSLTGLELFHKKFDLPVEQVIHTEAPYYFRREDLNQTEEQFVAHCVAELEALIEREGADTIAAFIGEPILGAGGIVPPPAGYWEAIQTVLNKHDILLVADEVVTGFGRLGTMFGSDHYGLESDIITIAKGLTSAYAPLSGSIVSDKVWKVLEQGTDENGPIGHGWTYSAHPIGAAAGVANLKLLDELNLVSNAGEVGAYLNATMAEALSQHANVGDVRGEGLLCAVEFVKDRDSRTFFDAADKIGPQISAKLLEQDKIIARAMPQGDILYFAPPFCLTRAEADQVVEGTLRAVKAVLGSLE
G429R:D401G:L165M:F168L,0.4665566585677894,0.44009452365395124,0.4835761713194582,MLKNDQLDQWDRDNFFHPSTHLAQHARGESANRVIKTASGVFIEDRDGTKLLDAFAGLWCVNVGYGRQEIAEAIADQARELAYYHSFVGHGTEASITLAKMILDRAPKNMSKVYFGLGGSDANETNVKLIWYYNNILGRPEKKKIISRWRGFHGSGLVTGSLTGMELLHKKFDLPVEQVIHTEAPYYFRREDLNQTEEQFVAHCVAELEALIEREGADTIAAFIGEPILGAGGIVPPPAGYWEAIQTVLNKHDILLVADEVVTGFGRLGTMFGSDHYGLEPDIITIAKGLTSAYAPLSGSIVSDKVWKVLEQGTDENGPIGHGWTYSAHPIGAAAGVANLKLLDELNLVSNAGEVGAYLNATMAEALSQHANVGDVRGEGLLCAVEFVKDRDSRTFFDAAGKIGPQISAKLLEQDKIIARAMPQGDILRFAPPFCLTRAEADQVVEGTLRAVKAVLGSLE
I234F:G332C:P423L:R214S,0.4740759597171629,0.4170346928376524,0.5397339307685654,MLKNDQLDQWDRDNFFHPSTHLAQHARGESANRVIKTASGVFIEDRDGTKLLDAFAGLWCVNVGYGRQEIAEAIADQARELAYYHSFVGHGTEASITLAKMILDRAPKNMSKVYFGLGGSDANETNVKLIWYYNNILGRPEKKKIISRWRGFHGSGLVTGSLTGLELFHKKFDLPVEQVIHTEAPYYFRREDLNQTEEQFVAHCVAELEALIESEGADTIAAFIGEPILGAGGFVPPPAGYWEAIQTVLNKHDILLVADEVVTGFGRLGTMFGSDHYGLEPDIITIAKGLTSAYAPLSGSIVSDKVWKVLEQGTDENGPIGHGWTYSAHPICAAAGVANLKLLDELNLVSNAGEVGAYLNATMAEALSQHANVGDVRGEGLLCAVEFVKDRDSRTFFDAADKIGPQISAKLLEQDKIIARAMLQGDILGFAPPFCLTRAEADQVVEGTLRAVKAVLGSLE
V262Q:Q406K:A231E:S19F,0.44029543486338507,0.3775267676002718,0.3787412166950672,MLKNDQLDQWDRDNFFHPFTHLAQHARGESANRVIKTASGVFIEDRDGTKLLDAFAGLWCVNVGYGRQEIAEAIADQARELAYYHSFVGHGTEASITLAKMILDRAPKNMSKVYFGLGGSDANETNVKLIWYYNNILGRPEKKKIISRWRGFHGSGLVTGSLTGLELFHKKFDLPVEQVIHTEAPYYFRREDLNQTEEQFVAHCVAELEALIEREGADTIAAFIGEPILGEGGIVPPPAGYWEAIQTVLNKHDILLVADEVQTGFGRLGTMFGSDHYGLEPDIITIAKGLTSAYAPLSGSIVSDKVWKVLEQGTDENGPIGHGWTYSAHPIGAAAGVANLKLLDELNLVSNAGEVGAYLNATMAEALSQHANVGDVRGEGLLCAVEFVKDRDSRTFFDAADKIGPKISAKLLEQDKIIARAMPQGDILGFAPPFCLTRAEADQVVEGTLRAVKAVLGSLE
F87Q:C60V:S393A:H90K,0.46173666600611346,0.4211041129957081,0.4373382782577915,MLKNDQLDQWDRDNFFHPSTHLAQHARGESANRVIKTASGVFIEDRDGTKLLDAFAGLWVVNVGYGRQEIAEAIADQARELAYYHSQVGKGTEASITLAKMILDRAPKNMSKVYFGLGGSDANETNVKLIWYYNNILGRPEKKKIISRWRGFHGSGLVTGSLTGLELFHKKFDLPVEQVIHTEAPYYFRREDLNQTEEQFVAHCVAELEALIEREGADTIAAFIGEPILGAGGIVPPPAGYWEAIQTVLNKHDILLVADEVVTGFGRLGTMFGSDHYGLEPDIITIAKGLTSAYAPLSGSIVSDKVWKVLEQGTDENGPIGHGWTYSAHPIGAAAGVANLKLLDELNLVSNAGEVGAYLNATMAEALSQHANVGDVRGEGLLCAVEFVKDRDARTFFDAADKIGPQISAKLLEQDKIIARAMPQGDILGFAPPFCLTRAEADQVVEGTLRAVKAVLGSLE
A71I:W59Y:A231S:L58W,0.5429719254040677,0.49818413268137285,0.5342402556779678,MLKNDQLDQWDRDNFFHPSTHLAQHARGESANRVIKTASGVFIEDRDGTKLLDAFAGWYCVNVGYGRQEIIEAIADQARELAYYHSFVGHGTEASITLAKMILDRAPKNMSKVYFGLGGSDANETNVKLIWYYNNILGRPEKKKIISRWRGFHGSGLVTGSLTGLELFHKKFDLPVEQVIHTEAPYYFRREDLNQTEEQFVAHCVAELEALIEREGADTIAAFIGEPILGSGGIVPPPAGYWEAIQTVLNKHDILLVADEVVTGFGRLGTMFGSDHYGLEPDIITIAKGLTSAYAPLSGSIVSDKVWKVLEQGTDENGPIGHGWTYSAHPIGAAAGVANLKLLDELNLVSNAGEVGAYLNATMAEALSQHANVGDVRGEGLLCAVEFVKDRDSRTFFDAADKIGPQISAKLLEQDKIIARAMPQGDILGFAPPFCLTRAEADQVVEGTLRAVKAVLGSLE
R420K:E29A:D47Q:F168Y,0.5287819303842368,0.4744683551390686,0.5195135847707745,MLKNDQLDQWDRDNFFHPSTHLAQHARGASANRVIKTASGVFIEDRQGTKLLDAFAGLWCVNVGYGRQEIAEAIADQARELAYYHSFVGHGTEASITLAKMILDRAPKNMSKVYFGLGGSDANETNVKLIWYYNNILGRPEKKKIISRWRGFHGSGLVTGSLTGLELYHKKFDLPVEQVIHTEAPYYFRREDLNQTEEQFVAHCVAELEALIEREGADTIAAFIGEPILGAGGIVPPPAGYWEAIQTVLNKHDILLVADEVVTGFGRLGTMFGSDHYGLEPDIITIAKGLTSAYAPLSGSIVSDKVWKVLEQGTDENGPIGHGWTYSAHPIGAAAGVANLKLLDELNLVSNAGEVGAYLNATMAEALSQHANVGDVRGEGLLCAVEFVKDRDSRTFFDAADKIGPQISAKLLEQDKIIAKAMPQGDILGFAPPFCLTRAEADQVVEGTLRAVKAVLGSLE
G332S:A71V:E29K:D398A,0.5509556001272841,0.5634710912458654,0.6003862701223316,MLKNDQLDQWDRDNFFHPSTHLAQHARGKSANRVIKTASGVFIEDRDGTKLLDAFAGLWCVNVGYGRQEIVEAIADQARELAYYHSFVGHGTEASITLAKMILDRAPKNMSKVYFGLGGSDANETNVKLIWYYNNILGRPEKKKIISRWRGFHGSGLVTGSLTGLELFHKKFDLPVEQVIHTEAPYYFRREDLNQTEEQFVAHCVAELEALIEREGADTIAAFIGEPILGAGGIVPPPAGYWEAIQTVLNKHDILLVADEVVTGFGRLGTMFGSDHYGLEPDIITIAKGLTSAYAPLSGSIVSDKVWKVLEQGTDENGPIGHGWTYSAHPISAAAGVANLKLLDELNLVSNAGEVGAYLNATMAEALSQHANVGDVRGEGLLCAVEFVKDRDSRTFFAAADKIGPQISAKLLEQDKIIARAMPQGDILGFAPPFCLTRAEADQVVEGTLRAVKAVLGSLE
N250R:P423G:E177A:S393D,0.6152645463565758,0.6020182857446169,0.7027025607403437,MLKNDQLDQWDRDNFFHPSTHLAQHARGESANRVIKTASGVFIEDRDGTKLLDAFAGLWCVNVGYGRQEIAEAIADQARELAYYHSFVGHGTEASITLAKMILDRAPKNMSKVYFGLGGSDANETNVKLIWYYNNILGRPEKKKIISRWRGFHGSGLVTGSLTGLELFHKKFDLPVAQVIHTEAPYYFRREDLNQTEEQFVAHCVAELEALIEREGADTIAAFIGEPILGAGGIVPPPAGYWEAIQTVLRKHDILLVADEVVTGFGRLGTMFGSDHYGLEPDIITIAKGLTSAYAPLSGSIVSDKVWKVLEQGTDENGPIGHGWTYSAHPIGAAAGVANLKLLDELNLVSNAGEVGAYLNATMAEALSQHANVGDVRGEGLLCAVEFVKDRDDRTFFDAADKIGPQISAKLLEQDKIIARAMGQGDILGFAPPFCLTRAEADQVVEGTLRAVKAVLGSLE
P423A:S368A:A56S:S19W,0.4618558699071809,0.4399297765395608,0.5183341946886311,MLKNDQLDQWDRDNFFHPWTHLAQHARGESANRVIKTASGVFIEDRDGTKLLDAFSGLWCVNVGYGRQEIAEAIADQARELAYYHSFVGHGTEASITLAKMILDRAPKNMSKVYFGLGGSDANETNVKLIWYYNNILGRPEKKKIISRWRGFHGSGLVTGSLTGLELFHKKFDLPVEQVIHTEAPYYFRREDLNQTEEQFVAHCVAELEALIEREGADTIAAFIGEPILGAGGIVPPPAGYWEAIQTVLNKHDILLVADEVVTGFGRLGTMFGSDHYGLEPDIITIAKGLTSAYAPLSGSIVSDKVWKVLEQGTDENGPIGHGWTYSAHPIGAAAGVANLKLLDELNLVSNAGEVGAYLNATMAEALAQHANVGDVRGEGLLCAVEFVKDRDSRTFFDAADKIGPQISAKLLEQDKIIARAMAQGDILGFAPPFCLTRAEADQVVEGTLRAVKAVLGSLE
R420K:L58W:A56S:M422L,0.45945798920119274,0.3595030142594783,0.40664773454970693,MLKNDQLDQWDRDNFFHPSTHLAQHARGESANRVIKTASGVFIEDRDGTKLLDAFSGWWCVNVGYGRQEIAEAIADQARELAYYHSFVGHGTEASITLAKMILDRAPKNMSKVYFGLGGSDANETNVKLIWYYNNILGRPEKKKIISRWRGFHGSGLVTGSLTGLELFHKKFDLPVEQVIHTEAPYYFRREDLNQTEEQFVAHCVAELEALIEREGADTIAAFIGEPILGAGGIVPPPAGYWEAIQTVLNKHDILLVADEVVTGFGRLGTMFGSDHYGLEPDIITIAKGLTSAYAPLSGSIVSDKVWKVLEQGTDENGPIGHGWTYSAHPIGAAAGVANLKLLDELNLVSNAGEVGAYLNATMAEALSQHANVGDVRGEGLLCAVEFVKDRDSRTFFDAADKIGPQISAKLLEQDKIIAKALPQGDILGFAPPFCLTRAEADQVVEGTLRAVKAVLGSLE
Q406A:L58I:Y83S:A56G,0.49018949670358974,0.45875496408723243,0.516478901295168,MLKNDQLDQWDRDNFFHPSTHLAQHARGESANRVIKTASGVFIEDRDGTKLLDAFGGIWCVNVGYGRQEIAEAIADQARELASYHSFVGHGTEASITLAKMILDRAPKNMSKVYFGLGGSDANETNVKLIWYYNNILGRPEKKKIISRWRGFHGSGLVTGSLTGLELFHKKFDLPVEQVIHTEAPYYFRREDLNQTEEQFVAHCVAELEALIEREGADTIAAFIGEPILGAGGIVPPPAGYWEAIQTVLNKHDILLVADEVVTGFGRLGTMFGSDHYGLEPDIITIAKGLTSAYAPLSGSIVSDKVWKVLEQGTDENGPIGHGWTYSAHPIGAAAGVANLKLLDELNLVSNAGEVGAYLNATMAEALSQHANVGDVRGEGLLCAVEFVKDRDSRTFFDAADKIGPAISAKLLEQDKIIARAMPQGDILGFAPPFCLTRAEADQVVEGTLRAVKAVLGSLE
G332C:A71I:S86T:M422S,0.6079989794746843,0.5636633595184399,0.6455201610467081,MLKNDQLDQWDRDNFFHPSTHLAQHARGESANRVIKTASGVFIEDRDGTKLLDAFAGLWCVNVGYGRQEIIEAIADQARELAYYHTFVGHGTEASITLAKMILDRAPKNMSKVYFGLGGSDANETNVKLIWYYNNILGRPEKKKIISRWRGFHGSGLVTGSLTGLELFHKKFDLPVEQVIHTEAPYYFRREDLNQTEEQFVAHCVAELEALIEREGADTIAAFIGEPILGAGGIVPPPAGYWEAIQTVLNKHDILLVADEVVTGFGRLGTMFGSDHYGLEPDIITIAKGLTSAYAPLSGSIVSDKVWKVLEQGTDENGPIGHGWTYSAHPICAAAGVANLKLLDELNLVSNAGEVGAYLNATMAEALSQHANVGDVRGEGLLCAVEFVKDRDSRTFFDAADKIGPQISAKLLEQDKIIARASPQGDILGFAPPFCLTRAEADQVVEGTLRAVKAVLGSLE
N250Y:A71I:H252R:Y83S,0.421281811038709,0.4179558804200417,0.3988725108152327,MLKNDQLDQWDRDNFFHPSTHLAQHARGESANRVIKTASGVFIEDRDGTKLLDAFAGLWCVNVGYGRQEIIEAIADQARELASYHSFVGHGTEASITLAKMILDRAPKNMSKVYFGLGGSDANETNVKLIWYYNNILGRPEKKKIISRWRGFHGSGLVTGSLTGLELFHKKFDLPVEQVIHTEAPYYFRREDLNQTEEQFVAHCVAELEALIEREGADTIAAFIGEPILGAGGIVPPPAGYWEAIQTVLYKRDILLVADEVVTGFGRLGTMFGSDHYGLEPDIITIAKGLTSAYAPLSGSIVSDKVWKVLEQGTDENGPIGHGWTYSAHPIGAAAGVANLKLLDELNLVSNAGEVGAYLNATMAEALSQHANVGDVRGEGLLCAVEFVKDRDSRTFFDAADKIGPQISAKLLEQDKIIARAMPQGDILGFAPPFCLTRAEADQVVEGTLRAVKAVLGSLE
R420W:G429R:F87Q:R46H,0.4035966824709083,0.29371695642711226,0.33429162686076963,MLKNDQLDQWDRDNFFHPSTHLAQHARGESANRVIKTASGVFIEDHDGTKLLDAFAGLWCVNVGYGRQEIAEAIADQARELAYYHSQVGHGTEASITLAKMILDRAPKNMSKVYFGLGGSDANETNVKLIWYYNNILGRPEKKKIISRWRGFHGSGLVTGSLTGLELFHKKFDLPVEQVIHTEAPYYFRREDLNQTEEQFVAHCVAELEALIEREGADTIAAFIGEPILGAGGIVPPPAGYWEAIQTVLNKHDILLVADEVVTGFGRLGTMFGSDHYGLEPDIITIAKGLTSAYAPLSGSIVSDKVWKVLEQGTDENGPIGHGWTYSAHPIGAAAGVANLKLLDELNLVSNAGEVGAYLNATMAEALSQHANVGDVRGEGLLCAVEFVKDRDSRTFFDAADKIGPQISAKLLEQDKIIAWAMPQGDILRFAPPFCLTRAEADQVVEGTLRAVKAVLGSLE
V262Q:Q406R:F397L:A399P,0.5117517045693871,0.549652701006913,0.5014257789370271,MLKNDQLDQWDRDNFFHPSTHLAQHARGESANRVIKTASGVFIEDRDGTKLLDAFAGLWCVNVGYGRQEIAEAIADQARELAYYHSFVGHGTEASITLAKMILDRAPKNMSKVYFGLGGSDANETNVKLIWYYNNILGRPEKKKIISRWRGFHGSGLVTGSLTGLELFHKKFDLPVEQVIHTEAPYYFRREDLNQTEEQFVAHCVAELEALIEREGADTIAAFIGEPILGAGGIVPPPAGYWEAIQTVLNKHDILLVADEVQTGFGRLGTMFGSDHYGLEPDIITIAKGLTSAYAPLSGSIVSDKVWKVLEQGTDENGPIGHGWTYSAHPIGAAAGVANLKLLDELNLVSNAGEVGAYLNATMAEALSQHANVGDVRGEGLLCAVEFVKDRDSRTFLDPADKIGPRISAKLLEQDKIIARAMPQGDILGFAPPFCLTRAEADQVVEGTLRAVKAVLGSLE
I234F:V262Q:R420K:S155V,0.35592378389516005,0.317843859504083,0.33091876353658334,MLKNDQLDQWDRDNFFHPSTHLAQHARGESANRVIKTASGVFIEDRDGTKLLDAFAGLWCVNVGYGRQEIAEAIADQARELAYYHSFVGHGTEASITLAKMILDRAPKNMSKVYFGLGGSDANETNVKLIWYYNNILGRPEKKKIISRWRGFHGVGLVTGSLTGLELFHKKFDLPVEQVIHTEAPYYFRREDLNQTEEQFVAHCVAELEALIEREGADTIAAFIGEPILGAGGFVPPPAGYWEAIQTVLNKHDILLVADEVQTGFGRLGTMFGSDHYGLEPDIITIAKGLTSAYAPLSGSIVSDKVWKVLEQGTDENGPIGHGWTYSAHPIGAAAGVANLKLLDELNLVSNAGEVGAYLNATMAEALSQHANVGDVRGEGLLCAVEFVKDRDSRTFFDAADKIGPQISAKLLEQDKIIAKAMPQGDILGFAPPFCLTRAEADQVVEGTLRAVKAVLGSLE
N250R:P423R:A231E:S393A,0.6259596684546104,0.6015092756738921,0.625885654872224,MLKNDQLDQWDRDNFFHPSTHLAQHARGESANRVIKTASGVFIEDRDGTKLLDAFAGLWCVNVGYGRQEIAEAIADQARELAYYHSFVGHGTEASITLAKMILDRAPKNMSKVYFGLGGSDANETNVKLIWYYNNILGRPEKKKIISRWRGFHGSGLVTGSLTGLELFHKKFDLPVEQVIHTEAPYYFRREDLNQTEEQFVAHCVAELEALIEREGADTIAAFIGEPILGEGGIVPPPAGYWEAIQTVLRKHDILLVADEVVTGFGRLGTMFGSDHYGLEPDIITIAKGLTSAYAPLSGSIVSDKVWKVLEQGTDENGPIGHGWTYSAHPIGAAAGVANLKLLDELNLVSNAGEVGAYLNATMAEALSQHANVGDVRGEGLLCAVEFVKDRDARTFFDAADKIGPQISAKLLEQDKIIARAMRQGDILGFAPPFCLTRAEADQVVEGTLRAVKAVLGSLE
L167A:Y83H:C60V:R394G,0.45189650790420915,0.40845880377819316,0.5868052837993889,MLKNDQLDQWDRDNFFHPSTHLAQHARGESANRVIKTASGVFIEDRDGTKLLDAFAGLWVVNVGYGRQEIAEAIADQARELAHYHSFVGHGTEASITLAKMILDRAPKNMSKVYFGLGGSDANETNVKLIWYYNNILGRPEKKKIISRWRGFHGSGLVTGSLTGLEAFHKKFDLPVEQVIHTEAPYYFRREDLNQTEEQFVAHCVAELEALIEREGADTIAAFIGEPILGAGGIVPPPAGYWEAIQTVLNKHDILLVADEVVTGFGRLGTMFGSDHYGLEPDIITIAKGLTSAYAPLSGSIVSDKVWKVLEQGTDENGPIGHGWTYSAHPIGAAAGVANLKLLDELNLVSNAGEVGAYLNATMAEALSQHANVGDVRGEGLLCAVEFVKDRDSGTFFDAADKIGPQISAKLLEQDKIIARAMPQGDILGFAPPFCLTRAEADQVVEGTLRAVKAVLGSLE
W59G:F87Y:A231G:S120T,0.4522397329460692,0.43529533993625147,0.5299577516904392,MLKNDQLDQWDRDNFFHPSTHLAQHARGESANRVIKTASGVFIEDRDGTKLLDAFAGLGCVNVGYGRQEIAEAIADQARELAYYHSYVGHGTEASITLAKMILDRAPKNMSKVYFGLGGTDANETNVKLIWYYNNILGRPEKKKIISRWRGFHGSGLVTGSLTGLELFHKKFDLPVEQVIHTEAPYYFRREDLNQTEEQFVAHCVAELEALIEREGADTIAAFIGEPILGGGGIVPPPAGYWEAIQTVLNKHDILLVADEVVTGFGRLGTMFGSDHYGLEPDIITIAKGLTSAYAPLSGSIVSDKVWKVLEQGTDENGPIGHGWTYSAHPIGAAAGVANLKLLDELNLVSNAGEVGAYLNATMAEALSQHANVGDVRGEGLLCAVEFVKDRDSRTFFDAADKIGPQISAKLLEQDKIIARAMPQGDILGFAPPFCLTRAEADQVVEGTLRAVKAVLGSLE
V262M:K402V:Q406K:E29A,0.48865157891427424,0.4589104956308613,0.5495871254325475,MLKNDQLDQWDRDNFFHPSTHLAQHARGASANRVIKTASGVFIEDRDGTKLLDAFAGLWCVNVGYGRQEIAEAIADQARELAYYHSFVGHGTEASITLAKMILDRAPKNMSKVYFGLGGSDANETNVKLIWYYNNILGRPEKKKIISRWRGFHGSGLVTGSLTGLELFHKKFDLPVEQVIHTEAPYYFRREDLNQTEEQFVAHCVAELEALIEREGADTIAAFIGEPILGAGGIVPPPAGYWEAIQTVLNKHDILLVADEVMTGFGRLGTMFGSDHYGLEPDIITIAKGLTSAYAPLSGSIVSDKVWKVLEQGTDENGPIGHGWTYSAHPIGAAAGVANLKLLDELNLVSNAGEVGAYLNATMAEALSQHANVGDVRGEGLLCAVEFVKDRDSRTFFDAADVIGPKISAKLLEQDKIIARAMPQGDILGFAPPFCLTRAEADQVVEGTLRAVKAVLGSLE
G429R:S86A:R391K:D398E,0.4837312503852278,0.4875617840839875,0.5320669109883198,MLKNDQLDQWDRDNFFHPSTHLAQHARGESANRVIKTASGVFIEDRDGTKLLDAFAGLWCVNVGYGRQEIAEAIADQARELAYYHAFVGHGTEASITLAKMILDRAPKNMSKVYFGLGGSDANETNVKLIWYYNNILGRPEKKKIISRWRGFHGSGLVTGSLTGLELFHKKFDLPVEQVIHTEAPYYFRREDLNQTEEQFVAHCVAELEALIEREGADTIAAFIGEPILGAGGIVPPPAGYWEAIQTVLNKHDILLVADEVVTGFGRLGTMFGSDHYGLEPDIITIAKGLTSAYAPLSGSIVSDKVWKVLEQGTDENGPIGHGWTYSAHPIGAAAGVANLKLLDELNLVSNAGEVGAYLNATMAEALSQHANVGDVRGEGLLCAVEFVKDKDSRTFFEAADKIGPQISAKLLEQDKIIARAMPQGDILRFAPPFCLTRAEADQVVEGTLRAVKAVLGSLE
R420A:F87Q:R214A:P281A,0.5013211264817373,0.460776405548045,0.44687116222482276,MLKNDQLDQWDRDNFFHPSTHLAQHARGESANRVIKTASGVFIEDRDGTKLLDAFAGLWCVNVGYGRQEIAEAIADQARELAYYHSQVGHGTEASITLAKMILDRAPKNMSKVYFGLGGSDANETNVKLIWYYNNILGRPEKKKIISRWRGFHGSGLVTGSLTGLELFHKKFDLPVEQVIHTEAPYYFRREDLNQTEEQFVAHCVAELEALIEAEGADTIAAFIGEPILGAGGIVPPPAGYWEAIQTVLNKHDILLVADEVVTGFGRLGTMFGSDHYGLEADIITIAKGLTSAYAPLSGSIVSDKVWKVLEQGTDENGPIGHGWTYSAHPIGAAAGVANLKLLDELNLVSNAGEVGAYLNATMAEALSQHANVGDVRGEGLLCAVEFVKDRDSRTFFDAADKIGPQISAKLLEQDKIIAAAMPQGDILGFAPPFCLTRAEADQVVEGTLRAVKAVLGSLE
A71V:G429Y:L58I:S393A,0.547530243344426,0.3814211488341698,0.5756675866246184,MLKNDQLDQWDRDNFFHPSTHLAQHARGESANRVIKTASGVFIEDRDGTKLLDAFAGIWCVNVGYGRQEIVEAIADQARELAYYHSFVGHGTEASITLAKMILDRAPKNMSKVYFGLGGSDANETNVKLIWYYNNILGRPEKKKIISRWRGFHGSGLVTGSLTGLELFHKKFDLPVEQVIHTEAPYYFRREDLNQTEEQFVAHCVAELEALIEREGADTIAAFIGEPILGAGGIVPPPAGYWEAIQTVLNKHDILLVADEVVTGFGRLGTMFGSDHYGLEPDIITIAKGLTSAYAPLSGSIVSDKVWKVLEQGTDENGPIGHGWTYSAHPIGAAAGVANLKLLDELNLVSNAGEVGAYLNATMAEALSQHANVGDVRGEGLLCAVEFVKDRDARTFFDAADKIGPQISAKLLEQDKIIARAMPQGDILYFAPPFCLTRAEADQVVEGTLRAVKAVLGSLE
N250K:K402E:F87L:S19W,0.5644699591455037,0.5187586644855589,0.5878130453406867,MLKNDQLDQWDRDNFFHPWTHLAQHARGESANRVIKTASGVFIEDRDGTKLLDAFAGLWCVNVGYGRQEIAEAIADQARELAYYHSLVGHGTEASITLAKMILDRAPKNMSKVYFGLGGSDANETNVKLIWYYNNILGRPEKKKIISRWRGFHGSGLVTGSLTGLELFHKKFDLPVEQVIHTEAPYYFRREDLNQTEEQFVAHCVAELEALIEREGADTIAAFIGEPILGAGGIVPPPAGYWEAIQTVLKKHDILLVADEVVTGFGRLGTMFGSDHYGLEPDIITIAKGLTSAYAPLSGSIVSDKVWKVLEQGTDENGPIGHGWTYSAHPIGAAAGVANLKLLDELNLVSNAGEVGAYLNATMAEALSQHANVGDVRGEGLLCAVEFVKDRDSRTFFDAADEIGPQISAKLLEQDKIIARAMPQGDILGFAPPFCLTRAEADQVVEGTLRAVKAVLGSLE
P423A:W59A:S393A:D401L,0.48215428542206473,0.49699877957992816,0.5692660031958267,MLKNDQLDQWDRDNFFHPSTHLAQHARGESANRVIKTASGVFIEDRDGTKLLDAFAGLACVNVGYGRQEIAEAIADQARELAYYHSFVGHGTEASITLAKMILDRAPKNMSKVYFGLGGSDANETNVKLIWYYNNILGRPEKKKIISRWRGFHGSGLVTGSLTGLELFHKKFDLPVEQVIHTEAPYYFRREDLNQTEEQFVAHCVAELEALIEREGADTIAAFIGEPILGAGGIVPPPAGYWEAIQTVLNKHDILLVADEVVTGFGRLGTMFGSDHYGLEPDIITIAKGLTSAYAPLSGSIVSDKVWKVLEQGTDENGPIGHGWTYSAHPIGAAAGVANLKLLDELNLVSNAGEVGAYLNATMAEALSQHANVGDVRGEGLLCAVEFVKDRDARTFFDAALKIGPQISAKLLEQDKIIARAMAQGDILGFAPPFCLTRAEADQVVEGTLRAVKAVLGSLE
V262Q:R214A:C60P:L165M,0.44964109206858366,0.3666517149249519,0.34440379081275396,MLKNDQLDQWDRDNFFHPSTHLAQHARGESANRVIKTASGVFIEDRDGTKLLDAFAGLWPVNVGYGRQEIAEAIADQARELAYYHSFVGHGTEASITLAKMILDRAPKNMSKVYFGLGGSDANETNVKLIWYYNNILGRPEKKKIISRWRGFHGSGLVTGSLTGMELFHKKFDLPVEQVIHTEAPYYFRREDLNQTEEQFVAHCVAELEALIEAEGADTIAAFIGEPILGAGGIVPPPAGYWEAIQTVLNKHDILLVADEVQTGFGRLGTMFGSDHYGLEPDIITIAKGLTSAYAPLSGSIVSDKVWKVLEQGTDENGPIGHGWTYSAHPIGAAAGVANLKLLDELNLVSNAGEVGAYLNATMAEALSQHANVGDVRGEGLLCAVEFVKDRDSRTFFDAADKIGPQISAKLLEQDKIIARAMPQGDILGFAPPFCLTRAEADQVVEGTLRAVKAVLGSLE
A231G:L167S:R391P:P281A,0.568317887046388,0.5289594049818033,0.5878706014652362,MLKNDQLDQWDRDNFFHPSTHLAQHARGESANRVIKTASGVFIEDRDGTKLLDAFAGLWCVNVGYGRQEIAEAIADQARELAYYHSFVGHGTEASITLAKMILDRAPKNMSKVYFGLGGSDANETNVKLIWYYNNILGRPEKKKIISRWRGFHGSGLVTGSLTGLESFHKKFDLPVEQVIHTEAPYYFRREDLNQTEEQFVAHCVAELEALIEREGADTIAAFIGEPILGGGGIVPPPAGYWEAIQTVLNKHDILLVADEVVTGFGRLGTMFGSDHYGLEADIITIAKGLTSAYAPLSGSIVSDKVWKVLEQGTDENGPIGHGWTYSAHPIGAAAGVANLKLLDELNLVSNAGEVGAYLNATMAEALSQHANVGDVRGEGLLCAVEFVKDPDSRTFFDAADKIGPQISAKLLEQDKIIARAMPQGDILGFAPPFCLTRAEADQVVEGTLRAVKAVLGSLE
I234V:K402E:F397L:D398E,0.5929997526117211,0.5894388890241035,0.6272902286918538,MLKNDQLDQWDRDNFFHPSTHLAQHARGESANRVIKTASGVFIEDRDGTKLLDAFAGLWCVNVGYGRQEIAEAIADQARELAYYHSFVGHGTEASITLAKMILDRAPKNMSKVYFGLGGSDANETNVKLIWYYNNILGRPEKKKIISRWRGFHGSGLVTGSLTGLELFHKKFDLPVEQVIHTEAPYYFRREDLNQTEEQFVAHCVAELEALIEREGADTIAAFIGEPILGAGGVVPPPAGYWEAIQTVLNKHDILLVADEVVTGFGRLGTMFGSDHYGLEPDIITIAKGLTSAYAPLSGSIVSDKVWKVLEQGTDENGPIGHGWTYSAHPIGAAAGVANLKLLDELNLVSNAGEVGAYLNATMAEALSQHANVGDVRGEGLLCAVEFVKDRDSRTFLEAADEIGPQISAKLLEQDKIIARAMPQGDILGFAPPFCLTRAEADQVVEGTLRAVKAVLGSLE
A231S:H252Y:L167F:E177G,0.5673686317389293,0.5679683654998935,0.6049357169911679,MLKNDQLDQWDRDNFFHPSTHLAQHARGESANRVIKTASGVFIEDRDGTKLLDAFAGLWCVNVGYGRQEIAEAIADQARELAYYHSFVGHGTEASITLAKMILDRAPKNMSKVYFGLGGSDANETNVKLIWYYNNILGRPEKKKIISRWRGFHGSGLVTGSLTGLEFFHKKFDLPVGQVIHTEAPYYFRREDLNQTEEQFVAHCVAELEALIEREGADTIAAFIGEPILGSGGIVPPPAGYWEAIQTVLNKYDILLVADEVVTGFGRLGTMFGSDHYGLEPDIITIAKGLTSAYAPLSGSIVSDKVWKVLEQGTDENGPIGHGWTYSAHPIGAAAGVANLKLLDELNLVSNAGEVGAYLNATMAEALSQHANVGDVRGEGLLCAVEFVKDRDSRTFFDAADKIGPQISAKLLEQDKIIARAMPQGDILGFAPPFCLTRAEADQVVEGTLRAVKAVLGSLE
G332S:P423Q:F397L:A56G,0.5176122138070544,0.4994946027104496,0.4907252032604275,MLKNDQLDQWDRDNFFHPSTHLAQHARGESANRVIKTASGVFIEDRDGTKLLDAFGGLWCVNVGYGRQEIAEAIADQARELAYYHSFVGHGTEASITLAKMILDRAPKNMSKVYFGLGGSDANETNVKLIWYYNNILGRPEKKKIISRWRGFHGSGLVTGSLTGLELFHKKFDLPVEQVIHTEAPYYFRREDLNQTEEQFVAHCVAELEALIEREGADTIAAFIGEPILGAGGIVPPPAGYWEAIQTVLNKHDILLVADEVVTGFGRLGTMFGSDHYGLEPDIITIAKGLTSAYAPLSGSIVSDKVWKVLEQGTDENGPIGHGWTYSAHPISAAAGVANLKLLDELNLVSNAGEVGAYLNATMAEALSQHANVGDVRGEGLLCAVEFVKDRDSRTFLDAADKIGPQISAKLLEQDKIIARAMQQGDILGFAPPFCLTRAEADQVVEGTLRAVKAVLGSLE
K402N:G429A:A231T:S155V,0.5640431109622852,0.5392501072033902,0.5823760816902996,MLKNDQLDQWDRDNFFHPSTHLAQHARGESANRVIKTASGVFIEDRDGTKLLDAFAGLWCVNVGYGRQEIAEAIADQARELAYYHSFVGHGTEASITLAKMILDRAPKNMSKVYFGLGGSDANETNVKLIWYYNNILGRPEKKKIISRWRGFHGVGLVTGSLTGLELFHKKFDLPVEQVIHTEAPYYFRREDLNQTEEQFVAHCVAELEALIEREGADTIAAFIGEPILGTGGIVPPPAGYWEAIQTVLNKHDILLVADEVVTGFGRLGTMFGSDHYGLEPDIITIAKGLTSAYAPLSGSIVSDKVWKVLEQGTDENGPIGHGWTYSAHPIGAAAGVANLKLLDELNLVSNAGEVGAYLNATMAEALSQHANVGDVRGEGLLCAVEFVKDRDSRTFFDAADNIGPQISAKLLEQDKIIARAMPQGDILAFAPPFCLTRAEADQVVEGTLRAVKAVLGSLE
V262I:Q406A:P423L:H252Y,0.5496005552876964,0.5197335484121416,0.6176723551935592,MLKNDQLDQWDRDNFFHPSTHLAQHARGESANRVIKTASGVFIEDRDGTKLLDAFAGLWCVNVGYGRQEIAEAIADQARELAYYHSFVGHGTEASITLAKMILDRAPKNMSKVYFGLGGSDANETNVKLIWYYNNILGRPEKKKIISRWRGFHGSGLVTGSLTGLELFHKKFDLPVEQVIHTEAPYYFRREDLNQTEEQFVAHCVAELEALIEREGADTIAAFIGEPILGAGGIVPPPAGYWEAIQTVLNKYDILLVADEVITGFGRLGTMFGSDHYGLEPDIITIAKGLTSAYAPLSGSIVSDKVWKVLEQGTDENGPIGHGWTYSAHPIGAAAGVANLKLLDELNLVSNAGEVGAYLNATMAEALSQHANVGDVRGEGLLCAVEFVKDRDSRTFFDAADKIGPAISAKLLEQDKIIARAMLQGDILGFAPPFCLTRAEADQVVEGTLRAVKAVLGSLE
G332A:K402N:S393D:M422S,0.653004169370558,0.6517195041037308,0.695204113208363,MLKNDQLDQWDRDNFFHPSTHLAQHARGESANRVIKTASGVFIEDRDGTKLLDAFAGLWCVNVGYGRQEIAEAIADQARELAYYHSFVGHGTEASITLAKMILDRAPKNMSKVYFGLGGSDANETNVKLIWYYNNILGRPEKKKIISRWRGFHGSGLVTGSLTGLELFHKKFDLPVEQVIHTEAPYYFRREDLNQTEEQFVAHCVAELEALIEREGADTIAAFIGEPILGAGGIVPPPAGYWEAIQTVLNKHDILLVADEVVTGFGRLGTMFGSDHYGLEPDIITIAKGLTSAYAPLSGSIVSDKVWKVLEQGTDENGPIGHGWTYSAHPIAAAAGVANLKLLDELNLVSNAGEVGAYLNATMAEALSQHANVGDVRGEGLLCAVEFVKDRDDRTFFDAADNIGPQISAKLLEQDKIIARASPQGDILGFAPPFCLTRAEADQVVEGTLRAVKAVLGSLE
L382F:P423L:A231T:S120T,0.417712859030642,0.4608250729397551,0.4424332304886065,MLKNDQLDQWDRDNFFHPSTHLAQHARGESANRVIKTASGVFIEDRDGTKLLDAFAGLWCVNVGYGRQEIAEAIADQARELAYYHSFVGHGTEASITLAKMILDRAPKNMSKVYFGLGGTDANETNVKLIWYYNNILGRPEKKKIISRWRGFHGSGLVTGSLTGLELFHKKFDLPVEQVIHTEAPYYFRREDLNQTEEQFVAHCVAELEALIEREGADTIAAFIGEPILGTGGIVPPPAGYWEAIQTVLNKHDILLVADEVVTGFGRLGTMFGSDHYGLEPDIITIAKGLTSAYAPLSGSIVSDKVWKVLEQGTDENGPIGHGWTYSAHPIGAAAGVANLKLLDELNLVSNAGEVGAYLNATMAEALSQHANVGDVRGEGLFCAVEFVKDRDSRTFFDAADKIGPQISAKLLEQDKIIARAMLQGDILGFAPPFCLTRAEADQVVEGTLRAVKAVLGSLE
H85M:A231V:R391K:D392A,0.4935559610468002,0.4854542713954249,0.46964893832958476,MLKNDQLDQWDRDNFFHPSTHLAQHARGESANRVIKTASGVFIEDRDGTKLLDAFAGLWCVNVGYGRQEIAEAIADQARELAYYMSFVGHGTEASITLAKMILDRAPKNMSKVYFGLGGSDANETNVKLIWYYNNILGRPEKKKIISRWRGFHGSGLVTGSLTGLELFHKKFDLPVEQVIHTEAPYYFRREDLNQTEEQFVAHCVAELEALIEREGADTIAAFIGEPILGVGGIVPPPAGYWEAIQTVLNKHDILLVADEVVTGFGRLGTMFGSDHYGLEPDIITIAKGLTSAYAPLSGSIVSDKVWKVLEQGTDENGPIGHGWTYSAHPIGAAAGVANLKLLDELNLVSNAGEVGAYLNATMAEALSQHANVGDVRGEGLLCAVEFVKDKASRTFFDAADKIGPQISAKLLEQDKIIARAMPQGDILGFAPPFCLTRAEADQVVEGTLRAVKAVLGSLE
A231E:S86T:R46T:D47Q,0.5355711923783127,0.5198780777595744,0.5507077453639505,MLKNDQLDQWDRDNFFHPSTHLAQHARGESANRVIKTASGVFIEDTQGTKLLDAFAGLWCVNVGYGRQEIAEAIADQARELAYYHTFVGHGTEASITLAKMILDRAPKNMSKVYFGLGGSDANETNVKLIWYYNNILGRPEKKKIISRWRGFHGSGLVTGSLTGLELFHKKFDLPVEQVIHTEAPYYFRREDLNQTEEQFVAHCVAELEALIEREGADTIAAFIGEPILGEGGIVPPPAGYWEAIQTVLNKHDILLVADEVVTGFGRLGTMFGSDHYGLEPDIITIAKGLTSAYAPLSGSIVSDKVWKVLEQGTDENGPIGHGWTYSAHPIGAAAGVANLKLLDELNLVSNAGEVGAYLNATMAEALSQHANVGDVRGEGLLCAVEFVKDRDSRTFFDAADKIGPQISAKLLEQDKIIARAMPQGDILGFAPPFCLTRAEADQVVEGTLRAVKAVLGSLE
WT,0.6744573021708798,0.642030938699658,0.7701853202491122,MLKNDQLDQWDRDNFFHPSTHLAQHARGESANRVIKTASGVFIEDRDGTKLLDAFAGLWCVNVGYGRQEIAEAIADQARELAYYHSFVGHGTEASITLAKMILDRAPKNMSKVYFGLGGSDANETNVKLIWYYNNILGRPEKKKIISRWRGFHGSGLVTGSLTGLELFHKKFDLPVEQVIHTEAPYYFRREDLNQTEEQFVAHCVAELEALIEREGADTIAAFIGEPILGAGGIVPPPAGYWEAIQTVLNKHDILLVADEVVTGFGRLGTMFGSDHYGLEPDIITIAKGLTSAYAPLSGSIVSDKVWKVLEQGTDENGPIGHGWTYSAHPIGAAAGVANLKLLDELNLVSNAGEVGAYLNATMAEALSQHANVGDVRGEGLLCAVEFVKDRDSRTFFDAADKIGPQISAKLLEQDKIIARAMPQGDILGFAPPFCLTRAEADQVVEGTLRAVKAVLGSLE
I234M:V262A:A56G:F168L,0.49477781046341857,0.46313815913780393,0.47138353617287493,MLKNDQLDQWDRDNFFHPSTHLAQHARGESANRVIKTASGVFIEDRDGTKLLDAFGGLWCVNVGYGRQEIAEAIADQARELAYYHSFVGHGTEASITLAKMILDRAPKNMSKVYFGLGGSDANETNVKLIWYYNNILGRPEKKKIISRWRGFHGSGLVTGSLTGLELLHKKFDLPVEQVIHTEAPYYFRREDLNQTEEQFVAHCVAELEALIEREGADTIAAFIGEPILGAGGMVPPPAGYWEAIQTVLNKHDILLVADEVATGFGRLGTMFGSDHYGLEPDIITIAKGLTSAYAPLSGSIVSDKVWKVLEQGTDENGPIGHGWTYSAHPIGAAAGVANLKLLDELNLVSNAGEVGAYLNATMAEALSQHANVGDVRGEGLLCAVEFVKDRDSRTFFDAADKIGPQISAKLLEQDKIIARAMPQGDILGFAPPFCLTRAEADQVVEGTLRAVKAVLGSLE
P423L:A231G:Q369D:H90R,0.5245048528567074,0.5236802263806366,0.5773047342465115,MLKNDQLDQWDRDNFFHPSTHLAQHARGESANRVIKTASGVFIEDRDGTKLLDAFAGLWCVNVGYGRQEIAEAIADQARELAYYHSFVGRGTEASITLAKMILDRAPKNMSKVYFGLGGSDANETNVKLIWYYNNILGRPEKKKIISRWRGFHGSGLVTGSLTGLELFHKKFDLPVEQVIHTEAPYYFRREDLNQTEEQFVAHCVAELEALIEREGADTIAAFIGEPILGGGGIVPPPAGYWEAIQTVLNKHDILLVADEVVTGFGRLGTMFGSDHYGLEPDIITIAKGLTSAYAPLSGSIVSDKVWKVLEQGTDENGPIGHGWTYSAHPIGAAAGVANLKLLDELNLVSNAGEVGAYLNATMAEALSDHANVGDVRGEGLLCAVEFVKDRDSRTFFDAADKIGPQISAKLLEQDKIIARAMLQGDILGFAPPFCLTRAEADQVVEGTLRAVKAVLGSLE
I234M:A231E:S155V:A399P,0.46652910714253015,0.46300516362797606,0.4722620927062682,MLKNDQLDQWDRDNFFHPSTHLAQHARGESANRVIKTASGVFIEDRDGTKLLDAFAGLWCVNVGYGRQEIAEAIADQARELAYYHSFVGHGTEASITLAKMILDRAPKNMSKVYFGLGGSDANETNVKLIWYYNNILGRPEKKKIISRWRGFHGVGLVTGSLTGLELFHKKFDLPVEQVIHTEAPYYFRREDLNQTEEQFVAHCVAELEALIEREGADTIAAFIGEPILGEGGMVPPPAGYWEAIQTVLNKHDILLVADEVVTGFGRLGTMFGSDHYGLEPDIITIAKGLTSAYAPLSGSIVSDKVWKVLEQGTDENGPIGHGWTYSAHPIGAAAGVANLKLLDELNLVSNAGEVGAYLNATMAEALSQHANVGDVRGEGLLCAVEFVKDRDSRTFFDPADKIGPQISAKLLEQDKIIARAMPQGDILGFAPPFCLTRAEADQVVEGTLRAVKAVLGSLE
