Unnamed: 0,mutant,mutated_sequence,Phenylethylamine Activity,(4-Chlorophenyl)phenylmethanamine Activity,1_3-Diphenyl-propane-1-amine Activity
0,V262Q:G332S:E280V:R46T,MLKNDQLDQWDRDNFFHPSTHLAQHARGESANRVIKTASGVFIEDTDGTKLLDAFAGLWCVNVGYGRQEIAEAIADQARELAYYHSFVGHGTEASITLAKMILDRAPKNMSKVYFGLGGSDANETNVKLIWYYNNILGRPEKKKIISRWRGFHGSGLVTGSLTGLELFHKKFDLPVEQVIHTEAPYYFRREDLNQTEEQFVAHCVAELEALIEREGADTIAAFIGEPILGAGGIVPPPAGYWEAIQTVLNKHDILLVADEVQTGFGRLGTMFGSDHYGLVPDIITIAKGLTSAYAPLSGSIVSDKVWKVLEQGTDENGPIGHGWTYSAHPISAAAGVANLKLLDELNLVSNAGEVGAYLNATMAEALSQHANVGDVRGEGLLCAVEFVKDRDSRTFFDAADKIGPQISAKLLEQDKIIARAMPQGDILGFAPPFCLTRAEADQVVEGTLRAVKAVLGSLEHHHHHH,93.0228,42.3604,86.1155
1,N250K:F87Q:L167A:P281S,MLKNDQLDQWDRDNFFHPSTHLAQHARGESANRVIKTASGVFIEDRDGTKLLDAFAGLWCVNVGYGRQEIAEAIADQARELAYYHSQVGHGTEASITLAKMILDRAPKNMSKVYFGLGGSDANETNVKLIWYYNNILGRPEKKKIISRWRGFHGSGLVTGSLTGLEAFHKKFDLPVEQVIHTEAPYYFRREDLNQTEEQFVAHCVAELEALIEREGADTIAAFIGEPILGAGGIVPPPAGYWEAIQTVLKKHDILLVADEVVTGFGRLGTMFGSDHYGLESDIITIAKGLTSAYAPLSGSIVSDKVWKVLEQGTDENGPIGHGWTYSAHPIGAAAGVANLKLLDELNLVSNAGEVGAYLNATMAEALSQHANVGDVRGEGLLCAVEFVKDRDSRTFFDAADKIGPQISAKLLEQDKIIARAMPQGDILGFAPPFCLTRAEADQVVEGTLRAVKAVLGSLEHHHHHH,87.9959,39.7473,82.2012
2,G332C:R420L:L58W:Q369G,MLKNDQLDQWDRDNFFHPSTHLAQHARGESANRVIKTASGVFIEDRDGTKLLDAFAGWWCVNVGYGRQEIAEAIADQARELAYYHSFVGHGTEASITLAKMILDRAPKNMSKVYFGLGGSDANETNVKLIWYYNNILGRPEKKKIISRWRGFHGSGLVTGSLTGLELFHKKFDLPVEQVIHTEAPYYFRREDLNQTEEQFVAHCVAELEALIEREGADTIAAFIGEPILGAGGIVPPPAGYWEAIQTVLNKHDILLVADEVVTGFGRLGTMFGSDHYGLEPDIITIAKGLTSAYAPLSGSIVSDKVWKVLEQGTDENGPIGHGWTYSAHPICAAAGVANLKLLDELNLVSNAGEVGAYLNATMAEALSGHANVGDVRGEGLLCAVEFVKDRDSRTFFDAADKIGPQISAKLLEQDKIIALAMPQGDILGFAPPFCLTRAEADQVVEGTLRAVKAVLGSLEHHHHHH,65.592,31.1227,63.149
3,A71I:K402V:W59A:E177G,MLKNDQLDQWDRDNFFHPSTHLAQHARGESANRVIKTASGVFIEDRDGTKLLDAFAGLACVNVGYGRQEIIEAIADQARELAYYHSFVGHGTEASITLAKMILDRAPKNMSKVYFGLGGSDANETNVKLIWYYNNILGRPEKKKIISRWRGFHGSGLVTGSLTGLELFHKKFDLPVGQVIHTEAPYYFRREDLNQTEEQFVAHCVAELEALIEREGADTIAAFIGEPILGAGGIVPPPAGYWEAIQTVLNKHDILLVADEVVTGFGRLGTMFGSDHYGLEPDIITIAKGLTSAYAPLSGSIVSDKVWKVLEQGTDENGPIGHGWTYSAHPIGAAAGVANLKLLDELNLVSNAGEVGAYLNATMAEALSQHANVGDVRGEGLLCAVEFVKDRDSRTFFDAADVIGPQISAKLLEQDKIIARAMPQGDILGFAPPFCLTRAEADQVVEGTLRAVKAVLGSLEHHHHHH,36.9316,19.0832,36.7943
4,P423L:G429Y:R394K:A399Q,MLKNDQLDQWDRDNFFHPSTHLAQHARGESANRVIKTASGVFIEDRDGTKLLDAFAGLWCVNVGYGRQEIAEAIADQARELAYYHSFVGHGTEASITLAKMILDRAPKNMSKVYFGLGGSDANETNVKLIWYYNNILGRPEKKKIISRWRGFHGSGLVTGSLTGLELFHKKFDLPVEQVIHTEAPYYFRREDLNQTEEQFVAHCVAELEALIEREGADTIAAFIGEPILGAGGIVPPPAGYWEAIQTVLNKHDILLVADEVVTGFGRLGTMFGSDHYGLEPDIITIAKGLTSAYAPLSGSIVSDKVWKVLEQGTDENGPIGHGWTYSAHPIGAAAGVANLKLLDELNLVSNAGEVGAYLNATMAEALSQHANVGDVRGEGLLCAVEFVKDRDSKTFFDQADKIGPQISAKLLEQDKIIARAMLQGDILYFAPPFCLTRAEADQVVEGTLRAVKAVLGSLEHHHHHH,51.2548,23.517,47.7032
5,W59F:E280K:L167N:R214A,MLKNDQLDQWDRDNFFHPSTHLAQHARGESANRVIKTASGVFIEDRDGTKLLDAFAGLFCVNVGYGRQEIAEAIADQARELAYYHSFVGHGTEASITLAKMILDRAPKNMSKVYFGLGGSDANETNVKLIWYYNNILGRPEKKKIISRWRGFHGSGLVTGSLTGLENFHKKFDLPVEQVIHTEAPYYFRREDLNQTEEQFVAHCVAELEALIEAEGADTIAAFIGEPILGAGGIVPPPAGYWEAIQTVLNKHDILLVADEVVTGFGRLGTMFGSDHYGLKPDIITIAKGLTSAYAPLSGSIVSDKVWKVLEQGTDENGPIGHGWTYSAHPIGAAAGVANLKLLDELNLVSNAGEVGAYLNATMAEALSQHANVGDVRGEGLLCAVEFVKDRDSRTFFDAADKIGPQISAKLLEQDKIIARAMPQGDILGFAPPFCLTRAEADQVVEGTLRAVKAVLGSLEHHHHHH,34.2839,16.6507,33.7815
6,K402V:C60P:Q369D:D392E,MLKNDQLDQWDRDNFFHPSTHLAQHARGESANRVIKTASGVFIEDRDGTKLLDAFAGLWPVNVGYGRQEIAEAIADQARELAYYHSFVGHGTEASITLAKMILDRAPKNMSKVYFGLGGSDANETNVKLIWYYNNILGRPEKKKIISRWRGFHGSGLVTGSLTGLELFHKKFDLPVEQVIHTEAPYYFRREDLNQTEEQFVAHCVAELEALIEREGADTIAAFIGEPILGAGGIVPPPAGYWEAIQTVLNKHDILLVADEVVTGFGRLGTMFGSDHYGLEPDIITIAKGLTSAYAPLSGSIVSDKVWKVLEQGTDENGPIGHGWTYSAHPIGAAAGVANLKLLDELNLVSNAGEVGAYLNATMAEALSDHANVGDVRGEGLLCAVEFVKDRESRTFFDAADVIGPQISAKLLEQDKIIARAMPQGDILGFAPPFCLTRAEADQVVEGTLRAVKAVLGSLEHHHHHH,49.9511,23.6041,47.8938
7,P423G:H85M:S120A:L167V,MLKNDQLDQWDRDNFFHPSTHLAQHARGESANRVIKTASGVFIEDRDGTKLLDAFAGLWCVNVGYGRQEIAEAIADQARELAYYMSFVGHGTEASITLAKMILDRAPKNMSKVYFGLGGADANETNVKLIWYYNNILGRPEKKKIISRWRGFHGSGLVTGSLTGLEVFHKKFDLPVEQVIHTEAPYYFRREDLNQTEEQFVAHCVAELEALIEREGADTIAAFIGEPILGAGGIVPPPAGYWEAIQTVLNKHDILLVADEVVTGFGRLGTMFGSDHYGLEPDIITIAKGLTSAYAPLSGSIVSDKVWKVLEQGTDENGPIGHGWTYSAHPIGAAAGVANLKLLDELNLVSNAGEVGAYLNATMAEALSQHANVGDVRGEGLLCAVEFVKDRDSRTFFDAADKIGPQISAKLLEQDKIIARAMGQGDILGFAPPFCLTRAEADQVVEGTLRAVKAVLGSLEHHHHHH,29.6943,16.4043,30.2904
8,L167N:L58W:P281A:M422A,MLKNDQLDQWDRDNFFHPSTHLAQHARGESANRVIKTASGVFIEDRDGTKLLDAFAGWWCVNVGYGRQEIAEAIADQARELAYYHSFVGHGTEASITLAKMILDRAPKNMSKVYFGLGGSDANETNVKLIWYYNNILGRPEKKKIISRWRGFHGSGLVTGSLTGLENFHKKFDLPVEQVIHTEAPYYFRREDLNQTEEQFVAHCVAELEALIEREGADTIAAFIGEPILGAGGIVPPPAGYWEAIQTVLNKHDILLVADEVVTGFGRLGTMFGSDHYGLEADIITIAKGLTSAYAPLSGSIVSDKVWKVLEQGTDENGPIGHGWTYSAHPIGAAAGVANLKLLDELNLVSNAGEVGAYLNATMAEALSQHANVGDVRGEGLLCAVEFVKDRDSRTFFDAADKIGPQISAKLLEQDKIIARAAPQGDILGFAPPFCLTRAEADQVVEGTLRAVKAVLGSLEHHHHHH,50.4416,24.5426,49.7786
9,H85M:E29A:Q369G:R391P,MLKNDQLDQWDRDNFFHPSTHLAQHARGASANRVIKTASGVFIEDRDGTKLLDAFAGLWCVNVGYGRQEIAEAIADQARELAYYMSFVGHGTEASITLAKMILDRAPKNMSKVYFGLGGSDANETNVKLIWYYNNILGRPEKKKIISRWRGFHGSGLVTGSLTGLELFHKKFDLPVEQVIHTEAPYYFRREDLNQTEEQFVAHCVAELEALIEREGADTIAAFIGEPILGAGGIVPPPAGYWEAIQTVLNKHDILLVADEVVTGFGRLGTMFGSDHYGLEPDIITIAKGLTSAYAPLSGSIVSDKVWKVLEQGTDENGPIGHGWTYSAHPIGAAAGVANLKLLDELNLVSNAGEVGAYLNATMAEALSGHANVGDVRGEGLLCAVEFVKDPDSRTFFDAADKIGPQISAKLLEQDKIIARAMPQGDILGFAPPFCLTRAEADQVVEGTLRAVKAVLGSLEHHHHHH,20.9463,12.2625,22.7396
10,I234F:N250D:L167V:M422A,MLKNDQLDQWDRDNFFHPSTHLAQHARGESANRVIKTASGVFIEDRDGTKLLDAFAGLWCVNVGYGRQEIAEAIADQARELAYYHSFVGHGTEASITLAKMILDRAPKNMSKVYFGLGGSDANETNVKLIWYYNNILGRPEKKKIISRWRGFHGSGLVTGSLTGLEVFHKKFDLPVEQVIHTEAPYYFRREDLNQTEEQFVAHCVAELEALIEREGADTIAAFIGEPILGAGGFVPPPAGYWEAIQTVLDKHDILLVADEVVTGFGRLGTMFGSDHYGLEPDIITIAKGLTSAYAPLSGSIVSDKVWKVLEQGTDENGPIGHGWTYSAHPIGAAAGVANLKLLDELNLVSNAGEVGAYLNATMAEALSQHANVGDVRGEGLLCAVEFVKDRDSRTFFDAADKIGPQISAKLLEQDKIIARAAPQGDILGFAPPFCLTRAEADQVVEGTLRAVKAVLGSLEHHHHHH,36.8747,18.233,36.9829
11,G332S:R420A:W59A:E29A,MLKNDQLDQWDRDNFFHPSTHLAQHARGASANRVIKTASGVFIEDRDGTKLLDAFAGLACVNVGYGRQEIAEAIADQARELAYYHSFVGHGTEASITLAKMILDRAPKNMSKVYFGLGGSDANETNVKLIWYYNNILGRPEKKKIISRWRGFHGSGLVTGSLTGLELFHKKFDLPVEQVIHTEAPYYFRREDLNQTEEQFVAHCVAELEALIEREGADTIAAFIGEPILGAGGIVPPPAGYWEAIQTVLNKHDILLVADEVVTGFGRLGTMFGSDHYGLEPDIITIAKGLTSAYAPLSGSIVSDKVWKVLEQGTDENGPIGHGWTYSAHPISAAAGVANLKLLDELNLVSNAGEVGAYLNATMAEALSQHANVGDVRGEGLLCAVEFVKDRDSRTFFDAADKIGPQISAKLLEQDKIIAAAMPQGDILGFAPPFCLTRAEADQVVEGTLRAVKAVLGSLEHHHHHH,63.1039,29.6963,60.2528
12,H85G:R46T:Q369D:A399Q,MLKNDQLDQWDRDNFFHPSTHLAQHARGESANRVIKTASGVFIEDTDGTKLLDAFAGLWCVNVGYGRQEIAEAIADQARELAYYGSFVGHGTEASITLAKMILDRAPKNMSKVYFGLGGSDANETNVKLIWYYNNILGRPEKKKIISRWRGFHGSGLVTGSLTGLELFHKKFDLPVEQVIHTEAPYYFRREDLNQTEEQFVAHCVAELEALIEREGADTIAAFIGEPILGAGGIVPPPAGYWEAIQTVLNKHDILLVADEVVTGFGRLGTMFGSDHYGLEPDIITIAKGLTSAYAPLSGSIVSDKVWKVLEQGTDENGPIGHGWTYSAHPIGAAAGVANLKLLDELNLVSNAGEVGAYLNATMAEALSDHANVGDVRGEGLLCAVEFVKDRDSRTFFDQADKIGPQISAKLLEQDKIIARAMPQGDILGFAPPFCLTRAEADQVVEGTLRAVKAVLGSLEHHHHHH,100.3396,45.9372,94.001
13,A231T:Y83S:C60P:F168L,MLKNDQLDQWDRDNFFHPSTHLAQHARGESANRVIKTASGVFIEDRDGTKLLDAFAGLWPVNVGYGRQEIAEAIADQARELASYHSFVGHGTEASITLAKMILDRAPKNMSKVYFGLGGSDANETNVKLIWYYNNILGRPEKKKIISRWRGFHGSGLVTGSLTGLELLHKKFDLPVEQVIHTEAPYYFRREDLNQTEEQFVAHCVAELEALIEREGADTIAAFIGEPILGTGGIVPPPAGYWEAIQTVLNKHDILLVADEVVTGFGRLGTMFGSDHYGLEPDIITIAKGLTSAYAPLSGSIVSDKVWKVLEQGTDENGPIGHGWTYSAHPIGAAAGVANLKLLDELNLVSNAGEVGAYLNATMAEALSQHANVGDVRGEGLLCAVEFVKDRDSRTFFDAADKIGPQISAKLLEQDKIIARAMPQGDILGFAPPFCLTRAEADQVVEGTLRAVKAVLGSLEHHHHHH,58.5305,28.31,57.4421
14,S368A:S393D:M422L:H90R,MLKNDQLDQWDRDNFFHPSTHLAQHARGESANRVIKTASGVFIEDRDGTKLLDAFAGLWCVNVGYGRQEIAEAIADQARELAYYHSFVGRGTEASITLAKMILDRAPKNMSKVYFGLGGSDANETNVKLIWYYNNILGRPEKKKIISRWRGFHGSGLVTGSLTGLELFHKKFDLPVEQVIHTEAPYYFRREDLNQTEEQFVAHCVAELEALIEREGADTIAAFIGEPILGAGGIVPPPAGYWEAIQTVLNKHDILLVADEVVTGFGRLGTMFGSDHYGLEPDIITIAKGLTSAYAPLSGSIVSDKVWKVLEQGTDENGPIGHGWTYSAHPIGAAAGVANLKLLDELNLVSNAGEVGAYLNATMAEALAQHANVGDVRGEGLLCAVEFVKDRDDRTFFDAADKIGPQISAKLLEQDKIIARALPQGDILGFAPPFCLTRAEADQVVEGTLRAVKAVLGSLEHHHHHH,74.754,35.171,71.363
15,I234V:W59F:S86T:E177G,MLKNDQLDQWDRDNFFHPSTHLAQHARGESANRVIKTASGVFIEDRDGTKLLDAFAGLFCVNVGYGRQEIAEAIADQARELAYYHTFVGHGTEASITLAKMILDRAPKNMSKVYFGLGGSDANETNVKLIWYYNNILGRPEKKKIISRWRGFHGSGLVTGSLTGLELFHKKFDLPVGQVIHTEAPYYFRREDLNQTEEQFVAHCVAELEALIEREGADTIAAFIGEPILGAGGVVPPPAGYWEAIQTVLNKHDILLVADEVVTGFGRLGTMFGSDHYGLEPDIITIAKGLTSAYAPLSGSIVSDKVWKVLEQGTDENGPIGHGWTYSAHPIGAAAGVANLKLLDELNLVSNAGEVGAYLNATMAEALSQHANVGDVRGEGLLCAVEFVKDRDSRTFFDAADKIGPQISAKLLEQDKIIARAMPQGDILGFAPPFCLTRAEADQVVEGTLRAVKAVLGSLEHHHHHH,87.2223,40.9232,83.0349
16,C60P:Q369G:L165I:F168N,MLKNDQLDQWDRDNFFHPSTHLAQHARGESANRVIKTASGVFIEDRDGTKLLDAFAGLWPVNVGYGRQEIAEAIADQARELAYYHSFVGHGTEASITLAKMILDRAPKNMSKVYFGLGGSDANETNVKLIWYYNNILGRPEKKKIISRWRGFHGSGLVTGSLTGIELNHKKFDLPVEQVIHTEAPYYFRREDLNQTEEQFVAHCVAELEALIEREGADTIAAFIGEPILGAGGIVPPPAGYWEAIQTVLNKHDILLVADEVVTGFGRLGTMFGSDHYGLEPDIITIAKGLTSAYAPLSGSIVSDKVWKVLEQGTDENGPIGHGWTYSAHPIGAAAGVANLKLLDELNLVSNAGEVGAYLNATMAEALSGHANVGDVRGEGLLCAVEFVKDRDSRTFFDAADKIGPQISAKLLEQDKIIARAMPQGDILGFAPPFCLTRAEADQVVEGTLRAVKAVLGSLEHHHHHH,71.6712,33.5741,68.1232
17,N250Y:V262A:W59Y:F168N,MLKNDQLDQWDRDNFFHPSTHLAQHARGESANRVIKTASGVFIEDRDGTKLLDAFAGLYCVNVGYGRQEIAEAIADQARELAYYHSFVGHGTEASITLAKMILDRAPKNMSKVYFGLGGSDANETNVKLIWYYNNILGRPEKKKIISRWRGFHGSGLVTGSLTGLELNHKKFDLPVEQVIHTEAPYYFRREDLNQTEEQFVAHCVAELEALIEREGADTIAAFIGEPILGAGGIVPPPAGYWEAIQTVLYKHDILLVADEVATGFGRLGTMFGSDHYGLEPDIITIAKGLTSAYAPLSGSIVSDKVWKVLEQGTDENGPIGHGWTYSAHPIGAAAGVANLKLLDELNLVSNAGEVGAYLNATMAEALSQHANVGDVRGEGLLCAVEFVKDRDSRTFFDAADKIGPQISAKLLEQDKIIARAMPQGDILGFAPPFCLTRAEADQVVEGTLRAVKAVLGSLEHHHHHH,56.6963,26.6618,54.098
18,N250R:H85G:Y83S:M422T,MLKNDQLDQWDRDNFFHPSTHLAQHARGESANRVIKTASGVFIEDRDGTKLLDAFAGLWCVNVGYGRQEIAEAIADQARELASYGSFVGHGTEASITLAKMILDRAPKNMSKVYFGLGGSDANETNVKLIWYYNNILGRPEKKKIISRWRGFHGSGLVTGSLTGLELFHKKFDLPVEQVIHTEAPYYFRREDLNQTEEQFVAHCVAELEALIEREGADTIAAFIGEPILGAGGIVPPPAGYWEAIQTVLRKHDILLVADEVVTGFGRLGTMFGSDHYGLEPDIITIAKGLTSAYAPLSGSIVSDKVWKVLEQGTDENGPIGHGWTYSAHPIGAAAGVANLKLLDELNLVSNAGEVGAYLNATMAEALSQHANVGDVRGEGLLCAVEFVKDRDSRTFFDAADKIGPQISAKLLEQDKIIARATPQGDILGFAPPFCLTRAEADQVVEGTLRAVKAVLGSLEHHHHHH,62.8963,28.6708,58.1742
19,F87Y:Y83S:A399P:L165M,MLKNDQLDQWDRDNFFHPSTHLAQHARGESANRVIKTASGVFIEDRDGTKLLDAFAGLWCVNVGYGRQEIAEAIADQARELASYHSYVGHGTEASITLAKMILDRAPKNMSKVYFGLGGSDANETNVKLIWYYNNILGRPEKKKIISRWRGFHGSGLVTGSLTGMELFHKKFDLPVEQVIHTEAPYYFRREDLNQTEEQFVAHCVAELEALIEREGADTIAAFIGEPILGAGGIVPPPAGYWEAIQTVLNKHDILLVADEVVTGFGRLGTMFGSDHYGLEPDIITIAKGLTSAYAPLSGSIVSDKVWKVLEQGTDENGPIGHGWTYSAHPIGAAAGVANLKLLDELNLVSNAGEVGAYLNATMAEALSQHANVGDVRGEGLLCAVEFVKDRDSRTFFDPADKIGPQISAKLLEQDKIIARAMPQGDILGFAPPFCLTRAEADQVVEGTLRAVKAVLGSLEHHHHHH,92.3886,43.1598,87.5726
20,N250R:F87L:H252R:Q369D,MLKNDQLDQWDRDNFFHPSTHLAQHARGESANRVIKTASGVFIEDRDGTKLLDAFAGLWCVNVGYGRQEIAEAIADQARELAYYHSLVGHGTEASITLAKMILDRAPKNMSKVYFGLGGSDANETNVKLIWYYNNILGRPEKKKIISRWRGFHGSGLVTGSLTGLELFHKKFDLPVEQVIHTEAPYYFRREDLNQTEEQFVAHCVAELEALIEREGADTIAAFIGEPILGAGGIVPPPAGYWEAIQTVLRKRDILLVADEVVTGFGRLGTMFGSDHYGLEPDIITIAKGLTSAYAPLSGSIVSDKVWKVLEQGTDENGPIGHGWTYSAHPIGAAAGVANLKLLDELNLVSNAGEVGAYLNATMAEALSDHANVGDVRGEGLLCAVEFVKDRDSRTFFDAADKIGPQISAKLLEQDKIIARAMPQGDILGFAPPFCLTRAEADQVVEGTLRAVKAVLGSLEHHHHHH,60.7933,28.6318,58.0905
21,W59L:R46T:D401R:S19W,MLKNDQLDQWDRDNFFHPWTHLAQHARGESANRVIKTASGVFIEDTDGTKLLDAFAGLLCVNVGYGRQEIAEAIADQARELAYYHSFVGHGTEASITLAKMILDRAPKNMSKVYFGLGGSDANETNVKLIWYYNNILGRPEKKKIISRWRGFHGSGLVTGSLTGLELFHKKFDLPVEQVIHTEAPYYFRREDLNQTEEQFVAHCVAELEALIEREGADTIAAFIGEPILGAGGIVPPPAGYWEAIQTVLNKHDILLVADEVVTGFGRLGTMFGSDHYGLEPDIITIAKGLTSAYAPLSGSIVSDKVWKVLEQGTDENGPIGHGWTYSAHPIGAAAGVANLKLLDELNLVSNAGEVGAYLNATMAEALSQHANVGDVRGEGLLCAVEFVKDRDSRTFFDAARKIGPQISAKLLEQDKIIARAMPQGDILGFAPPFCLTRAEADQVVEGTLRAVKAVLGSLEHHHHHH,65.5608,32.8331,66.6198
22,I234M:L382I:H85G:R391K,MLKNDQLDQWDRDNFFHPSTHLAQHARGESANRVIKTASGVFIEDRDGTKLLDAFAGLWCVNVGYGRQEIAEAIADQARELAYYGSFVGHGTEASITLAKMILDRAPKNMSKVYFGLGGSDANETNVKLIWYYNNILGRPEKKKIISRWRGFHGSGLVTGSLTGLELFHKKFDLPVEQVIHTEAPYYFRREDLNQTEEQFVAHCVAELEALIEREGADTIAAFIGEPILGAGGMVPPPAGYWEAIQTVLNKHDILLVADEVVTGFGRLGTMFGSDHYGLEPDIITIAKGLTSAYAPLSGSIVSDKVWKVLEQGTDENGPIGHGWTYSAHPIGAAAGVANLKLLDELNLVSNAGEVGAYLNATMAEALSQHANVGDVRGEGLICAVEFVKDKDSRTFFDAADKIGPQISAKLLEQDKIIARAMPQGDILGFAPPFCLTRAEADQVVEGTLRAVKAVLGSLEHHHHHH,49.0547,23.836,48.3643
23,L382F:R420A:P423A:F168Y,MLKNDQLDQWDRDNFFHPSTHLAQHARGESANRVIKTASGVFIEDRDGTKLLDAFAGLWCVNVGYGRQEIAEAIADQARELAYYHSFVGHGTEASITLAKMILDRAPKNMSKVYFGLGGSDANETNVKLIWYYNNILGRPEKKKIISRWRGFHGSGLVTGSLTGLELYHKKFDLPVEQVIHTEAPYYFRREDLNQTEEQFVAHCVAELEALIEREGADTIAAFIGEPILGAGGIVPPPAGYWEAIQTVLNKHDILLVADEVVTGFGRLGTMFGSDHYGLEPDIITIAKGLTSAYAPLSGSIVSDKVWKVLEQGTDENGPIGHGWTYSAHPIGAAAGVANLKLLDELNLVSNAGEVGAYLNATMAEALSQHANVGDVRGEGLFCAVEFVKDRDSRTFFDAADKIGPQISAKLLEQDKIIAAAMAQGDILGFAPPFCLTRAEADQVVEGTLRAVKAVLGSLEHHHHHH,98.5514,45.5979,92.5201
24,I234V:A231S:R391K:H90R,MLKNDQLDQWDRDNFFHPSTHLAQHARGESANRVIKTASGVFIEDRDGTKLLDAFAGLWCVNVGYGRQEIAEAIADQARELAYYHSFVGRGTEASITLAKMILDRAPKNMSKVYFGLGGSDANETNVKLIWYYNNILGRPEKKKIISRWRGFHGSGLVTGSLTGLELFHKKFDLPVEQVIHTEAPYYFRREDLNQTEEQFVAHCVAELEALIEREGADTIAAFIGEPILGSGGVVPPPAGYWEAIQTVLNKHDILLVADEVVTGFGRLGTMFGSDHYGLEPDIITIAKGLTSAYAPLSGSIVSDKVWKVLEQGTDENGPIGHGWTYSAHPIGAAAGVANLKLLDELNLVSNAGEVGAYLNATMAEALSQHANVGDVRGEGLLCAVEFVKDKDSRTFFDAADKIGPQISAKLLEQDKIIARAMPQGDILGFAPPFCLTRAEADQVVEGTLRAVKAVLGSLEHHHHHH,46.2301,22.3773,45.4046
25,L382M:H252R:C60P:R394K,MLKNDQLDQWDRDNFFHPSTHLAQHARGESANRVIKTASGVFIEDRDGTKLLDAFAGLWPVNVGYGRQEIAEAIADQARELAYYHSFVGHGTEASITLAKMILDRAPKNMSKVYFGLGGSDANETNVKLIWYYNNILGRPEKKKIISRWRGFHGSGLVTGSLTGLELFHKKFDLPVEQVIHTEAPYYFRREDLNQTEEQFVAHCVAELEALIEREGADTIAAFIGEPILGAGGIVPPPAGYWEAIQTVLNKRDILLVADEVVTGFGRLGTMFGSDHYGLEPDIITIAKGLTSAYAPLSGSIVSDKVWKVLEQGTDENGPIGHGWTYSAHPIGAAAGVANLKLLDELNLVSNAGEVGAYLNATMAEALSQHANVGDVRGEGLMCAVEFVKDRDSKTFFDAADKIGPQISAKLLEQDKIIARAMPQGDILGFAPPFCLTRAEADQVVEGTLRAVKAVLGSLEHHHHHH,39.0559,20.0162,38.7365
26,A71V:P423H:L167S:F168Y,MLKNDQLDQWDRDNFFHPSTHLAQHARGESANRVIKTASGVFIEDRDGTKLLDAFAGLWCVNVGYGRQEIVEAIADQARELAYYHSFVGHGTEASITLAKMILDRAPKNMSKVYFGLGGSDANETNVKLIWYYNNILGRPEKKKIISRWRGFHGSGLVTGSLTGLESYHKKFDLPVEQVIHTEAPYYFRREDLNQTEEQFVAHCVAELEALIEREGADTIAAFIGEPILGAGGIVPPPAGYWEAIQTVLNKHDILLVADEVVTGFGRLGTMFGSDHYGLEPDIITIAKGLTSAYAPLSGSIVSDKVWKVLEQGTDENGPIGHGWTYSAHPIGAAAGVANLKLLDELNLVSNAGEVGAYLNATMAEALSQHANVGDVRGEGLLCAVEFVKDRDSRTFFDAADKIGPQISAKLLEQDKIIARAMHQGDILGFAPPFCLTRAEADQVVEGTLRAVKAVLGSLEHHHHHH,83.0686,36.6867,76.9065
27,N250D:V262M:F152W:H90K,MLKNDQLDQWDRDNFFHPSTHLAQHARGESANRVIKTASGVFIEDRDGTKLLDAFAGLWCVNVGYGRQEIAEAIADQARELAYYHSFVGKGTEASITLAKMILDRAPKNMSKVYFGLGGSDANETNVKLIWYYNNILGRPEKKKIISRWRGWHGSGLVTGSLTGLELFHKKFDLPVEQVIHTEAPYYFRREDLNQTEEQFVAHCVAELEALIEREGADTIAAFIGEPILGAGGIVPPPAGYWEAIQTVLDKHDILLVADEVMTGFGRLGTMFGSDHYGLEPDIITIAKGLTSAYAPLSGSIVSDKVWKVLEQGTDENGPIGHGWTYSAHPIGAAAGVANLKLLDELNLVSNAGEVGAYLNATMAEALSQHANVGDVRGEGLLCAVEFVKDRDSRTFFDAADKIGPQISAKLLEQDKIIARAMPQGDILGFAPPFCLTRAEADQVVEGTLRAVKAVLGSLEHHHHHH,78.0348,37.5725,76.2363
28,N250K:S86A:D47Q:R394G,MLKNDQLDQWDRDNFFHPSTHLAQHARGESANRVIKTASGVFIEDRQGTKLLDAFAGLWCVNVGYGRQEIAEAIADQARELAYYHAFVGHGTEASITLAKMILDRAPKNMSKVYFGLGGSDANETNVKLIWYYNNILGRPEKKKIISRWRGFHGSGLVTGSLTGLELFHKKFDLPVEQVIHTEAPYYFRREDLNQTEEQFVAHCVAELEALIEREGADTIAAFIGEPILGAGGIVPPPAGYWEAIQTVLKKHDILLVADEVVTGFGRLGTMFGSDHYGLEPDIITIAKGLTSAYAPLSGSIVSDKVWKVLEQGTDENGPIGHGWTYSAHPIGAAAGVANLKLLDELNLVSNAGEVGAYLNATMAEALSQHANVGDVRGEGLLCAVEFVKDRDSGTFFDAADKIGPQISAKLLEQDKIIARAMPQGDILGFAPPFCLTRAEADQVVEGTLRAVKAVLGSLEHHHHHH,55.1469,25.8702,52.0078
29,V262I:D47Q:M422T:H90K,MLKNDQLDQWDRDNFFHPSTHLAQHARGESANRVIKTASGVFIEDRQGTKLLDAFAGLWCVNVGYGRQEIAEAIADQARELAYYHSFVGKGTEASITLAKMILDRAPKNMSKVYFGLGGSDANETNVKLIWYYNNILGRPEKKKIISRWRGFHGSGLVTGSLTGLELFHKKFDLPVEQVIHTEAPYYFRREDLNQTEEQFVAHCVAELEALIEREGADTIAAFIGEPILGAGGIVPPPAGYWEAIQTVLNKHDILLVADEVITGFGRLGTMFGSDHYGLEPDIITIAKGLTSAYAPLSGSIVSDKVWKVLEQGTDENGPIGHGWTYSAHPIGAAAGVANLKLLDELNLVSNAGEVGAYLNATMAEALSQHANVGDVRGEGLLCAVEFVKDRDSRTFFDAADKIGPQISAKLLEQDKIIARATPQGDILGFAPPFCLTRAEADQVVEGTLRAVKAVLGSLEHHHHHH,63.4226,30.2909,61.4616
30,G332S:D392E:D401L:H90K,MLKNDQLDQWDRDNFFHPSTHLAQHARGESANRVIKTASGVFIEDRDGTKLLDAFAGLWCVNVGYGRQEIAEAIADQARELAYYHSFVGKGTEASITLAKMILDRAPKNMSKVYFGLGGSDANETNVKLIWYYNNILGRPEKKKIISRWRGFHGSGLVTGSLTGLELFHKKFDLPVEQVIHTEAPYYFRREDLNQTEEQFVAHCVAELEALIEREGADTIAAFIGEPILGAGGIVPPPAGYWEAIQTVLNKHDILLVADEVVTGFGRLGTMFGSDHYGLEPDIITIAKGLTSAYAPLSGSIVSDKVWKVLEQGTDENGPIGHGWTYSAHPISAAAGVANLKLLDELNLVSNAGEVGAYLNATMAEALSQHANVGDVRGEGLLCAVEFVKDRESRTFFDAALKIGPQISAKLLEQDKIIARAMPQGDILGFAPPFCLTRAEADQVVEGTLRAVKAVLGSLEHHHHHH,101.3002,44.4561,93.0883
31,P423H:W59G:Q369D:D398E,MLKNDQLDQWDRDNFFHPSTHLAQHARGESANRVIKTASGVFIEDRDGTKLLDAFAGLGCVNVGYGRQEIAEAIADQARELAYYHSFVGHGTEASITLAKMILDRAPKNMSKVYFGLGGSDANETNVKLIWYYNNILGRPEKKKIISRWRGFHGSGLVTGSLTGLELFHKKFDLPVEQVIHTEAPYYFRREDLNQTEEQFVAHCVAELEALIEREGADTIAAFIGEPILGAGGIVPPPAGYWEAIQTVLNKHDILLVADEVVTGFGRLGTMFGSDHYGLEPDIITIAKGLTSAYAPLSGSIVSDKVWKVLEQGTDENGPIGHGWTYSAHPIGAAAGVANLKLLDELNLVSNAGEVGAYLNATMAEALSDHANVGDVRGEGLLCAVEFVKDRDSRTFFEAADKIGPQISAKLLEQDKIIARAMHQGDILGFAPPFCLTRAEADQVVEGTLRAVKAVLGSLEHHHHHH,71.5807,33.1956,67.3555
32,K402N:W59F:Y83H:D47E,MLKNDQLDQWDRDNFFHPSTHLAQHARGESANRVIKTASGVFIEDREGTKLLDAFAGLFCVNVGYGRQEIAEAIADQARELAHYHSFVGHGTEASITLAKMILDRAPKNMSKVYFGLGGSDANETNVKLIWYYNNILGRPEKKKIISRWRGFHGSGLVTGSLTGLELFHKKFDLPVEQVIHTEAPYYFRREDLNQTEEQFVAHCVAELEALIEREGADTIAAFIGEPILGAGGIVPPPAGYWEAIQTVLNKHDILLVADEVVTGFGRLGTMFGSDHYGLEPDIITIAKGLTSAYAPLSGSIVSDKVWKVLEQGTDENGPIGHGWTYSAHPIGAAAGVANLKLLDELNLVSNAGEVGAYLNATMAEALSQHANVGDVRGEGLLCAVEFVKDRDSRTFFDAADNIGPQISAKLLEQDKIIARAMPQGDILGFAPPFCLTRAEADQVVEGTLRAVKAVLGSLEHHHHHH,71.1984,33.3701,67.7094
33,F152Y:E280K:E177G:Y83H,MLKNDQLDQWDRDNFFHPSTHLAQHARGESANRVIKTASGVFIEDRDGTKLLDAFAGLWCVNVGYGRQEIAEAIADQARELAHYHSFVGHGTEASITLAKMILDRAPKNMSKVYFGLGGSDANETNVKLIWYYNNILGRPEKKKIISRWRGYHGSGLVTGSLTGLELFHKKFDLPVGQVIHTEAPYYFRREDLNQTEEQFVAHCVAELEALIEREGADTIAAFIGEPILGAGGIVPPPAGYWEAIQTVLNKHDILLVADEVVTGFGRLGTMFGSDHYGLKPDIITIAKGLTSAYAPLSGSIVSDKVWKVLEQGTDENGPIGHGWTYSAHPIGAAAGVANLKLLDELNLVSNAGEVGAYLNATMAEALSQHANVGDVRGEGLLCAVEFVKDRDSRTFFDAADKIGPQISAKLLEQDKIIARAMPQGDILGFAPPFCLTRAEADQVVEGTLRAVKAVLGSLEHHHHHH,63.571,30.3528,61.5867
34,D398E:D401L:L165M:H90R,MLKNDQLDQWDRDNFFHPSTHLAQHARGESANRVIKTASGVFIEDRDGTKLLDAFAGLWCVNVGYGRQEIAEAIADQARELAYYHSFVGRGTEASITLAKMILDRAPKNMSKVYFGLGGSDANETNVKLIWYYNNILGRPEKKKIISRWRGFHGSGLVTGSLTGMELFHKKFDLPVEQVIHTEAPYYFRREDLNQTEEQFVAHCVAELEALIEREGADTIAAFIGEPILGAGGIVPPPAGYWEAIQTVLNKHDILLVADEVVTGFGRLGTMFGSDHYGLEPDIITIAKGLTSAYAPLSGSIVSDKVWKVLEQGTDENGPIGHGWTYSAHPIGAAAGVANLKLLDELNLVSNAGEVGAYLNATMAEALSQHANVGDVRGEGLLCAVEFVKDRDSRTFFEAALKIGPQISAKLLEQDKIIARAMPQGDILGFAPPFCLTRAEADQVVEGTLRAVKAVLGSLEHHHHHH,67.2044,31.9062,64.7228
35,F152W:A231S:D401G:P281S,MLKNDQLDQWDRDNFFHPSTHLAQHARGESANRVIKTASGVFIEDRDGTKLLDAFAGLWCVNVGYGRQEIAEAIADQARELAYYHSFVGHGTEASITLAKMILDRAPKNMSKVYFGLGGSDANETNVKLIWYYNNILGRPEKKKIISRWRGWHGSGLVTGSLTGLELFHKKFDLPVEQVIHTEAPYYFRREDLNQTEEQFVAHCVAELEALIEREGADTIAAFIGEPILGSGGIVPPPAGYWEAIQTVLNKHDILLVADEVVTGFGRLGTMFGSDHYGLESDIITIAKGLTSAYAPLSGSIVSDKVWKVLEQGTDENGPIGHGWTYSAHPIGAAAGVANLKLLDELNLVSNAGEVGAYLNATMAEALSQHANVGDVRGEGLLCAVEFVKDRDSRTFFDAAGKIGPQISAKLLEQDKIIARAMPQGDILGFAPPFCLTRAEADQVVEGTLRAVKAVLGSLEHHHHHH,66.8996,32.1,65.1322
36,P423Q:F87Y:F152Y:A231E,MLKNDQLDQWDRDNFFHPSTHLAQHARGESANRVIKTASGVFIEDRDGTKLLDAFAGLWCVNVGYGRQEIAEAIADQARELAYYHSYVGHGTEASITLAKMILDRAPKNMSKVYFGLGGSDANETNVKLIWYYNNILGRPEKKKIISRWRGYHGSGLVTGSLTGLELFHKKFDLPVEQVIHTEAPYYFRREDLNQTEEQFVAHCVAELEALIEREGADTIAAFIGEPILGEGGIVPPPAGYWEAIQTVLNKHDILLVADEVVTGFGRLGTMFGSDHYGLEPDIITIAKGLTSAYAPLSGSIVSDKVWKVLEQGTDENGPIGHGWTYSAHPIGAAAGVANLKLLDELNLVSNAGEVGAYLNATMAEALSQHANVGDVRGEGLLCAVEFVKDRDSRTFFDAADKIGPQISAKLLEQDKIIARAMQQGDILGFAPPFCLTRAEADQVVEGTLRAVKAVLGSLEHHHHHH,36.9352,18.287,37.1051
37,K402V:A231V:H252Y:S155V,MLKNDQLDQWDRDNFFHPSTHLAQHARGESANRVIKTASGVFIEDRDGTKLLDAFAGLWCVNVGYGRQEIAEAIADQARELAYYHSFVGHGTEASITLAKMILDRAPKNMSKVYFGLGGSDANETNVKLIWYYNNILGRPEKKKIISRWRGFHGVGLVTGSLTGLELFHKKFDLPVEQVIHTEAPYYFRREDLNQTEEQFVAHCVAELEALIEREGADTIAAFIGEPILGVGGIVPPPAGYWEAIQTVLNKYDILLVADEVVTGFGRLGTMFGSDHYGLEPDIITIAKGLTSAYAPLSGSIVSDKVWKVLEQGTDENGPIGHGWTYSAHPIGAAAGVANLKLLDELNLVSNAGEVGAYLNATMAEALSQHANVGDVRGEGLLCAVEFVKDRDSRTFFDAADVIGPQISAKLLEQDKIIARAMPQGDILGFAPPFCLTRAEADQVVEGTLRAVKAVLGSLEHHHHHH,50.6377,24.5827,49.878
38,Q406K:S86A:R214S:R394K,MLKNDQLDQWDRDNFFHPSTHLAQHARGESANRVIKTASGVFIEDRDGTKLLDAFAGLWCVNVGYGRQEIAEAIADQARELAYYHAFVGHGTEASITLAKMILDRAPKNMSKVYFGLGGSDANETNVKLIWYYNNILGRPEKKKIISRWRGFHGSGLVTGSLTGLELFHKKFDLPVEQVIHTEAPYYFRREDLNQTEEQFVAHCVAELEALIESEGADTIAAFIGEPILGAGGIVPPPAGYWEAIQTVLNKHDILLVADEVVTGFGRLGTMFGSDHYGLEPDIITIAKGLTSAYAPLSGSIVSDKVWKVLEQGTDENGPIGHGWTYSAHPIGAAAGVANLKLLDELNLVSNAGEVGAYLNATMAEALSQHANVGDVRGEGLLCAVEFVKDRDSKTFFDAADKIGPKISAKLLEQDKIIARAMPQGDILGFAPPFCLTRAEADQVVEGTLRAVKAVLGSLEHHHHHH,58.3219,27.166,55.2456
39,P423H:S86A:A399Q:L165M,MLKNDQLDQWDRDNFFHPSTHLAQHARGESANRVIKTASGVFIEDRDGTKLLDAFAGLWCVNVGYGRQEIAEAIADQARELAYYHAFVGHGTEASITLAKMILDRAPKNMSKVYFGLGGSDANETNVKLIWYYNNILGRPEKKKIISRWRGFHGSGLVTGSLTGMELFHKKFDLPVEQVIHTEAPYYFRREDLNQTEEQFVAHCVAELEALIEREGADTIAAFIGEPILGAGGIVPPPAGYWEAIQTVLNKHDILLVADEVVTGFGRLGTMFGSDHYGLEPDIITIAKGLTSAYAPLSGSIVSDKVWKVLEQGTDENGPIGHGWTYSAHPIGAAAGVANLKLLDELNLVSNAGEVGAYLNATMAEALSQHANVGDVRGEGLLCAVEFVKDRDSRTFFDQADKIGPQISAKLLEQDKIIARAMHQGDILGFAPPFCLTRAEADQVVEGTLRAVKAVLGSLEHHHHHH,87.9137,39.0082,81.6261
40,N250K:Q406A:D401G:M422S,MLKNDQLDQWDRDNFFHPSTHLAQHARGESANRVIKTASGVFIEDRDGTKLLDAFAGLWCVNVGYGRQEIAEAIADQARELAYYHSFVGHGTEASITLAKMILDRAPKNMSKVYFGLGGSDANETNVKLIWYYNNILGRPEKKKIISRWRGFHGSGLVTGSLTGLELFHKKFDLPVEQVIHTEAPYYFRREDLNQTEEQFVAHCVAELEALIEREGADTIAAFIGEPILGAGGIVPPPAGYWEAIQTVLKKHDILLVADEVVTGFGRLGTMFGSDHYGLEPDIITIAKGLTSAYAPLSGSIVSDKVWKVLEQGTDENGPIGHGWTYSAHPIGAAAGVANLKLLDELNLVSNAGEVGAYLNATMAEALSQHANVGDVRGEGLLCAVEFVKDRDSRTFFDAAGKIGPAISAKLLEQDKIIARASPQGDILGFAPPFCLTRAEADQVVEGTLRAVKAVLGSLEHHHHHH,75.9745,35.3439,71.7143
41,W59L:S155A:A56G:M422L,MLKNDQLDQWDRDNFFHPSTHLAQHARGESANRVIKTASGVFIEDRDGTKLLDAFGGLLCVNVGYGRQEIAEAIADQARELAYYHSFVGHGTEASITLAKMILDRAPKNMSKVYFGLGGSDANETNVKLIWYYNNILGRPEKKKIISRWRGFHGAGLVTGSLTGLELFHKKFDLPVEQVIHTEAPYYFRREDLNQTEEQFVAHCVAELEALIEREGADTIAAFIGEPILGAGGIVPPPAGYWEAIQTVLNKHDILLVADEVVTGFGRLGTMFGSDHYGLEPDIITIAKGLTSAYAPLSGSIVSDKVWKVLEQGTDENGPIGHGWTYSAHPIGAAAGVANLKLLDELNLVSNAGEVGAYLNATMAEALSQHANVGDVRGEGLLCAVEFVKDRDSRTFFDAADKIGPQISAKLLEQDKIIARALPQGDILGFAPPFCLTRAEADQVVEGTLRAVKAVLGSLEHHHHHH,69.5145,32.4374,65.817
42,N250R:V262A:L167F:R394G,MLKNDQLDQWDRDNFFHPSTHLAQHARGESANRVIKTASGVFIEDRDGTKLLDAFAGLWCVNVGYGRQEIAEAIADQARELAYYHSFVGHGTEASITLAKMILDRAPKNMSKVYFGLGGSDANETNVKLIWYYNNILGRPEKKKIISRWRGFHGSGLVTGSLTGLEFFHKKFDLPVEQVIHTEAPYYFRREDLNQTEEQFVAHCVAELEALIEREGADTIAAFIGEPILGAGGIVPPPAGYWEAIQTVLRKHDILLVADEVATGFGRLGTMFGSDHYGLEPDIITIAKGLTSAYAPLSGSIVSDKVWKVLEQGTDENGPIGHGWTYSAHPIGAAAGVANLKLLDELNLVSNAGEVGAYLNATMAEALSQHANVGDVRGEGLLCAVEFVKDRDSGTFFDAADKIGPQISAKLLEQDKIIARAMPQGDILGFAPPFCLTRAEADQVVEGTLRAVKAVLGSLEHHHHHH,44.9484,20.7655,42.1341
43,W59A:S86A:A231S:A56S,MLKNDQLDQWDRDNFFHPSTHLAQHARGESANRVIKTASGVFIEDRDGTKLLDAFSGLACVNVGYGRQEIAEAIADQARELAYYHAFVGHGTEASITLAKMILDRAPKNMSKVYFGLGGSDANETNVKLIWYYNNILGRPEKKKIISRWRGFHGSGLVTGSLTGLELFHKKFDLPVEQVIHTEAPYYFRREDLNQTEEQFVAHCVAELEALIEREGADTIAAFIGEPILGSGGIVPPPAGYWEAIQTVLNKHDILLVADEVVTGFGRLGTMFGSDHYGLEPDIITIAKGLTSAYAPLSGSIVSDKVWKVLEQGTDENGPIGHGWTYSAHPIGAAAGVANLKLLDELNLVSNAGEVGAYLNATMAEALSQHANVGDVRGEGLLCAVEFVKDRDSRTFFDAADKIGPQISAKLLEQDKIIARAMPQGDILGFAPPFCLTRAEADQVVEGTLRAVKAVLGSLEHHHHHH,70.6465,33.2322,67.4296
44,V262A:R420K:W59G:E29K,MLKNDQLDQWDRDNFFHPSTHLAQHARGKSANRVIKTASGVFIEDRDGTKLLDAFAGLGCVNVGYGRQEIAEAIADQARELAYYHSFVGHGTEASITLAKMILDRAPKNMSKVYFGLGGSDANETNVKLIWYYNNILGRPEKKKIISRWRGFHGSGLVTGSLTGLELFHKKFDLPVEQVIHTEAPYYFRREDLNQTEEQFVAHCVAELEALIEREGADTIAAFIGEPILGAGGIVPPPAGYWEAIQTVLNKHDILLVADEVATGFGRLGTMFGSDHYGLEPDIITIAKGLTSAYAPLSGSIVSDKVWKVLEQGTDENGPIGHGWTYSAHPIGAAAGVANLKLLDELNLVSNAGEVGAYLNATMAEALSQHANVGDVRGEGLLCAVEFVKDRDSRTFFDAADKIGPQISAKLLEQDKIIAKAMPQGDILGFAPPFCLTRAEADQVVEGTLRAVKAVLGSLEHHHHHH,81.0958,37.9498,77.0019
45,I234V:F87Y:L167N:D47Q,MLKNDQLDQWDRDNFFHPSTHLAQHARGESANRVIKTASGVFIEDRQGTKLLDAFAGLWCVNVGYGRQEIAEAIADQARELAYYHSYVGHGTEASITLAKMILDRAPKNMSKVYFGLGGSDANETNVKLIWYYNNILGRPEKKKIISRWRGFHGSGLVTGSLTGLENFHKKFDLPVEQVIHTEAPYYFRREDLNQTEEQFVAHCVAELEALIEREGADTIAAFIGEPILGAGGVVPPPAGYWEAIQTVLNKHDILLVADEVVTGFGRLGTMFGSDHYGLEPDIITIAKGLTSAYAPLSGSIVSDKVWKVLEQGTDENGPIGHGWTYSAHPIGAAAGVANLKLLDELNLVSNAGEVGAYLNATMAEALSQHANVGDVRGEGLLCAVEFVKDRDSRTFFDAADKIGPQISAKLLEQDKIIARAMPQGDILGFAPPFCLTRAEADQVVEGTLRAVKAVLGSLEHHHHHH,83.4792,39.1666,79.4704
46,A71V:K402E:R420L:S155V,MLKNDQLDQWDRDNFFHPSTHLAQHARGESANRVIKTASGVFIEDRDGTKLLDAFAGLWCVNVGYGRQEIVEAIADQARELAYYHSFVGHGTEASITLAKMILDRAPKNMSKVYFGLGGSDANETNVKLIWYYNNILGRPEKKKIISRWRGFHGVGLVTGSLTGLELFHKKFDLPVEQVIHTEAPYYFRREDLNQTEEQFVAHCVAELEALIEREGADTIAAFIGEPILGAGGIVPPPAGYWEAIQTVLNKHDILLVADEVVTGFGRLGTMFGSDHYGLEPDIITIAKGLTSAYAPLSGSIVSDKVWKVLEQGTDENGPIGHGWTYSAHPIGAAAGVANLKLLDELNLVSNAGEVGAYLNATMAEALSQHANVGDVRGEGLLCAVEFVKDRDSRTFFDAADEIGPQISAKLLEQDKIIALAMPQGDILGFAPPFCLTRAEADQVVEGTLRAVKAVLGSLEHHHHHH,67.4927,30.372,63.6905
47,L382F:E177A:D392A:M422S,MLKNDQLDQWDRDNFFHPSTHLAQHARGESANRVIKTASGVFIEDRDGTKLLDAFAGLWCVNVGYGRQEIAEAIADQARELAYYHSFVGHGTEASITLAKMILDRAPKNMSKVYFGLGGSDANETNVKLIWYYNNILGRPEKKKIISRWRGFHGSGLVTGSLTGLELFHKKFDLPVAQVIHTEAPYYFRREDLNQTEEQFVAHCVAELEALIEREGADTIAAFIGEPILGAGGIVPPPAGYWEAIQTVLNKHDILLVADEVVTGFGRLGTMFGSDHYGLEPDIITIAKGLTSAYAPLSGSIVSDKVWKVLEQGTDENGPIGHGWTYSAHPIGAAAGVANLKLLDELNLVSNAGEVGAYLNATMAEALSQHANVGDVRGEGLFCAVEFVKDRASRTFFDAADKIGPQISAKLLEQDKIIARASPQGDILGFAPPFCLTRAEADQVVEGTLRAVKAVLGSLEHHHHHH,85.9292,40.4694,82.1142
48,N250D:A71I:Q406R:P423R,MLKNDQLDQWDRDNFFHPSTHLAQHARGESANRVIKTASGVFIEDRDGTKLLDAFAGLWCVNVGYGRQEIIEAIADQARELAYYHSFVGHGTEASITLAKMILDRAPKNMSKVYFGLGGSDANETNVKLIWYYNNILGRPEKKKIISRWRGFHGSGLVTGSLTGLELFHKKFDLPVEQVIHTEAPYYFRREDLNQTEEQFVAHCVAELEALIEREGADTIAAFIGEPILGAGGIVPPPAGYWEAIQTVLDKHDILLVADEVVTGFGRLGTMFGSDHYGLEPDIITIAKGLTSAYAPLSGSIVSDKVWKVLEQGTDENGPIGHGWTYSAHPIGAAAGVANLKLLDELNLVSNAGEVGAYLNATMAEALSQHANVGDVRGEGLLCAVEFVKDRDSRTFFDAADKIGPRISAKLLEQDKIIARAMRQGDILGFAPPFCLTRAEADQVVEGTLRAVKAVLGSLEHHHHHH,89.1331,40.7258,82.6123
49,P423R:E177G:R394K:M422L,MLKNDQLDQWDRDNFFHPSTHLAQHARGESANRVIKTASGVFIEDRDGTKLLDAFAGLWCVNVGYGRQEIAEAIADQARELAYYHSFVGHGTEASITLAKMILDRAPKNMSKVYFGLGGSDANETNVKLIWYYNNILGRPEKKKIISRWRGFHGSGLVTGSLTGLELFHKKFDLPVGQVIHTEAPYYFRREDLNQTEEQFVAHCVAELEALIEREGADTIAAFIGEPILGAGGIVPPPAGYWEAIQTVLNKHDILLVADEVVTGFGRLGTMFGSDHYGLEPDIITIAKGLTSAYAPLSGSIVSDKVWKVLEQGTDENGPIGHGWTYSAHPIGAAAGVANLKLLDELNLVSNAGEVGAYLNATMAEALSQHANVGDVRGEGLLCAVEFVKDRDSKTFFDAADKIGPQISAKLLEQDKIIARALRQGDILGFAPPFCLTRAEADQVVEGTLRAVKAVLGSLEHHHHHH,71.5761,33.7971,68.5757
50,F152Y:L167S:P281S:M422A,MLKNDQLDQWDRDNFFHPSTHLAQHARGESANRVIKTASGVFIEDRDGTKLLDAFAGLWCVNVGYGRQEIAEAIADQARELAYYHSFVGHGTEASITLAKMILDRAPKNMSKVYFGLGGSDANETNVKLIWYYNNILGRPEKKKIISRWRGYHGSGLVTGSLTGLESFHKKFDLPVEQVIHTEAPYYFRREDLNQTEEQFVAHCVAELEALIEREGADTIAAFIGEPILGAGGIVPPPAGYWEAIQTVLNKHDILLVADEVVTGFGRLGTMFGSDHYGLESDIITIAKGLTSAYAPLSGSIVSDKVWKVLEQGTDENGPIGHGWTYSAHPIGAAAGVANLKLLDELNLVSNAGEVGAYLNATMAEALSQHANVGDVRGEGLLCAVEFVKDRDSRTFFDAADKIGPQISAKLLEQDKIIARAAPQGDILGFAPPFCLTRAEADQVVEGTLRAVKAVLGSLEHHHHHH,61.3703,29.257,59.3409
51,L382M:Y83H:R391K:S19Y,MLKNDQLDQWDRDNFFHPYTHLAQHARGESANRVIKTASGVFIEDRDGTKLLDAFAGLWCVNVGYGRQEIAEAIADQARELAHYHSFVGHGTEASITLAKMILDRAPKNMSKVYFGLGGSDANETNVKLIWYYNNILGRPEKKKIISRWRGFHGSGLVTGSLTGLELFHKKFDLPVEQVIHTEAPYYFRREDLNQTEEQFVAHCVAELEALIEREGADTIAAFIGEPILGAGGIVPPPAGYWEAIQTVLNKHDILLVADEVVTGFGRLGTMFGSDHYGLEPDIITIAKGLTSAYAPLSGSIVSDKVWKVLEQGTDENGPIGHGWTYSAHPIGAAAGVANLKLLDELNLVSNAGEVGAYLNATMAEALSQHANVGDVRGEGLMCAVEFVKDKDSRTFFDAADKIGPQISAKLLEQDKIIARAMPQGDILGFAPPFCLTRAEADQVVEGTLRAVKAVLGSLEHHHHHH,84.0263,40.4335,82.041
52,N250Y:L382I:R420A:L58I,MLKNDQLDQWDRDNFFHPSTHLAQHARGESANRVIKTASGVFIEDRDGTKLLDAFAGIWCVNVGYGRQEIAEAIADQARELAYYHSFVGHGTEASITLAKMILDRAPKNMSKVYFGLGGSDANETNVKLIWYYNNILGRPEKKKIISRWRGFHGSGLVTGSLTGLELFHKKFDLPVEQVIHTEAPYYFRREDLNQTEEQFVAHCVAELEALIEREGADTIAAFIGEPILGAGGIVPPPAGYWEAIQTVLYKHDILLVADEVVTGFGRLGTMFGSDHYGLEPDIITIAKGLTSAYAPLSGSIVSDKVWKVLEQGTDENGPIGHGWTYSAHPIGAAAGVANLKLLDELNLVSNAGEVGAYLNATMAEALSQHANVGDVRGEGLICAVEFVKDRDSRTFFDAADKIGPQISAKLLEQDKIIAAAMPQGDILGFAPPFCLTRAEADQVVEGTLRAVKAVLGSLEHHHHHH,63.1488,29.8536,60.5742
53,W59G:S155A:R214A:D392A,MLKNDQLDQWDRDNFFHPSTHLAQHARGESANRVIKTASGVFIEDRDGTKLLDAFAGLGCVNVGYGRQEIAEAIADQARELAYYHSFVGHGTEASITLAKMILDRAPKNMSKVYFGLGGSDANETNVKLIWYYNNILGRPEKKKIISRWRGFHGAGLVTGSLTGLELFHKKFDLPVEQVIHTEAPYYFRREDLNQTEEQFVAHCVAELEALIEAEGADTIAAFIGEPILGAGGIVPPPAGYWEAIQTVLNKHDILLVADEVVTGFGRLGTMFGSDHYGLEPDIITIAKGLTSAYAPLSGSIVSDKVWKVLEQGTDENGPIGHGWTYSAHPIGAAAGVANLKLLDELNLVSNAGEVGAYLNATMAEALSQHANVGDVRGEGLLCAVEFVKDRASRTFFDAADKIGPQISAKLLEQDKIIARAMPQGDILGFAPPFCLTRAEADQVVEGTLRAVKAVLGSLEHHHHHH,54.7562,25.8909,52.5289
54,N250D:G332A:R420L:R214A,MLKNDQLDQWDRDNFFHPSTHLAQHARGESANRVIKTASGVFIEDRDGTKLLDAFAGLWCVNVGYGRQEIAEAIADQARELAYYHSFVGHGTEASITLAKMILDRAPKNMSKVYFGLGGSDANETNVKLIWYYNNILGRPEKKKIISRWRGFHGSGLVTGSLTGLELFHKKFDLPVEQVIHTEAPYYFRREDLNQTEEQFVAHCVAELEALIEAEGADTIAAFIGEPILGAGGIVPPPAGYWEAIQTVLDKHDILLVADEVVTGFGRLGTMFGSDHYGLEPDIITIAKGLTSAYAPLSGSIVSDKVWKVLEQGTDENGPIGHGWTYSAHPIAAAAGVANLKLLDELNLVSNAGEVGAYLNATMAEALSQHANVGDVRGEGLLCAVEFVKDRDSRTFFDAADKIGPQISAKLLEQDKIIALAMPQGDILGFAPPFCLTRAEADQVVEGTLRAVKAVLGSLEHHHHHH,46.3325,21.7867,44.2021
55,C60V:R46H:D47E:S19F,MLKNDQLDQWDRDNFFHPFTHLAQHARGESANRVIKTASGVFIEDHEGTKLLDAFAGLWVVNVGYGRQEIAEAIADQARELAYYHSFVGHGTEASITLAKMILDRAPKNMSKVYFGLGGSDANETNVKLIWYYNNILGRPEKKKIISRWRGFHGSGLVTGSLTGLELFHKKFDLPVEQVIHTEAPYYFRREDLNQTEEQFVAHCVAELEALIEREGADTIAAFIGEPILGAGGIVPPPAGYWEAIQTVLNKHDILLVADEVVTGFGRLGTMFGSDHYGLEPDIITIAKGLTSAYAPLSGSIVSDKVWKVLEQGTDENGPIGHGWTYSAHPIGAAAGVANLKLLDELNLVSNAGEVGAYLNATMAEALSQHANVGDVRGEGLLCAVEFVKDRDSRTFFDAADKIGPQISAKLLEQDKIIARAMPQGDILGFAPPFCLTRAEADQVVEGTLRAVKAVLGSLEHHHHHH,67.7376,33.9767,68.9402
56,A71V:D47E:R394G:D401L,MLKNDQLDQWDRDNFFHPSTHLAQHARGESANRVIKTASGVFIEDREGTKLLDAFAGLWCVNVGYGRQEIVEAIADQARELAYYHSFVGHGTEASITLAKMILDRAPKNMSKVYFGLGGSDANETNVKLIWYYNNILGRPEKKKIISRWRGFHGSGLVTGSLTGLELFHKKFDLPVEQVIHTEAPYYFRREDLNQTEEQFVAHCVAELEALIEREGADTIAAFIGEPILGAGGIVPPPAGYWEAIQTVLNKHDILLVADEVVTGFGRLGTMFGSDHYGLEPDIITIAKGLTSAYAPLSGSIVSDKVWKVLEQGTDENGPIGHGWTYSAHPIGAAAGVANLKLLDELNLVSNAGEVGAYLNATMAEALSQHANVGDVRGEGLLCAVEFVKDRDSGTFFDAALKIGPQISAKLLEQDKIIARAMPQGDILGFAPPFCLTRAEADQVVEGTLRAVKAVLGSLEHHHHHH,48.1474,23.8087,46.6212
57,L382I:R420W:A231V:S120T,MLKNDQLDQWDRDNFFHPSTHLAQHARGESANRVIKTASGVFIEDRDGTKLLDAFAGLWCVNVGYGRQEIAEAIADQARELAYYHSFVGHGTEASITLAKMILDRAPKNMSKVYFGLGGTDANETNVKLIWYYNNILGRPEKKKIISRWRGFHGSGLVTGSLTGLELFHKKFDLPVEQVIHTEAPYYFRREDLNQTEEQFVAHCVAELEALIEREGADTIAAFIGEPILGVGGIVPPPAGYWEAIQTVLNKHDILLVADEVVTGFGRLGTMFGSDHYGLEPDIITIAKGLTSAYAPLSGSIVSDKVWKVLEQGTDENGPIGHGWTYSAHPIGAAAGVANLKLLDELNLVSNAGEVGAYLNATMAEALSQHANVGDVRGEGLICAVEFVKDRDSRTFFDAADKIGPQISAKLLEQDKIIAWAMPQGDILGFAPPFCLTRAEADQVVEGTLRAVKAVLGSLEHHHHHH,79.4428,37.6404,76.374
58,L382M:P423A:W59Y:M422A,MLKNDQLDQWDRDNFFHPSTHLAQHARGESANRVIKTASGVFIEDRDGTKLLDAFAGLYCVNVGYGRQEIAEAIADQARELAYYHSFVGHGTEASITLAKMILDRAPKNMSKVYFGLGGSDANETNVKLIWYYNNILGRPEKKKIISRWRGFHGSGLVTGSLTGLELFHKKFDLPVEQVIHTEAPYYFRREDLNQTEEQFVAHCVAELEALIEREGADTIAAFIGEPILGAGGIVPPPAGYWEAIQTVLNKHDILLVADEVVTGFGRLGTMFGSDHYGLEPDIITIAKGLTSAYAPLSGSIVSDKVWKVLEQGTDENGPIGHGWTYSAHPIGAAAGVANLKLLDELNLVSNAGEVGAYLNATMAEALSQHANVGDVRGEGLMCAVEFVKDRDSRTFFDAADKIGPQISAKLLEQDKIIARAAAQGDILGFAPPFCLTRAEADQVVEGTLRAVKAVLGSLEHHHHHH,61.5835,29.2473,59.3396
59,L382M:G429A:A56G:H90K,MLKNDQLDQWDRDNFFHPSTHLAQHARGESANRVIKTASGVFIEDRDGTKLLDAFGGLWCVNVGYGRQEIAEAIADQARELAYYHSFVGKGTEASITLAKMILDRAPKNMSKVYFGLGGSDANETNVKLIWYYNNILGRPEKKKIISRWRGFHGSGLVTGSLTGLELFHKKFDLPVEQVIHTEAPYYFRREDLNQTEEQFVAHCVAELEALIEREGADTIAAFIGEPILGAGGIVPPPAGYWEAIQTVLNKHDILLVADEVVTGFGRLGTMFGSDHYGLEPDIITIAKGLTSAYAPLSGSIVSDKVWKVLEQGTDENGPIGHGWTYSAHPIGAAAGVANLKLLDELNLVSNAGEVGAYLNATMAEALSQHANVGDVRGEGLMCAVEFVKDRDSRTFFDAADKIGPQISAKLLEQDKIIARAMPQGDILAFAPPFCLTRAEADQVVEGTLRAVKAVLGSLEHHHHHH,59.8295,28.5563,57.9385
60,R420L:H85M:W59G:L167A,MLKNDQLDQWDRDNFFHPSTHLAQHARGESANRVIKTASGVFIEDRDGTKLLDAFAGLGCVNVGYGRQEIAEAIADQARELAYYMSFVGHGTEASITLAKMILDRAPKNMSKVYFGLGGSDANETNVKLIWYYNNILGRPEKKKIISRWRGFHGSGLVTGSLTGLEAFHKKFDLPVEQVIHTEAPYYFRREDLNQTEEQFVAHCVAELEALIEREGADTIAAFIGEPILGAGGIVPPPAGYWEAIQTVLNKHDILLVADEVVTGFGRLGTMFGSDHYGLEPDIITIAKGLTSAYAPLSGSIVSDKVWKVLEQGTDENGPIGHGWTYSAHPIGAAAGVANLKLLDELNLVSNAGEVGAYLNATMAEALSQHANVGDVRGEGLLCAVEFVKDRDSRTFFDAADKIGPQISAKLLEQDKIIALAMPQGDILGFAPPFCLTRAEADQVVEGTLRAVKAVLGSLEHHHHHH,22.8811,13.272,23.8766
61,H85M:H252Y:E29K:D47E,MLKNDQLDQWDRDNFFHPSTHLAQHARGKSANRVIKTASGVFIEDREGTKLLDAFAGLWCVNVGYGRQEIAEAIADQARELAYYMSFVGHGTEASITLAKMILDRAPKNMSKVYFGLGGSDANETNVKLIWYYNNILGRPEKKKIISRWRGFHGSGLVTGSLTGLELFHKKFDLPVEQVIHTEAPYYFRREDLNQTEEQFVAHCVAELEALIEREGADTIAAFIGEPILGAGGIVPPPAGYWEAIQTVLNKYDILLVADEVVTGFGRLGTMFGSDHYGLEPDIITIAKGLTSAYAPLSGSIVSDKVWKVLEQGTDENGPIGHGWTYSAHPIGAAAGVANLKLLDELNLVSNAGEVGAYLNATMAEALSQHANVGDVRGEGLLCAVEFVKDRDSRTFFDAADKIGPQISAKLLEQDKIIARAMPQGDILGFAPPFCLTRAEADQVVEGTLRAVKAVLGSLEHHHHHH,20.7381,12.1255,22.0802
62,P423Q:W59F:D398E:S19W,MLKNDQLDQWDRDNFFHPWTHLAQHARGESANRVIKTASGVFIEDRDGTKLLDAFAGLFCVNVGYGRQEIAEAIADQARELAYYHSFVGHGTEASITLAKMILDRAPKNMSKVYFGLGGSDANETNVKLIWYYNNILGRPEKKKIISRWRGFHGSGLVTGSLTGLELFHKKFDLPVEQVIHTEAPYYFRREDLNQTEEQFVAHCVAELEALIEREGADTIAAFIGEPILGAGGIVPPPAGYWEAIQTVLNKHDILLVADEVVTGFGRLGTMFGSDHYGLEPDIITIAKGLTSAYAPLSGSIVSDKVWKVLEQGTDENGPIGHGWTYSAHPIGAAAGVANLKLLDELNLVSNAGEVGAYLNATMAEALSQHANVGDVRGEGLLCAVEFVKDRDSRTFFEAADKIGPQISAKLLEQDKIIARAMQQGDILGFAPPFCLTRAEADQVVEGTLRAVKAVLGSLEHHHHHH,54.4528,27.1828,55.1552
63,P423G:G429Y:F152Y:S155A,MLKNDQLDQWDRDNFFHPSTHLAQHARGESANRVIKTASGVFIEDRDGTKLLDAFAGLWCVNVGYGRQEIAEAIADQARELAYYHSFVGHGTEASITLAKMILDRAPKNMSKVYFGLGGSDANETNVKLIWYYNNILGRPEKKKIISRWRGYHGAGLVTGSLTGLELFHKKFDLPVEQVIHTEAPYYFRREDLNQTEEQFVAHCVAELEALIEREGADTIAAFIGEPILGAGGIVPPPAGYWEAIQTVLNKHDILLVADEVVTGFGRLGTMFGSDHYGLEPDIITIAKGLTSAYAPLSGSIVSDKVWKVLEQGTDENGPIGHGWTYSAHPIGAAAGVANLKLLDELNLVSNAGEVGAYLNATMAEALSQHANVGDVRGEGLLCAVEFVKDRDSRTFFDAADKIGPQISAKLLEQDKIIARAMGQGDILYFAPPFCLTRAEADQVVEGTLRAVKAVLGSLEHHHHHH,63.3982,29.8952,60.6376
64,E177A:Q369G:F397L:S19Y,MLKNDQLDQWDRDNFFHPYTHLAQHARGESANRVIKTASGVFIEDRDGTKLLDAFAGLWCVNVGYGRQEIAEAIADQARELAYYHSFVGHGTEASITLAKMILDRAPKNMSKVYFGLGGSDANETNVKLIWYYNNILGRPEKKKIISRWRGFHGSGLVTGSLTGLELFHKKFDLPVAQVIHTEAPYYFRREDLNQTEEQFVAHCVAELEALIEREGADTIAAFIGEPILGAGGIVPPPAGYWEAIQTVLNKHDILLVADEVVTGFGRLGTMFGSDHYGLEPDIITIAKGLTSAYAPLSGSIVSDKVWKVLEQGTDENGPIGHGWTYSAHPIGAAAGVANLKLLDELNLVSNAGEVGAYLNATMAEALSGHANVGDVRGEGLLCAVEFVKDRDSRTFLDAADKIGPQISAKLLEQDKIIARAMPQGDILGFAPPFCLTRAEADQVVEGTLRAVKAVLGSLEHHHHHH,79.8291,38.4715,78.0602
65,P423A:R46H:A399P:F168N,MLKNDQLDQWDRDNFFHPSTHLAQHARGESANRVIKTASGVFIEDHDGTKLLDAFAGLWCVNVGYGRQEIAEAIADQARELAYYHSFVGHGTEASITLAKMILDRAPKNMSKVYFGLGGSDANETNVKLIWYYNNILGRPEKKKIISRWRGFHGSGLVTGSLTGLELNHKKFDLPVEQVIHTEAPYYFRREDLNQTEEQFVAHCVAELEALIEREGADTIAAFIGEPILGAGGIVPPPAGYWEAIQTVLNKHDILLVADEVVTGFGRLGTMFGSDHYGLEPDIITIAKGLTSAYAPLSGSIVSDKVWKVLEQGTDENGPIGHGWTYSAHPIGAAAGVANLKLLDELNLVSNAGEVGAYLNATMAEALSQHANVGDVRGEGLLCAVEFVKDRDSRTFFDPADKIGPQISAKLLEQDKIIARAMAQGDILGFAPPFCLTRAEADQVVEGTLRAVKAVLGSLEHHHHHH,90.0016,41.732,84.676
66,K402V:S120A:E280V:R46H,MLKNDQLDQWDRDNFFHPSTHLAQHARGESANRVIKTASGVFIEDHDGTKLLDAFAGLWCVNVGYGRQEIAEAIADQARELAYYHSFVGHGTEASITLAKMILDRAPKNMSKVYFGLGGADANETNVKLIWYYNNILGRPEKKKIISRWRGFHGSGLVTGSLTGLELFHKKFDLPVEQVIHTEAPYYFRREDLNQTEEQFVAHCVAELEALIEREGADTIAAFIGEPILGAGGIVPPPAGYWEAIQTVLNKHDILLVADEVVTGFGRLGTMFGSDHYGLVPDIITIAKGLTSAYAPLSGSIVSDKVWKVLEQGTDENGPIGHGWTYSAHPIGAAAGVANLKLLDELNLVSNAGEVGAYLNATMAEALSQHANVGDVRGEGLLCAVEFVKDRDSRTFFDAADVIGPQISAKLLEQDKIIARAMPQGDILGFAPPFCLTRAEADQVVEGTLRAVKAVLGSLEHHHHHH,63.3628,30.281,61.44
67,G332C:H85G:F152Y:S120T,MLKNDQLDQWDRDNFFHPSTHLAQHARGESANRVIKTASGVFIEDRDGTKLLDAFAGLWCVNVGYGRQEIAEAIADQARELAYYGSFVGHGTEASITLAKMILDRAPKNMSKVYFGLGGTDANETNVKLIWYYNNILGRPEKKKIISRWRGYHGSGLVTGSLTGLELFHKKFDLPVEQVIHTEAPYYFRREDLNQTEEQFVAHCVAELEALIEREGADTIAAFIGEPILGAGGIVPPPAGYWEAIQTVLNKHDILLVADEVVTGFGRLGTMFGSDHYGLEPDIITIAKGLTSAYAPLSGSIVSDKVWKVLEQGTDENGPIGHGWTYSAHPICAAAGVANLKLLDELNLVSNAGEVGAYLNATMAEALSQHANVGDVRGEGLLCAVEFVKDRDSRTFFDAADKIGPQISAKLLEQDKIIARAMPQGDILGFAPPFCLTRAEADQVVEGTLRAVKAVLGSLEHHHHHH,100.1871,45.6492,94.367
68,L382M:F87L:E29K:D392E,MLKNDQLDQWDRDNFFHPSTHLAQHARGKSANRVIKTASGVFIEDRDGTKLLDAFAGLWCVNVGYGRQEIAEAIADQARELAYYHSLVGHGTEASITLAKMILDRAPKNMSKVYFGLGGSDANETNVKLIWYYNNILGRPEKKKIISRWRGFHGSGLVTGSLTGLELFHKKFDLPVEQVIHTEAPYYFRREDLNQTEEQFVAHCVAELEALIEREGADTIAAFIGEPILGAGGIVPPPAGYWEAIQTVLNKHDILLVADEVVTGFGRLGTMFGSDHYGLEPDIITIAKGLTSAYAPLSGSIVSDKVWKVLEQGTDENGPIGHGWTYSAHPIGAAAGVANLKLLDELNLVSNAGEVGAYLNATMAEALSQHANVGDVRGEGLMCAVEFVKDRESRTFFDAADKIGPQISAKLLEQDKIIARAMPQGDILGFAPPFCLTRAEADQVVEGTLRAVKAVLGSLEHHHHHH,65.7402,31.1631,63.2262
69,Q406A:P423G:W59L:A231G,MLKNDQLDQWDRDNFFHPSTHLAQHARGESANRVIKTASGVFIEDRDGTKLLDAFAGLLCVNVGYGRQEIAEAIADQARELAYYHSFVGHGTEASITLAKMILDRAPKNMSKVYFGLGGSDANETNVKLIWYYNNILGRPEKKKIISRWRGFHGSGLVTGSLTGLELFHKKFDLPVEQVIHTEAPYYFRREDLNQTEEQFVAHCVAELEALIEREGADTIAAFIGEPILGGGGIVPPPAGYWEAIQTVLNKHDILLVADEVVTGFGRLGTMFGSDHYGLEPDIITIAKGLTSAYAPLSGSIVSDKVWKVLEQGTDENGPIGHGWTYSAHPIGAAAGVANLKLLDELNLVSNAGEVGAYLNATMAEALSQHANVGDVRGEGLLCAVEFVKDRDSRTFFDAADKIGPAISAKLLEQDKIIARAMGQGDILGFAPPFCLTRAEADQVVEGTLRAVKAVLGSLEHHHHHH,90.9553,42.196,85.6175
70,I234V:R420K:L167S:E177A,MLKNDQLDQWDRDNFFHPSTHLAQHARGESANRVIKTASGVFIEDRDGTKLLDAFAGLWCVNVGYGRQEIAEAIADQARELAYYHSFVGHGTEASITLAKMILDRAPKNMSKVYFGLGGSDANETNVKLIWYYNNILGRPEKKKIISRWRGFHGSGLVTGSLTGLESFHKKFDLPVAQVIHTEAPYYFRREDLNQTEEQFVAHCVAELEALIEREGADTIAAFIGEPILGAGGVVPPPAGYWEAIQTVLNKHDILLVADEVVTGFGRLGTMFGSDHYGLEPDIITIAKGLTSAYAPLSGSIVSDKVWKVLEQGTDENGPIGHGWTYSAHPIGAAAGVANLKLLDELNLVSNAGEVGAYLNATMAEALSQHANVGDVRGEGLLCAVEFVKDRDSRTFFDAADKIGPQISAKLLEQDKIIAKAMPQGDILGFAPPFCLTRAEADQVVEGTLRAVKAVLGSLEHHHHHH,94.1132,43.601,88.4682
71,K402E:L167V:L58I:L165I,MLKNDQLDQWDRDNFFHPSTHLAQHARGESANRVIKTASGVFIEDRDGTKLLDAFAGIWCVNVGYGRQEIAEAIADQARELAYYHSFVGHGTEASITLAKMILDRAPKNMSKVYFGLGGSDANETNVKLIWYYNNILGRPEKKKIISRWRGFHGSGLVTGSLTGIEVFHKKFDLPVEQVIHTEAPYYFRREDLNQTEEQFVAHCVAELEALIEREGADTIAAFIGEPILGAGGIVPPPAGYWEAIQTVLNKHDILLVADEVVTGFGRLGTMFGSDHYGLEPDIITIAKGLTSAYAPLSGSIVSDKVWKVLEQGTDENGPIGHGWTYSAHPIGAAAGVANLKLLDELNLVSNAGEVGAYLNATMAEALSQHANVGDVRGEGLLCAVEFVKDRDSRTFFDAADEIGPQISAKLLEQDKIIARAMPQGDILGFAPPFCLTRAEADQVVEGTLRAVKAVLGSLEHHHHHH,83.3218,37.0231,77.5961
72,P423H:G429A:L167A:D398A,MLKNDQLDQWDRDNFFHPSTHLAQHARGESANRVIKTASGVFIEDRDGTKLLDAFAGLWCVNVGYGRQEIAEAIADQARELAYYHSFVGHGTEASITLAKMILDRAPKNMSKVYFGLGGSDANETNVKLIWYYNNILGRPEKKKIISRWRGFHGSGLVTGSLTGLEAFHKKFDLPVEQVIHTEAPYYFRREDLNQTEEQFVAHCVAELEALIEREGADTIAAFIGEPILGAGGIVPPPAGYWEAIQTVLNKHDILLVADEVVTGFGRLGTMFGSDHYGLEPDIITIAKGLTSAYAPLSGSIVSDKVWKVLEQGTDENGPIGHGWTYSAHPIGAAAGVANLKLLDELNLVSNAGEVGAYLNATMAEALSQHANVGDVRGEGLLCAVEFVKDRDSRTFFAAADKIGPQISAKLLEQDKIIARAMHQGDILAFAPPFCLTRAEADQVVEGTLRAVKAVLGSLEHHHHHH,65.7873,30.6683,62.2161
73,I234F:W59Y:E280V:L167S,MLKNDQLDQWDRDNFFHPSTHLAQHARGESANRVIKTASGVFIEDRDGTKLLDAFAGLYCVNVGYGRQEIAEAIADQARELAYYHSFVGHGTEASITLAKMILDRAPKNMSKVYFGLGGSDANETNVKLIWYYNNILGRPEKKKIISRWRGFHGSGLVTGSLTGLESFHKKFDLPVEQVIHTEAPYYFRREDLNQTEEQFVAHCVAELEALIEREGADTIAAFIGEPILGAGGFVPPPAGYWEAIQTVLNKHDILLVADEVVTGFGRLGTMFGSDHYGLVPDIITIAKGLTSAYAPLSGSIVSDKVWKVLEQGTDENGPIGHGWTYSAHPIGAAAGVANLKLLDELNLVSNAGEVGAYLNATMAEALSQHANVGDVRGEGLLCAVEFVKDRDSRTFFDAADKIGPQISAKLLEQDKIIARAMPQGDILGFAPPFCLTRAEADQVVEGTLRAVKAVLGSLEHHHHHH,56.1015,26.9681,54.7195
74,I234M:S120A:M422A:S19F,MLKNDQLDQWDRDNFFHPFTHLAQHARGESANRVIKTASGVFIEDRDGTKLLDAFAGLWCVNVGYGRQEIAEAIADQARELAYYHSFVGHGTEASITLAKMILDRAPKNMSKVYFGLGGADANETNVKLIWYYNNILGRPEKKKIISRWRGFHGSGLVTGSLTGLELFHKKFDLPVEQVIHTEAPYYFRREDLNQTEEQFVAHCVAELEALIEREGADTIAAFIGEPILGAGGMVPPPAGYWEAIQTVLNKHDILLVADEVVTGFGRLGTMFGSDHYGLEPDIITIAKGLTSAYAPLSGSIVSDKVWKVLEQGTDENGPIGHGWTYSAHPIGAAAGVANLKLLDELNLVSNAGEVGAYLNATMAEALSQHANVGDVRGEGLLCAVEFVKDRDSRTFFDAADKIGPQISAKLLEQDKIIARAAPQGDILGFAPPFCLTRAEADQVVEGTLRAVKAVLGSLEHHHHHH,35.4511,18.8092,38.15
75,I234F:R394G:D401R:L165I,MLKNDQLDQWDRDNFFHPSTHLAQHARGESANRVIKTASGVFIEDRDGTKLLDAFAGLWCVNVGYGRQEIAEAIADQARELAYYHSFVGHGTEASITLAKMILDRAPKNMSKVYFGLGGSDANETNVKLIWYYNNILGRPEKKKIISRWRGFHGSGLVTGSLTGIELFHKKFDLPVEQVIHTEAPYYFRREDLNQTEEQFVAHCVAELEALIEREGADTIAAFIGEPILGAGGFVPPPAGYWEAIQTVLNKHDILLVADEVVTGFGRLGTMFGSDHYGLEPDIITIAKGLTSAYAPLSGSIVSDKVWKVLEQGTDENGPIGHGWTYSAHPIGAAAGVANLKLLDELNLVSNAGEVGAYLNATMAEALSQHANVGDVRGEGLLCAVEFVKDRDSGTFFDAARKIGPQISAKLLEQDKIIARAMPQGDILGFAPPFCLTRAEADQVVEGTLRAVKAVLGSLEHHHHHH,48.9377,23.7757,48.2413
76,L382I:K402E:P423G:C60V,MLKNDQLDQWDRDNFFHPSTHLAQHARGESANRVIKTASGVFIEDRDGTKLLDAFAGLWVVNVGYGRQEIAEAIADQARELAYYHSFVGHGTEASITLAKMILDRAPKNMSKVYFGLGGSDANETNVKLIWYYNNILGRPEKKKIISRWRGFHGSGLVTGSLTGLELFHKKFDLPVEQVIHTEAPYYFRREDLNQTEEQFVAHCVAELEALIEREGADTIAAFIGEPILGAGGIVPPPAGYWEAIQTVLNKHDILLVADEVVTGFGRLGTMFGSDHYGLEPDIITIAKGLTSAYAPLSGSIVSDKVWKVLEQGTDENGPIGHGWTYSAHPIGAAAGVANLKLLDELNLVSNAGEVGAYLNATMAEALSQHANVGDVRGEGLICAVEFVKDRDSRTFFDAADEIGPQISAKLLEQDKIIARAMGQGDILGFAPPFCLTRAEADQVVEGTLRAVKAVLGSLEHHHHHH,64.3084,30.2056,61.2884
77,N250D:F87L:S155A:D47E,MLKNDQLDQWDRDNFFHPSTHLAQHARGESANRVIKTASGVFIEDREGTKLLDAFAGLWCVNVGYGRQEIAEAIADQARELAYYHSLVGHGTEASITLAKMILDRAPKNMSKVYFGLGGSDANETNVKLIWYYNNILGRPEKKKIISRWRGFHGAGLVTGSLTGLELFHKKFDLPVEQVIHTEAPYYFRREDLNQTEEQFVAHCVAELEALIEREGADTIAAFIGEPILGAGGIVPPPAGYWEAIQTVLDKHDILLVADEVVTGFGRLGTMFGSDHYGLEPDIITIAKGLTSAYAPLSGSIVSDKVWKVLEQGTDENGPIGHGWTYSAHPIGAAAGVANLKLLDELNLVSNAGEVGAYLNATMAEALSQHANVGDVRGEGLLCAVEFVKDRDSRTFFDAADKIGPQISAKLLEQDKIIARAMPQGDILGFAPPFCLTRAEADQVVEGTLRAVKAVLGSLEHHHHHH,56.9224,26.8865,54.5497
78,L382F:Q406A:D401R:P281S,MLKNDQLDQWDRDNFFHPSTHLAQHARGESANRVIKTASGVFIEDRDGTKLLDAFAGLWCVNVGYGRQEIAEAIADQARELAYYHSFVGHGTEASITLAKMILDRAPKNMSKVYFGLGGSDANETNVKLIWYYNNILGRPEKKKIISRWRGFHGSGLVTGSLTGLELFHKKFDLPVEQVIHTEAPYYFRREDLNQTEEQFVAHCVAELEALIEREGADTIAAFIGEPILGAGGIVPPPAGYWEAIQTVLNKHDILLVADEVVTGFGRLGTMFGSDHYGLESDIITIAKGLTSAYAPLSGSIVSDKVWKVLEQGTDENGPIGHGWTYSAHPIGAAAGVANLKLLDELNLVSNAGEVGAYLNATMAEALSQHANVGDVRGEGLFCAVEFVKDRDSRTFFDAARKIGPAISAKLLEQDKIIARAMPQGDILGFAPPFCLTRAEADQVVEGTLRAVKAVLGSLEHHHHHH,92.6145,43.3376,87.9199
79,S368G:S393D:M422T:S19Y,MLKNDQLDQWDRDNFFHPYTHLAQHARGESANRVIKTASGVFIEDRDGTKLLDAFAGLWCVNVGYGRQEIAEAIADQARELAYYHSFVGHGTEASITLAKMILDRAPKNMSKVYFGLGGSDANETNVKLIWYYNNILGRPEKKKIISRWRGFHGSGLVTGSLTGLELFHKKFDLPVEQVIHTEAPYYFRREDLNQTEEQFVAHCVAELEALIEREGADTIAAFIGEPILGAGGIVPPPAGYWEAIQTVLNKHDILLVADEVVTGFGRLGTMFGSDHYGLEPDIITIAKGLTSAYAPLSGSIVSDKVWKVLEQGTDENGPIGHGWTYSAHPIGAAAGVANLKLLDELNLVSNAGEVGAYLNATMAEALGQHANVGDVRGEGLLCAVEFVKDRDDRTFFDAADKIGPQISAKLLEQDKIIARATPQGDILGFAPPFCLTRAEADQVVEGTLRAVKAVLGSLEHHHHHH,79.5263,38.328,77.7686
80,Q406K:E280K:M422T:S19W,MLKNDQLDQWDRDNFFHPWTHLAQHARGESANRVIKTASGVFIEDRDGTKLLDAFAGLWCVNVGYGRQEIAEAIADQARELAYYHSFVGHGTEASITLAKMILDRAPKNMSKVYFGLGGSDANETNVKLIWYYNNILGRPEKKKIISRWRGFHGSGLVTGSLTGLELFHKKFDLPVEQVIHTEAPYYFRREDLNQTEEQFVAHCVAELEALIEREGADTIAAFIGEPILGAGGIVPPPAGYWEAIQTVLNKHDILLVADEVVTGFGRLGTMFGSDHYGLKPDIITIAKGLTSAYAPLSGSIVSDKVWKVLEQGTDENGPIGHGWTYSAHPIGAAAGVANLKLLDELNLVSNAGEVGAYLNATMAEALSQHANVGDVRGEGLLCAVEFVKDRDSRTFFDAADKIGPKISAKLLEQDKIIARATPQGDILGFAPPFCLTRAEADQVVEGTLRAVKAVLGSLEHHHHHH,62.973,31.4399,63.7925
81,P423R:F87Y:L167V:S368G,MLKNDQLDQWDRDNFFHPSTHLAQHARGESANRVIKTASGVFIEDRDGTKLLDAFAGLWCVNVGYGRQEIAEAIADQARELAYYHSYVGHGTEASITLAKMILDRAPKNMSKVYFGLGGSDANETNVKLIWYYNNILGRPEKKKIISRWRGFHGSGLVTGSLTGLEVFHKKFDLPVEQVIHTEAPYYFRREDLNQTEEQFVAHCVAELEALIEREGADTIAAFIGEPILGAGGIVPPPAGYWEAIQTVLNKHDILLVADEVVTGFGRLGTMFGSDHYGLEPDIITIAKGLTSAYAPLSGSIVSDKVWKVLEQGTDENGPIGHGWTYSAHPIGAAAGVANLKLLDELNLVSNAGEVGAYLNATMAEALGQHANVGDVRGEGLLCAVEFVKDRDSRTFFDAADKIGPQISAKLLEQDKIIARAMRQGDILGFAPPFCLTRAEADQVVEGTLRAVKAVLGSLEHHHHHH,103.094,45.7462,95.9334
82,G429Y:W59L:E177A:R46H,MLKNDQLDQWDRDNFFHPSTHLAQHARGESANRVIKTASGVFIEDHDGTKLLDAFAGLLCVNVGYGRQEIAEAIADQARELAYYHSFVGHGTEASITLAKMILDRAPKNMSKVYFGLGGSDANETNVKLIWYYNNILGRPEKKKIISRWRGFHGSGLVTGSLTGLELFHKKFDLPVAQVIHTEAPYYFRREDLNQTEEQFVAHCVAELEALIEREGADTIAAFIGEPILGAGGIVPPPAGYWEAIQTVLNKHDILLVADEVVTGFGRLGTMFGSDHYGLEPDIITIAKGLTSAYAPLSGSIVSDKVWKVLEQGTDENGPIGHGWTYSAHPIGAAAGVANLKLLDELNLVSNAGEVGAYLNATMAEALSQHANVGDVRGEGLLCAVEFVKDRDSRTFFDAADKIGPQISAKLLEQDKIIARAMPQGDILYFAPPFCLTRAEADQVVEGTLRAVKAVLGSLEHHHHHH,55.3066,26.3047,53.3512
83,V262I:Q406K:F152W:L167F,MLKNDQLDQWDRDNFFHPSTHLAQHARGESANRVIKTASGVFIEDRDGTKLLDAFAGLWCVNVGYGRQEIAEAIADQARELAYYHSFVGHGTEASITLAKMILDRAPKNMSKVYFGLGGSDANETNVKLIWYYNNILGRPEKKKIISRWRGWHGSGLVTGSLTGLEFFHKKFDLPVEQVIHTEAPYYFRREDLNQTEEQFVAHCVAELEALIEREGADTIAAFIGEPILGAGGIVPPPAGYWEAIQTVLNKHDILLVADEVITGFGRLGTMFGSDHYGLEPDIITIAKGLTSAYAPLSGSIVSDKVWKVLEQGTDENGPIGHGWTYSAHPIGAAAGVANLKLLDELNLVSNAGEVGAYLNATMAEALSQHANVGDVRGEGLLCAVEFVKDRDSRTFFDAADKIGPKISAKLLEQDKIIARAMPQGDILGFAPPFCLTRAEADQVVEGTLRAVKAVLGSLEHHHHHH,85.7964,40.2798,81.7295
84,I234M:S368G:P281A:M422S,MLKNDQLDQWDRDNFFHPSTHLAQHARGESANRVIKTASGVFIEDRDGTKLLDAFAGLWCVNVGYGRQEIAEAIADQARELAYYHSFVGHGTEASITLAKMILDRAPKNMSKVYFGLGGSDANETNVKLIWYYNNILGRPEKKKIISRWRGFHGSGLVTGSLTGLELFHKKFDLPVEQVIHTEAPYYFRREDLNQTEEQFVAHCVAELEALIEREGADTIAAFIGEPILGAGGMVPPPAGYWEAIQTVLNKHDILLVADEVVTGFGRLGTMFGSDHYGLEADIITIAKGLTSAYAPLSGSIVSDKVWKVLEQGTDENGPIGHGWTYSAHPIGAAAGVANLKLLDELNLVSNAGEVGAYLNATMAEALGQHANVGDVRGEGLLCAVEFVKDRDSRTFFDAADKIGPQISAKLLEQDKIIARASPQGDILGFAPPFCLTRAEADQVVEGTLRAVKAVLGSLEHHHHHH,52.4426,25.6361,52.0168
85,H85G:F87Q:A231T:L167N,MLKNDQLDQWDRDNFFHPSTHLAQHARGESANRVIKTASGVFIEDRDGTKLLDAFAGLWCVNVGYGRQEIAEAIADQARELAYYGSQVGHGTEASITLAKMILDRAPKNMSKVYFGLGGSDANETNVKLIWYYNNILGRPEKKKIISRWRGFHGSGLVTGSLTGLENFHKKFDLPVEQVIHTEAPYYFRREDLNQTEEQFVAHCVAELEALIEREGADTIAAFIGEPILGTGGIVPPPAGYWEAIQTVLNKHDILLVADEVVTGFGRLGTMFGSDHYGLEPDIITIAKGLTSAYAPLSGSIVSDKVWKVLEQGTDENGPIGHGWTYSAHPIGAAAGVANLKLLDELNLVSNAGEVGAYLNATMAEALSQHANVGDVRGEGLLCAVEFVKDRDSRTFFDAADKIGPQISAKLLEQDKIIARAMPQGDILGFAPPFCLTRAEADQVVEGTLRAVKAVLGSLEHHHHHH,75.9197,35.9497,72.9432
86,R394K:F168L:M422T:H90R,MLKNDQLDQWDRDNFFHPSTHLAQHARGESANRVIKTASGVFIEDRDGTKLLDAFAGLWCVNVGYGRQEIAEAIADQARELAYYHSFVGRGTEASITLAKMILDRAPKNMSKVYFGLGGSDANETNVKLIWYYNNILGRPEKKKIISRWRGFHGSGLVTGSLTGLELLHKKFDLPVEQVIHTEAPYYFRREDLNQTEEQFVAHCVAELEALIEREGADTIAAFIGEPILGAGGIVPPPAGYWEAIQTVLNKHDILLVADEVVTGFGRLGTMFGSDHYGLEPDIITIAKGLTSAYAPLSGSIVSDKVWKVLEQGTDENGPIGHGWTYSAHPIGAAAGVANLKLLDELNLVSNAGEVGAYLNATMAEALSQHANVGDVRGEGLLCAVEFVKDRDSKTFFDAADKIGPQISAKLLEQDKIIARATPQGDILGFAPPFCLTRAEADQVVEGTLRAVKAVLGSLEHHHHHH,54.2069,25.7847,52.3185
87,N250Y:R420W:R214S:L58W,MLKNDQLDQWDRDNFFHPSTHLAQHARGESANRVIKTASGVFIEDRDGTKLLDAFAGWWCVNVGYGRQEIAEAIADQARELAYYHSFVGHGTEASITLAKMILDRAPKNMSKVYFGLGGSDANETNVKLIWYYNNILGRPEKKKIISRWRGFHGSGLVTGSLTGLELFHKKFDLPVEQVIHTEAPYYFRREDLNQTEEQFVAHCVAELEALIESEGADTIAAFIGEPILGAGGIVPPPAGYWEAIQTVLYKHDILLVADEVVTGFGRLGTMFGSDHYGLEPDIITIAKGLTSAYAPLSGSIVSDKVWKVLEQGTDENGPIGHGWTYSAHPIGAAAGVANLKLLDELNLVSNAGEVGAYLNATMAEALSQHANVGDVRGEGLLCAVEFVKDRDSRTFFDAADKIGPQISAKLLEQDKIIAWAMPQGDILGFAPPFCLTRAEADQVVEGTLRAVKAVLGSLEHHHHHH,26.0994,13.3976,25.936
88,N250Y:R420L:D398A:A399Q,MLKNDQLDQWDRDNFFHPSTHLAQHARGESANRVIKTASGVFIEDRDGTKLLDAFAGLWCVNVGYGRQEIAEAIADQARELAYYHSFVGHGTEASITLAKMILDRAPKNMSKVYFGLGGSDANETNVKLIWYYNNILGRPEKKKIISRWRGFHGSGLVTGSLTGLELFHKKFDLPVEQVIHTEAPYYFRREDLNQTEEQFVAHCVAELEALIEREGADTIAAFIGEPILGAGGIVPPPAGYWEAIQTVLYKHDILLVADEVVTGFGRLGTMFGSDHYGLEPDIITIAKGLTSAYAPLSGSIVSDKVWKVLEQGTDENGPIGHGWTYSAHPIGAAAGVANLKLLDELNLVSNAGEVGAYLNATMAEALSQHANVGDVRGEGLLCAVEFVKDRDSRTFFAQADKIGPQISAKLLEQDKIIALAMPQGDILGFAPPFCLTRAEADQVVEGTLRAVKAVLGSLEHHHHHH,63.5219,29.0429,58.9293
89,V262M:K402N:Q369G:D401R,MLKNDQLDQWDRDNFFHPSTHLAQHARGESANRVIKTASGVFIEDRDGTKLLDAFAGLWCVNVGYGRQEIAEAIADQARELAYYHSFVGHGTEASITLAKMILDRAPKNMSKVYFGLGGSDANETNVKLIWYYNNILGRPEKKKIISRWRGFHGSGLVTGSLTGLELFHKKFDLPVEQVIHTEAPYYFRREDLNQTEEQFVAHCVAELEALIEREGADTIAAFIGEPILGAGGIVPPPAGYWEAIQTVLNKHDILLVADEVMTGFGRLGTMFGSDHYGLEPDIITIAKGLTSAYAPLSGSIVSDKVWKVLEQGTDENGPIGHGWTYSAHPIGAAAGVANLKLLDELNLVSNAGEVGAYLNATMAEALSGHANVGDVRGEGLLCAVEFVKDRDSRTFFDAARNIGPQISAKLLEQDKIIARAMPQGDILGFAPPFCLTRAEADQVVEGTLRAVKAVLGSLEHHHHHH,78.0954,37.0033,75.0812
90,V262M:E280K:R46T:F168N,MLKNDQLDQWDRDNFFHPSTHLAQHARGESANRVIKTASGVFIEDTDGTKLLDAFAGLWCVNVGYGRQEIAEAIADQARELAYYHSFVGHGTEASITLAKMILDRAPKNMSKVYFGLGGSDANETNVKLIWYYNNILGRPEKKKIISRWRGFHGSGLVTGSLTGLELNHKKFDLPVEQVIHTEAPYYFRREDLNQTEEQFVAHCVAELEALIEREGADTIAAFIGEPILGAGGIVPPPAGYWEAIQTVLNKHDILLVADEVMTGFGRLGTMFGSDHYGLKPDIITIAKGLTSAYAPLSGSIVSDKVWKVLEQGTDENGPIGHGWTYSAHPIGAAAGVANLKLLDELNLVSNAGEVGAYLNATMAEALSQHANVGDVRGEGLLCAVEFVKDRDSRTFFDAADKIGPQISAKLLEQDKIIARAMPQGDILGFAPPFCLTRAEADQVVEGTLRAVKAVLGSLEHHHHHH,65.9264,31.0139,62.928
91,G332A:L382F:R420W:W59A,MLKNDQLDQWDRDNFFHPSTHLAQHARGESANRVIKTASGVFIEDRDGTKLLDAFAGLACVNVGYGRQEIAEAIADQARELAYYHSFVGHGTEASITLAKMILDRAPKNMSKVYFGLGGSDANETNVKLIWYYNNILGRPEKKKIISRWRGFHGSGLVTGSLTGLELFHKKFDLPVEQVIHTEAPYYFRREDLNQTEEQFVAHCVAELEALIEREGADTIAAFIGEPILGAGGIVPPPAGYWEAIQTVLNKHDILLVADEVVTGFGRLGTMFGSDHYGLEPDIITIAKGLTSAYAPLSGSIVSDKVWKVLEQGTDENGPIGHGWTYSAHPIAAAAGVANLKLLDELNLVSNAGEVGAYLNATMAEALSQHANVGDVRGEGLFCAVEFVKDRDSRTFFDAADKIGPQISAKLLEQDKIIAWAMPQGDILGFAPPFCLTRAEADQVVEGTLRAVKAVLGSLEHHHHHH,86.0797,39.7149,80.5801
92,L382I:S86T:L167F:D392E,MLKNDQLDQWDRDNFFHPSTHLAQHARGESANRVIKTASGVFIEDRDGTKLLDAFAGLWCVNVGYGRQEIAEAIADQARELAYYHTFVGHGTEASITLAKMILDRAPKNMSKVYFGLGGSDANETNVKLIWYYNNILGRPEKKKIISRWRGFHGSGLVTGSLTGLEFFHKKFDLPVEQVIHTEAPYYFRREDLNQTEEQFVAHCVAELEALIEREGADTIAAFIGEPILGAGGIVPPPAGYWEAIQTVLNKHDILLVADEVVTGFGRLGTMFGSDHYGLEPDIITIAKGLTSAYAPLSGSIVSDKVWKVLEQGTDENGPIGHGWTYSAHPIGAAAGVANLKLLDELNLVSNAGEVGAYLNATMAEALSQHANVGDVRGEGLICAVEFVKDRESRTFFDAADKIGPQISAKLLEQDKIIARAMPQGDILGFAPPFCLTRAEADQVVEGTLRAVKAVLGSLEHHHHHH,63.1448,29.7946,60.4546
93,G332A:P423Q:L167F:R391P,MLKNDQLDQWDRDNFFHPSTHLAQHARGESANRVIKTASGVFIEDRDGTKLLDAFAGLWCVNVGYGRQEIAEAIADQARELAYYHSFVGHGTEASITLAKMILDRAPKNMSKVYFGLGGSDANETNVKLIWYYNNILGRPEKKKIISRWRGFHGSGLVTGSLTGLEFFHKKFDLPVEQVIHTEAPYYFRREDLNQTEEQFVAHCVAELEALIEREGADTIAAFIGEPILGAGGIVPPPAGYWEAIQTVLNKHDILLVADEVVTGFGRLGTMFGSDHYGLEPDIITIAKGLTSAYAPLSGSIVSDKVWKVLEQGTDENGPIGHGWTYSAHPIAAAAGVANLKLLDELNLVSNAGEVGAYLNATMAEALSQHANVGDVRGEGLLCAVEFVKDPDSRTFFDAADKIGPQISAKLLEQDKIIARAMQQGDILGFAPPFCLTRAEADQVVEGTLRAVKAVLGSLEHHHHHH,72.6865,33.6864,68.3512
94,Q406R:W59F:F152W:D401L,MLKNDQLDQWDRDNFFHPSTHLAQHARGESANRVIKTASGVFIEDRDGTKLLDAFAGLFCVNVGYGRQEIAEAIADQARELAYYHSFVGHGTEASITLAKMILDRAPKNMSKVYFGLGGSDANETNVKLIWYYNNILGRPEKKKIISRWRGWHGSGLVTGSLTGLELFHKKFDLPVEQVIHTEAPYYFRREDLNQTEEQFVAHCVAELEALIEREGADTIAAFIGEPILGAGGIVPPPAGYWEAIQTVLNKHDILLVADEVVTGFGRLGTMFGSDHYGLEPDIITIAKGLTSAYAPLSGSIVSDKVWKVLEQGTDENGPIGHGWTYSAHPIGAAAGVANLKLLDELNLVSNAGEVGAYLNATMAEALSQHANVGDVRGEGLLCAVEFVKDRDSRTFFDAALKIGPRISAKLLEQDKIIARAMPQGDILGFAPPFCLTRAEADQVVEGTLRAVKAVLGSLEHHHHHH,87.4367,41.169,83.5338
95,G429R:S368G:R391P:F397L,MLKNDQLDQWDRDNFFHPSTHLAQHARGESANRVIKTASGVFIEDRDGTKLLDAFAGLWCVNVGYGRQEIAEAIADQARELAYYHSFVGHGTEASITLAKMILDRAPKNMSKVYFGLGGSDANETNVKLIWYYNNILGRPEKKKIISRWRGFHGSGLVTGSLTGLELFHKKFDLPVEQVIHTEAPYYFRREDLNQTEEQFVAHCVAELEALIEREGADTIAAFIGEPILGAGGIVPPPAGYWEAIQTVLNKHDILLVADEVVTGFGRLGTMFGSDHYGLEPDIITIAKGLTSAYAPLSGSIVSDKVWKVLEQGTDENGPIGHGWTYSAHPIGAAAGVANLKLLDELNLVSNAGEVGAYLNATMAEALGQHANVGDVRGEGLLCAVEFVKDPDSRTFLDAADKIGPQISAKLLEQDKIIARAMPQGDILRFAPPFCLTRAEADQVVEGTLRAVKAVLGSLEHHHHHH,79.3774,36.899,74.8696
96,A231V:L167V:D398A:P281A,MLKNDQLDQWDRDNFFHPSTHLAQHARGESANRVIKTASGVFIEDRDGTKLLDAFAGLWCVNVGYGRQEIAEAIADQARELAYYHSFVGHGTEASITLAKMILDRAPKNMSKVYFGLGGSDANETNVKLIWYYNNILGRPEKKKIISRWRGFHGSGLVTGSLTGLEVFHKKFDLPVEQVIHTEAPYYFRREDLNQTEEQFVAHCVAELEALIEREGADTIAAFIGEPILGVGGIVPPPAGYWEAIQTVLNKHDILLVADEVVTGFGRLGTMFGSDHYGLEADIITIAKGLTSAYAPLSGSIVSDKVWKVLEQGTDENGPIGHGWTYSAHPIGAAAGVANLKLLDELNLVSNAGEVGAYLNATMAEALSQHANVGDVRGEGLLCAVEFVKDRDSRTFFAAADKIGPQISAKLLEQDKIIARAMPQGDILGFAPPFCLTRAEADQVVEGTLRAVKAVLGSLEHHHHHH,73.7744,34.9754,70.9697
97,G332C:W59Y:R391P:F168Y,MLKNDQLDQWDRDNFFHPSTHLAQHARGESANRVIKTASGVFIEDRDGTKLLDAFAGLYCVNVGYGRQEIAEAIADQARELAYYHSFVGHGTEASITLAKMILDRAPKNMSKVYFGLGGSDANETNVKLIWYYNNILGRPEKKKIISRWRGFHGSGLVTGSLTGLELYHKKFDLPVEQVIHTEAPYYFRREDLNQTEEQFVAHCVAELEALIEREGADTIAAFIGEPILGAGGIVPPPAGYWEAIQTVLNKHDILLVADEVVTGFGRLGTMFGSDHYGLEPDIITIAKGLTSAYAPLSGSIVSDKVWKVLEQGTDENGPIGHGWTYSAHPICAAAGVANLKLLDELNLVSNAGEVGAYLNATMAEALSQHANVGDVRGEGLLCAVEFVKDPDSRTFFDAADKIGPQISAKLLEQDKIIARAMPQGDILGFAPPFCLTRAEADQVVEGTLRAVKAVLGSLEHHHHHH,74.2612,34.7828,70.5759
98,V262I:G332A:A231G:A399Q,MLKNDQLDQWDRDNFFHPSTHLAQHARGESANRVIKTASGVFIEDRDGTKLLDAFAGLWCVNVGYGRQEIAEAIADQARELAYYHSFVGHGTEASITLAKMILDRAPKNMSKVYFGLGGSDANETNVKLIWYYNNILGRPEKKKIISRWRGFHGSGLVTGSLTGLELFHKKFDLPVEQVIHTEAPYYFRREDLNQTEEQFVAHCVAELEALIEREGADTIAAFIGEPILGGGGIVPPPAGYWEAIQTVLNKHDILLVADEVITGFGRLGTMFGSDHYGLEPDIITIAKGLTSAYAPLSGSIVSDKVWKVLEQGTDENGPIGHGWTYSAHPIAAAAGVANLKLLDELNLVSNAGEVGAYLNATMAEALSQHANVGDVRGEGLLCAVEFVKDRDSRTFFDQADKIGPQISAKLLEQDKIIARAMPQGDILGFAPPFCLTRAEADQVVEGTLRAVKAVLGSLEHHHHHH,77.0304,35.374,71.7754
99,P423Q:F152W:D401R:F168N,MLKNDQLDQWDRDNFFHPSTHLAQHARGESANRVIKTASGVFIEDRDGTKLLDAFAGLWCVNVGYGRQEIAEAIADQARELAYYHSFVGHGTEASITLAKMILDRAPKNMSKVYFGLGGSDANETNVKLIWYYNNILGRPEKKKIISRWRGWHGSGLVTGSLTGLELNHKKFDLPVEQVIHTEAPYYFRREDLNQTEEQFVAHCVAELEALIEREGADTIAAFIGEPILGAGGIVPPPAGYWEAIQTVLNKHDILLVADEVVTGFGRLGTMFGSDHYGLEPDIITIAKGLTSAYAPLSGSIVSDKVWKVLEQGTDENGPIGHGWTYSAHPIGAAAGVANLKLLDELNLVSNAGEVGAYLNATMAEALSQHANVGDVRGEGLLCAVEFVKDRDSRTFFDAARKIGPQISAKLLEQDKIIARAMQQGDILGFAPPFCLTRAEADQVVEGTLRAVKAVLGSLEHHHHHH,65.0648,29.3853,59.6241
100,V262M:P423H:A399P:L165I,MLKNDQLDQWDRDNFFHPSTHLAQHARGESANRVIKTASGVFIEDRDGTKLLDAFAGLWCVNVGYGRQEIAEAIADQARELAYYHSFVGHGTEASITLAKMILDRAPKNMSKVYFGLGGSDANETNVKLIWYYNNILGRPEKKKIISRWRGFHGSGLVTGSLTGIELFHKKFDLPVEQVIHTEAPYYFRREDLNQTEEQFVAHCVAELEALIEREGADTIAAFIGEPILGAGGIVPPPAGYWEAIQTVLNKHDILLVADEVMTGFGRLGTMFGSDHYGLEPDIITIAKGLTSAYAPLSGSIVSDKVWKVLEQGTDENGPIGHGWTYSAHPIGAAAGVANLKLLDELNLVSNAGEVGAYLNATMAEALSQHANVGDVRGEGLLCAVEFVKDRDSRTFFDPADKIGPQISAKLLEQDKIIARAMHQGDILGFAPPFCLTRAEADQVVEGTLRAVKAVLGSLEHHHHHH,91.0567,42.682,86.6033
101,E280V:L167A:A56S:S19F,MLKNDQLDQWDRDNFFHPFTHLAQHARGESANRVIKTASGVFIEDRDGTKLLDAFSGLWCVNVGYGRQEIAEAIADQARELAYYHSFVGHGTEASITLAKMILDRAPKNMSKVYFGLGGSDANETNVKLIWYYNNILGRPEKKKIISRWRGFHGSGLVTGSLTGLEAFHKKFDLPVEQVIHTEAPYYFRREDLNQTEEQFVAHCVAELEALIEREGADTIAAFIGEPILGAGGIVPPPAGYWEAIQTVLNKHDILLVADEVVTGFGRLGTMFGSDHYGLVPDIITIAKGLTSAYAPLSGSIVSDKVWKVLEQGTDENGPIGHGWTYSAHPIGAAAGVANLKLLDELNLVSNAGEVGAYLNATMAEALSQHANVGDVRGEGLLCAVEFVKDRDSRTFFDAADKIGPQISAKLLEQDKIIARAMPQGDILGFAPPFCLTRAEADQVVEGTLRAVKAVLGSLEHHHHHH,65.4689,33.7025,68.3716
102,Q406R:A231T:S155A:D398A,MLKNDQLDQWDRDNFFHPSTHLAQHARGESANRVIKTASGVFIEDRDGTKLLDAFAGLWCVNVGYGRQEIAEAIADQARELAYYHSFVGHGTEASITLAKMILDRAPKNMSKVYFGLGGSDANETNVKLIWYYNNILGRPEKKKIISRWRGFHGAGLVTGSLTGLELFHKKFDLPVEQVIHTEAPYYFRREDLNQTEEQFVAHCVAELEALIEREGADTIAAFIGEPILGTGGIVPPPAGYWEAIQTVLNKHDILLVADEVVTGFGRLGTMFGSDHYGLEPDIITIAKGLTSAYAPLSGSIVSDKVWKVLEQGTDENGPIGHGWTYSAHPIGAAAGVANLKLLDELNLVSNAGEVGAYLNATMAEALSQHANVGDVRGEGLLCAVEFVKDRDSRTFFAAADKIGPRISAKLLEQDKIIARAMPQGDILGFAPPFCLTRAEADQVVEGTLRAVKAVLGSLEHHHHHH,60.7691,28.1492,57.1158
103,Q406R:W59L:E280V:E29A,MLKNDQLDQWDRDNFFHPSTHLAQHARGASANRVIKTASGVFIEDRDGTKLLDAFAGLLCVNVGYGRQEIAEAIADQARELAYYHSFVGHGTEASITLAKMILDRAPKNMSKVYFGLGGSDANETNVKLIWYYNNILGRPEKKKIISRWRGFHGSGLVTGSLTGLELFHKKFDLPVEQVIHTEAPYYFRREDLNQTEEQFVAHCVAELEALIEREGADTIAAFIGEPILGAGGIVPPPAGYWEAIQTVLNKHDILLVADEVVTGFGRLGTMFGSDHYGLVPDIITIAKGLTSAYAPLSGSIVSDKVWKVLEQGTDENGPIGHGWTYSAHPIGAAAGVANLKLLDELNLVSNAGEVGAYLNATMAEALSQHANVGDVRGEGLLCAVEFVKDRDSRTFFDAADKIGPRISAKLLEQDKIIARAMPQGDILGFAPPFCLTRAEADQVVEGTLRAVKAVLGSLEHHHHHH,79.7683,37.9695,77.0419
104,G429A:F87L:C60V:D401G,MLKNDQLDQWDRDNFFHPSTHLAQHARGESANRVIKTASGVFIEDRDGTKLLDAFAGLWVVNVGYGRQEIAEAIADQARELAYYHSLVGHGTEASITLAKMILDRAPKNMSKVYFGLGGSDANETNVKLIWYYNNILGRPEKKKIISRWRGFHGSGLVTGSLTGLELFHKKFDLPVEQVIHTEAPYYFRREDLNQTEEQFVAHCVAELEALIEREGADTIAAFIGEPILGAGGIVPPPAGYWEAIQTVLNKHDILLVADEVVTGFGRLGTMFGSDHYGLEPDIITIAKGLTSAYAPLSGSIVSDKVWKVLEQGTDENGPIGHGWTYSAHPIGAAAGVANLKLLDELNLVSNAGEVGAYLNATMAEALSQHANVGDVRGEGLLCAVEFVKDRDSRTFFDAAGKIGPQISAKLLEQDKIIARAMPQGDILAFAPPFCLTRAEADQVVEGTLRAVKAVLGSLEHHHHHH,69.0029,32.428,65.7927
105,E29K:A56S:L165I:S19Y,MLKNDQLDQWDRDNFFHPYTHLAQHARGKSANRVIKTASGVFIEDRDGTKLLDAFSGLWCVNVGYGRQEIAEAIADQARELAYYHSFVGHGTEASITLAKMILDRAPKNMSKVYFGLGGSDANETNVKLIWYYNNILGRPEKKKIISRWRGFHGSGLVTGSLTGIELFHKKFDLPVEQVIHTEAPYYFRREDLNQTEEQFVAHCVAELEALIEREGADTIAAFIGEPILGAGGIVPPPAGYWEAIQTVLNKHDILLVADEVVTGFGRLGTMFGSDHYGLEPDIITIAKGLTSAYAPLSGSIVSDKVWKVLEQGTDENGPIGHGWTYSAHPIGAAAGVANLKLLDELNLVSNAGEVGAYLNATMAEALSQHANVGDVRGEGLLCAVEFVKDRDSRTFFDAADKIGPQISAKLLEQDKIIARAMPQGDILGFAPPFCLTRAEADQVVEGTLRAVKAVLGSLEHHHHHH,86.7802,42.0429,85.3064
106,G429Y:S86T:P281S:S19Y,MLKNDQLDQWDRDNFFHPYTHLAQHARGESANRVIKTASGVFIEDRDGTKLLDAFAGLWCVNVGYGRQEIAEAIADQARELAYYHTFVGHGTEASITLAKMILDRAPKNMSKVYFGLGGSDANETNVKLIWYYNNILGRPEKKKIISRWRGFHGSGLVTGSLTGLELFHKKFDLPVEQVIHTEAPYYFRREDLNQTEEQFVAHCVAELEALIEREGADTIAAFIGEPILGAGGIVPPPAGYWEAIQTVLNKHDILLVADEVVTGFGRLGTMFGSDHYGLESDIITIAKGLTSAYAPLSGSIVSDKVWKVLEQGTDENGPIGHGWTYSAHPIGAAAGVANLKLLDELNLVSNAGEVGAYLNATMAEALSQHANVGDVRGEGLLCAVEFVKDRDSRTFFDAADKIGPQISAKLLEQDKIIARAMPQGDILYFAPPFCLTRAEADQVVEGTLRAVKAVLGSLEHHHHHH,60.6302,29.3873,59.6035
107,G429R:D401G:L165M:F168L,MLKNDQLDQWDRDNFFHPSTHLAQHARGESANRVIKTASGVFIEDRDGTKLLDAFAGLWCVNVGYGRQEIAEAIADQARELAYYHSFVGHGTEASITLAKMILDRAPKNMSKVYFGLGGSDANETNVKLIWYYNNILGRPEKKKIISRWRGFHGSGLVTGSLTGMELLHKKFDLPVEQVIHTEAPYYFRREDLNQTEEQFVAHCVAELEALIEREGADTIAAFIGEPILGAGGIVPPPAGYWEAIQTVLNKHDILLVADEVVTGFGRLGTMFGSDHYGLEPDIITIAKGLTSAYAPLSGSIVSDKVWKVLEQGTDENGPIGHGWTYSAHPIGAAAGVANLKLLDELNLVSNAGEVGAYLNATMAEALSQHANVGDVRGEGLLCAVEFVKDRDSRTFFDAAGKIGPQISAKLLEQDKIIARAMPQGDILRFAPPFCLTRAEADQVVEGTLRAVKAVLGSLEHHHHHH,66.4123,31.7221,64.3649
108,I234F:G332C:P423L:R214S,MLKNDQLDQWDRDNFFHPSTHLAQHARGESANRVIKTASGVFIEDRDGTKLLDAFAGLWCVNVGYGRQEIAEAIADQARELAYYHSFVGHGTEASITLAKMILDRAPKNMSKVYFGLGGSDANETNVKLIWYYNNILGRPEKKKIISRWRGFHGSGLVTGSLTGLELFHKKFDLPVEQVIHTEAPYYFRREDLNQTEEQFVAHCVAELEALIESEGADTIAAFIGEPILGAGGFVPPPAGYWEAIQTVLNKHDILLVADEVVTGFGRLGTMFGSDHYGLEPDIITIAKGLTSAYAPLSGSIVSDKVWKVLEQGTDENGPIGHGWTYSAHPICAAAGVANLKLLDELNLVSNAGEVGAYLNATMAEALSQHANVGDVRGEGLLCAVEFVKDRDSRTFFDAADKIGPQISAKLLEQDKIIARAMLQGDILGFAPPFCLTRAEADQVVEGTLRAVKAVLGSLEHHHHHH,19.696,8.7872,20.0867
109,V262Q:Q406K:A231E:S19F,MLKNDQLDQWDRDNFFHPFTHLAQHARGESANRVIKTASGVFIEDRDGTKLLDAFAGLWCVNVGYGRQEIAEAIADQARELAYYHSFVGHGTEASITLAKMILDRAPKNMSKVYFGLGGSDANETNVKLIWYYNNILGRPEKKKIISRWRGFHGSGLVTGSLTGLELFHKKFDLPVEQVIHTEAPYYFRREDLNQTEEQFVAHCVAELEALIEREGADTIAAFIGEPILGEGGIVPPPAGYWEAIQTVLNKHDILLVADEVQTGFGRLGTMFGSDHYGLEPDIITIAKGLTSAYAPLSGSIVSDKVWKVLEQGTDENGPIGHGWTYSAHPIGAAAGVANLKLLDELNLVSNAGEVGAYLNATMAEALSQHANVGDVRGEGLLCAVEFVKDRDSRTFFDAADKIGPKISAKLLEQDKIIARAMPQGDILGFAPPFCLTRAEADQVVEGTLRAVKAVLGSLEHHHHHH,51.1837,26.529,53.8284
110,F87Q:C60V:S393A:H90K,MLKNDQLDQWDRDNFFHPSTHLAQHARGESANRVIKTASGVFIEDRDGTKLLDAFAGLWVVNVGYGRQEIAEAIADQARELAYYHSQVGKGTEASITLAKMILDRAPKNMSKVYFGLGGSDANETNVKLIWYYNNILGRPEKKKIISRWRGFHGSGLVTGSLTGLELFHKKFDLPVEQVIHTEAPYYFRREDLNQTEEQFVAHCVAELEALIEREGADTIAAFIGEPILGAGGIVPPPAGYWEAIQTVLNKHDILLVADEVVTGFGRLGTMFGSDHYGLEPDIITIAKGLTSAYAPLSGSIVSDKVWKVLEQGTDENGPIGHGWTYSAHPIGAAAGVANLKLLDELNLVSNAGEVGAYLNATMAEALSQHANVGDVRGEGLLCAVEFVKDRDARTFFDAADKIGPQISAKLLEQDKIIARAMPQGDILGFAPPFCLTRAEADQVVEGTLRAVKAVLGSLEHHHHHH,97.8885,43.1444,90.474
111,A71I:W59Y:A231S:L58W,MLKNDQLDQWDRDNFFHPSTHLAQHARGESANRVIKTASGVFIEDRDGTKLLDAFAGWYCVNVGYGRQEIIEAIADQARELAYYHSFVGHGTEASITLAKMILDRAPKNMSKVYFGLGGSDANETNVKLIWYYNNILGRPEKKKIISRWRGFHGSGLVTGSLTGLELFHKKFDLPVEQVIHTEAPYYFRREDLNQTEEQFVAHCVAELEALIEREGADTIAAFIGEPILGSGGIVPPPAGYWEAIQTVLNKHDILLVADEVVTGFGRLGTMFGSDHYGLEPDIITIAKGLTSAYAPLSGSIVSDKVWKVLEQGTDENGPIGHGWTYSAHPIGAAAGVANLKLLDELNLVSNAGEVGAYLNATMAEALSQHANVGDVRGEGLLCAVEFVKDRDSRTFFDAADKIGPQISAKLLEQDKIIARAMPQGDILGFAPPFCLTRAEADQVVEGTLRAVKAVLGSLEHHHHHH,72.7305,34.3434,69.6913
112,R420K:E29A:D47Q:F168Y,MLKNDQLDQWDRDNFFHPSTHLAQHARGASANRVIKTASGVFIEDRQGTKLLDAFAGLWCVNVGYGRQEIAEAIADQARELAYYHSFVGHGTEASITLAKMILDRAPKNMSKVYFGLGGSDANETNVKLIWYYNNILGRPEKKKIISRWRGFHGSGLVTGSLTGLELYHKKFDLPVEQVIHTEAPYYFRREDLNQTEEQFVAHCVAELEALIEREGADTIAAFIGEPILGAGGIVPPPAGYWEAIQTVLNKHDILLVADEVVTGFGRLGTMFGSDHYGLEPDIITIAKGLTSAYAPLSGSIVSDKVWKVLEQGTDENGPIGHGWTYSAHPIGAAAGVANLKLLDELNLVSNAGEVGAYLNATMAEALSQHANVGDVRGEGLLCAVEFVKDRDSRTFFDAADKIGPQISAKLLEQDKIIAKAMPQGDILGFAPPFCLTRAEADQVVEGTLRAVKAVLGSLEHHHHHH,74.3773,35.4036,71.8355
113,G332S:A71V:E29K:D398A,MLKNDQLDQWDRDNFFHPSTHLAQHARGKSANRVIKTASGVFIEDRDGTKLLDAFAGLWCVNVGYGRQEIVEAIADQARELAYYHSFVGHGTEASITLAKMILDRAPKNMSKVYFGLGGSDANETNVKLIWYYNNILGRPEKKKIISRWRGFHGSGLVTGSLTGLELFHKKFDLPVEQVIHTEAPYYFRREDLNQTEEQFVAHCVAELEALIEREGADTIAAFIGEPILGAGGIVPPPAGYWEAIQTVLNKHDILLVADEVVTGFGRLGTMFGSDHYGLEPDIITIAKGLTSAYAPLSGSIVSDKVWKVLEQGTDENGPIGHGWTYSAHPISAAAGVANLKLLDELNLVSNAGEVGAYLNATMAEALSQHANVGDVRGEGLLCAVEFVKDRDSRTFFAAADKIGPQISAKLLEQDKIIARAMPQGDILGFAPPFCLTRAEADQVVEGTLRAVKAVLGSLEHHHHHH,117.8284,48.6918,102.1074
114,N250R:P423G:E177A:S393D,MLKNDQLDQWDRDNFFHPSTHLAQHARGESANRVIKTASGVFIEDRDGTKLLDAFAGLWCVNVGYGRQEIAEAIADQARELAYYHSFVGHGTEASITLAKMILDRAPKNMSKVYFGLGGSDANETNVKLIWYYNNILGRPEKKKIISRWRGFHGSGLVTGSLTGLELFHKKFDLPVAQVIHTEAPYYFRREDLNQTEEQFVAHCVAELEALIEREGADTIAAFIGEPILGAGGIVPPPAGYWEAIQTVLRKHDILLVADEVVTGFGRLGTMFGSDHYGLEPDIITIAKGLTSAYAPLSGSIVSDKVWKVLEQGTDENGPIGHGWTYSAHPIGAAAGVANLKLLDELNLVSNAGEVGAYLNATMAEALSQHANVGDVRGEGLLCAVEFVKDRDDRTFFDAADKIGPQISAKLLEQDKIIARAMGQGDILGFAPPFCLTRAEADQVVEGTLRAVKAVLGSLEHHHHHH,59.7657,27.4287,55.654
115,P423A:S368A:A56S:S19W,MLKNDQLDQWDRDNFFHPWTHLAQHARGESANRVIKTASGVFIEDRDGTKLLDAFSGLWCVNVGYGRQEIAEAIADQARELAYYHSFVGHGTEASITLAKMILDRAPKNMSKVYFGLGGSDANETNVKLIWYYNNILGRPEKKKIISRWRGFHGSGLVTGSLTGLELFHKKFDLPVEQVIHTEAPYYFRREDLNQTEEQFVAHCVAELEALIEREGADTIAAFIGEPILGAGGIVPPPAGYWEAIQTVLNKHDILLVADEVVTGFGRLGTMFGSDHYGLEPDIITIAKGLTSAYAPLSGSIVSDKVWKVLEQGTDENGPIGHGWTYSAHPIGAAAGVANLKLLDELNLVSNAGEVGAYLNATMAEALAQHANVGDVRGEGLLCAVEFVKDRDSRTFFDAADKIGPQISAKLLEQDKIIARAMAQGDILGFAPPFCLTRAEADQVVEGTLRAVKAVLGSLEHHHHHH,65.7482,33.2445,67.4544
116,R420K:L58W:A56S:M422L,MLKNDQLDQWDRDNFFHPSTHLAQHARGESANRVIKTASGVFIEDRDGTKLLDAFSGWWCVNVGYGRQEIAEAIADQARELAYYHSFVGHGTEASITLAKMILDRAPKNMSKVYFGLGGSDANETNVKLIWYYNNILGRPEKKKIISRWRGFHGSGLVTGSLTGLELFHKKFDLPVEQVIHTEAPYYFRREDLNQTEEQFVAHCVAELEALIEREGADTIAAFIGEPILGAGGIVPPPAGYWEAIQTVLNKHDILLVADEVVTGFGRLGTMFGSDHYGLEPDIITIAKGLTSAYAPLSGSIVSDKVWKVLEQGTDENGPIGHGWTYSAHPIGAAAGVANLKLLDELNLVSNAGEVGAYLNATMAEALSQHANVGDVRGEGLLCAVEFVKDRDSRTFFDAADKIGPQISAKLLEQDKIIAKALPQGDILGFAPPFCLTRAEADQVVEGTLRAVKAVLGSLEHHHHHH,85.9743,39.9573,81.075
117,Q406A:L58I:Y83S:A56G,MLKNDQLDQWDRDNFFHPSTHLAQHARGESANRVIKTASGVFIEDRDGTKLLDAFGGIWCVNVGYGRQEIAEAIADQARELASYHSFVGHGTEASITLAKMILDRAPKNMSKVYFGLGGSDANETNVKLIWYYNNILGRPEKKKIISRWRGFHGSGLVTGSLTGLELFHKKFDLPVEQVIHTEAPYYFRREDLNQTEEQFVAHCVAELEALIEREGADTIAAFIGEPILGAGGIVPPPAGYWEAIQTVLNKHDILLVADEVVTGFGRLGTMFGSDHYGLEPDIITIAKGLTSAYAPLSGSIVSDKVWKVLEQGTDENGPIGHGWTYSAHPIGAAAGVANLKLLDELNLVSNAGEVGAYLNATMAEALSQHANVGDVRGEGLLCAVEFVKDRDSRTFFDAADKIGPAISAKLLEQDKIIARAMPQGDILGFAPPFCLTRAEADQVVEGTLRAVKAVLGSLEHHHHHH,124.3461,53.3983,111.9768
118,G332C:A71I:S86T:M422S,MLKNDQLDQWDRDNFFHPSTHLAQHARGESANRVIKTASGVFIEDRDGTKLLDAFAGLWCVNVGYGRQEIIEAIADQARELAYYHTFVGHGTEASITLAKMILDRAPKNMSKVYFGLGGSDANETNVKLIWYYNNILGRPEKKKIISRWRGFHGSGLVTGSLTGLELFHKKFDLPVEQVIHTEAPYYFRREDLNQTEEQFVAHCVAELEALIEREGADTIAAFIGEPILGAGGIVPPPAGYWEAIQTVLNKHDILLVADEVVTGFGRLGTMFGSDHYGLEPDIITIAKGLTSAYAPLSGSIVSDKVWKVLEQGTDENGPIGHGWTYSAHPICAAAGVANLKLLDELNLVSNAGEVGAYLNATMAEALSQHANVGDVRGEGLLCAVEFVKDRDSRTFFDAADKIGPQISAKLLEQDKIIARASPQGDILGFAPPFCLTRAEADQVVEGTLRAVKAVLGSLEHHHHHH,83.5262,39.0177,79.1688
119,N250Y:A71I:H252R:Y83S,MLKNDQLDQWDRDNFFHPSTHLAQHARGESANRVIKTASGVFIEDRDGTKLLDAFAGLWCVNVGYGRQEIIEAIADQARELASYHSFVGHGTEASITLAKMILDRAPKNMSKVYFGLGGSDANETNVKLIWYYNNILGRPEKKKIISRWRGFHGSGLVTGSLTGLELFHKKFDLPVEQVIHTEAPYYFRREDLNQTEEQFVAHCVAELEALIEREGADTIAAFIGEPILGAGGIVPPPAGYWEAIQTVLYKRDILLVADEVVTGFGRLGTMFGSDHYGLEPDIITIAKGLTSAYAPLSGSIVSDKVWKVLEQGTDENGPIGHGWTYSAHPIGAAAGVANLKLLDELNLVSNAGEVGAYLNATMAEALSQHANVGDVRGEGLLCAVEFVKDRDSRTFFDAADKIGPQISAKLLEQDKIIARAMPQGDILGFAPPFCLTRAEADQVVEGTLRAVKAVLGSLEHHHHHH,88.0872,39.6298,81.603
120,R420W:G429R:F87Q:R46H,MLKNDQLDQWDRDNFFHPSTHLAQHARGESANRVIKTASGVFIEDHDGTKLLDAFAGLWCVNVGYGRQEIAEAIADQARELAYYHSQVGHGTEASITLAKMILDRAPKNMSKVYFGLGGSDANETNVKLIWYYNNILGRPEKKKIISRWRGFHGSGLVTGSLTGLELFHKKFDLPVEQVIHTEAPYYFRREDLNQTEEQFVAHCVAELEALIEREGADTIAAFIGEPILGAGGIVPPPAGYWEAIQTVLNKHDILLVADEVVTGFGRLGTMFGSDHYGLEPDIITIAKGLTSAYAPLSGSIVSDKVWKVLEQGTDENGPIGHGWTYSAHPIGAAAGVANLKLLDELNLVSNAGEVGAYLNATMAEALSQHANVGDVRGEGLLCAVEFVKDRDSRTFFDAADKIGPQISAKLLEQDKIIAWAMPQGDILRFAPPFCLTRAEADQVVEGTLRAVKAVLGSLEHHHHHH,96.784,41.6083,87.2173
121,V262Q:Q406R:F397L:A399P,MLKNDQLDQWDRDNFFHPSTHLAQHARGESANRVIKTASGVFIEDRDGTKLLDAFAGLWCVNVGYGRQEIAEAIADQARELAYYHSFVGHGTEASITLAKMILDRAPKNMSKVYFGLGGSDANETNVKLIWYYNNILGRPEKKKIISRWRGFHGSGLVTGSLTGLELFHKKFDLPVEQVIHTEAPYYFRREDLNQTEEQFVAHCVAELEALIEREGADTIAAFIGEPILGAGGIVPPPAGYWEAIQTVLNKHDILLVADEVQTGFGRLGTMFGSDHYGLEPDIITIAKGLTSAYAPLSGSIVSDKVWKVLEQGTDENGPIGHGWTYSAHPIGAAAGVANLKLLDELNLVSNAGEVGAYLNATMAEALSQHANVGDVRGEGLLCAVEFVKDRDSRTFLDPADKIGPRISAKLLEQDKIIARAMPQGDILGFAPPFCLTRAEADQVVEGTLRAVKAVLGSLEHHHHHH,91.0673,42.4627,86.1586
122,I234F:V262Q:R420K:S155V,MLKNDQLDQWDRDNFFHPSTHLAQHARGESANRVIKTASGVFIEDRDGTKLLDAFAGLWCVNVGYGRQEIAEAIADQARELAYYHSFVGHGTEASITLAKMILDRAPKNMSKVYFGLGGSDANETNVKLIWYYNNILGRPEKKKIISRWRGFHGVGLVTGSLTGLELFHKKFDLPVEQVIHTEAPYYFRREDLNQTEEQFVAHCVAELEALIEREGADTIAAFIGEPILGAGGFVPPPAGYWEAIQTVLNKHDILLVADEVQTGFGRLGTMFGSDHYGLEPDIITIAKGLTSAYAPLSGSIVSDKVWKVLEQGTDENGPIGHGWTYSAHPIGAAAGVANLKLLDELNLVSNAGEVGAYLNATMAEALSQHANVGDVRGEGLLCAVEFVKDRDSRTFFDAADKIGPQISAKLLEQDKIIAKAMPQGDILGFAPPFCLTRAEADQVVEGTLRAVKAVLGSLEHHHHHH,59.404,28.6,58.0307
123,N250R:P423R:A231E:S393A,MLKNDQLDQWDRDNFFHPSTHLAQHARGESANRVIKTASGVFIEDRDGTKLLDAFAGLWCVNVGYGRQEIAEAIADQARELAYYHSFVGHGTEASITLAKMILDRAPKNMSKVYFGLGGSDANETNVKLIWYYNNILGRPEKKKIISRWRGFHGSGLVTGSLTGLELFHKKFDLPVEQVIHTEAPYYFRREDLNQTEEQFVAHCVAELEALIEREGADTIAAFIGEPILGEGGIVPPPAGYWEAIQTVLRKHDILLVADEVVTGFGRLGTMFGSDHYGLEPDIITIAKGLTSAYAPLSGSIVSDKVWKVLEQGTDENGPIGHGWTYSAHPIGAAAGVANLKLLDELNLVSNAGEVGAYLNATMAEALSQHANVGDVRGEGLLCAVEFVKDRDARTFFDAADKIGPQISAKLLEQDKIIARAMRQGDILGFAPPFCLTRAEADQVVEGTLRAVKAVLGSLEHHHHHH,29.9537,13.8829,28.1689
124,L167A:Y83H:C60V:R394G,MLKNDQLDQWDRDNFFHPSTHLAQHARGESANRVIKTASGVFIEDRDGTKLLDAFAGLWVVNVGYGRQEIAEAIADQARELAHYHSFVGHGTEASITLAKMILDRAPKNMSKVYFGLGGSDANETNVKLIWYYNNILGRPEKKKIISRWRGFHGSGLVTGSLTGLEAFHKKFDLPVEQVIHTEAPYYFRREDLNQTEEQFVAHCVAELEALIEREGADTIAAFIGEPILGAGGIVPPPAGYWEAIQTVLNKHDILLVADEVVTGFGRLGTMFGSDHYGLEPDIITIAKGLTSAYAPLSGSIVSDKVWKVLEQGTDENGPIGHGWTYSAHPIGAAAGVANLKLLDELNLVSNAGEVGAYLNATMAEALSQHANVGDVRGEGLLCAVEFVKDRDSGTFFDAADKIGPQISAKLLEQDKIIARAMPQGDILGFAPPFCLTRAEADQVVEGTLRAVKAVLGSLEHHHHHH,54.9747,26.3403,53.1596
125,W59G:F87Y:A231G:S120T,MLKNDQLDQWDRDNFFHPSTHLAQHARGESANRVIKTASGVFIEDRDGTKLLDAFAGLGCVNVGYGRQEIAEAIADQARELAYYHSYVGHGTEASITLAKMILDRAPKNMSKVYFGLGGTDANETNVKLIWYYNNILGRPEKKKIISRWRGFHGSGLVTGSLTGLELFHKKFDLPVEQVIHTEAPYYFRREDLNQTEEQFVAHCVAELEALIEREGADTIAAFIGEPILGGGGIVPPPAGYWEAIQTVLNKHDILLVADEVVTGFGRLGTMFGSDHYGLEPDIITIAKGLTSAYAPLSGSIVSDKVWKVLEQGTDENGPIGHGWTYSAHPIGAAAGVANLKLLDELNLVSNAGEVGAYLNATMAEALSQHANVGDVRGEGLLCAVEFVKDRDSRTFFDAADKIGPQISAKLLEQDKIIARAMPQGDILGFAPPFCLTRAEADQVVEGTLRAVKAVLGSLEHHHHHH,115.2529,49.6742,104.1673
126,V262M:K402V:Q406K:E29A,MLKNDQLDQWDRDNFFHPSTHLAQHARGASANRVIKTASGVFIEDRDGTKLLDAFAGLWCVNVGYGRQEIAEAIADQARELAYYHSFVGHGTEASITLAKMILDRAPKNMSKVYFGLGGSDANETNVKLIWYYNNILGRPEKKKIISRWRGFHGSGLVTGSLTGLELFHKKFDLPVEQVIHTEAPYYFRREDLNQTEEQFVAHCVAELEALIEREGADTIAAFIGEPILGAGGIVPPPAGYWEAIQTVLNKHDILLVADEVMTGFGRLGTMFGSDHYGLEPDIITIAKGLTSAYAPLSGSIVSDKVWKVLEQGTDENGPIGHGWTYSAHPIGAAAGVANLKLLDELNLVSNAGEVGAYLNATMAEALSQHANVGDVRGEGLLCAVEFVKDRDSRTFFDAADVIGPKISAKLLEQDKIIARAMPQGDILGFAPPFCLTRAEADQVVEGTLRAVKAVLGSLEHHHHHH,91.6821,43.8729,89.02
127,G429R:S86A:R391K:D398E,MLKNDQLDQWDRDNFFHPSTHLAQHARGESANRVIKTASGVFIEDRDGTKLLDAFAGLWCVNVGYGRQEIAEAIADQARELAYYHAFVGHGTEASITLAKMILDRAPKNMSKVYFGLGGSDANETNVKLIWYYNNILGRPEKKKIISRWRGFHGSGLVTGSLTGLELFHKKFDLPVEQVIHTEAPYYFRREDLNQTEEQFVAHCVAELEALIEREGADTIAAFIGEPILGAGGIVPPPAGYWEAIQTVLNKHDILLVADEVVTGFGRLGTMFGSDHYGLEPDIITIAKGLTSAYAPLSGSIVSDKVWKVLEQGTDENGPIGHGWTYSAHPIGAAAGVANLKLLDELNLVSNAGEVGAYLNATMAEALSQHANVGDVRGEGLLCAVEFVKDKDSRTFFEAADKIGPQISAKLLEQDKIIARAMPQGDILRFAPPFCLTRAEADQVVEGTLRAVKAVLGSLEHHHHHH,94.1236,41.6592,87.3596
128,R420A:F87Q:R214A:P281A,MLKNDQLDQWDRDNFFHPSTHLAQHARGESANRVIKTASGVFIEDRDGTKLLDAFAGLWCVNVGYGRQEIAEAIADQARELAYYHSQVGHGTEASITLAKMILDRAPKNMSKVYFGLGGSDANETNVKLIWYYNNILGRPEKKKIISRWRGFHGSGLVTGSLTGLELFHKKFDLPVEQVIHTEAPYYFRREDLNQTEEQFVAHCVAELEALIEAEGADTIAAFIGEPILGAGGIVPPPAGYWEAIQTVLNKHDILLVADEVVTGFGRLGTMFGSDHYGLEADIITIAKGLTSAYAPLSGSIVSDKVWKVLEQGTDENGPIGHGWTYSAHPIGAAAGVANLKLLDELNLVSNAGEVGAYLNATMAEALSQHANVGDVRGEGLLCAVEFVKDRDSRTFFDAADKIGPQISAKLLEQDKIIAAAMPQGDILGFAPPFCLTRAEADQVVEGTLRAVKAVLGSLEHHHHHH,56.1075,26.6079,53.9836
129,A71V:G429Y:L58I:S393A,MLKNDQLDQWDRDNFFHPSTHLAQHARGESANRVIKTASGVFIEDRDGTKLLDAFAGIWCVNVGYGRQEIVEAIADQARELAYYHSFVGHGTEASITLAKMILDRAPKNMSKVYFGLGGSDANETNVKLIWYYNNILGRPEKKKIISRWRGFHGSGLVTGSLTGLELFHKKFDLPVEQVIHTEAPYYFRREDLNQTEEQFVAHCVAELEALIEREGADTIAAFIGEPILGAGGIVPPPAGYWEAIQTVLNKHDILLVADEVVTGFGRLGTMFGSDHYGLEPDIITIAKGLTSAYAPLSGSIVSDKVWKVLEQGTDENGPIGHGWTYSAHPIGAAAGVANLKLLDELNLVSNAGEVGAYLNATMAEALSQHANVGDVRGEGLLCAVEFVKDRDARTFFDAADKIGPQISAKLLEQDKIIARAMPQGDILYFAPPFCLTRAEADQVVEGTLRAVKAVLGSLEHHHHHH,75.8092,33.566,70.3594
130,N250K:K402E:F87L:S19W,MLKNDQLDQWDRDNFFHPWTHLAQHARGESANRVIKTASGVFIEDRDGTKLLDAFAGLWCVNVGYGRQEIAEAIADQARELAYYHSLVGHGTEASITLAKMILDRAPKNMSKVYFGLGGSDANETNVKLIWYYNNILGRPEKKKIISRWRGFHGSGLVTGSLTGLELFHKKFDLPVEQVIHTEAPYYFRREDLNQTEEQFVAHCVAELEALIEREGADTIAAFIGEPILGAGGIVPPPAGYWEAIQTVLKKHDILLVADEVVTGFGRLGTMFGSDHYGLEPDIITIAKGLTSAYAPLSGSIVSDKVWKVLEQGTDENGPIGHGWTYSAHPIGAAAGVANLKLLDELNLVSNAGEVGAYLNATMAEALSQHANVGDVRGEGLLCAVEFVKDRDSRTFFDAADEIGPQISAKLLEQDKIIARAMPQGDILGFAPPFCLTRAEADQVVEGTLRAVKAVLGSLEHHHHHH,42.6851,21.605,43.834
131,P423A:W59A:S393A:D401L,MLKNDQLDQWDRDNFFHPSTHLAQHARGESANRVIKTASGVFIEDRDGTKLLDAFAGLACVNVGYGRQEIAEAIADQARELAYYHSFVGHGTEASITLAKMILDRAPKNMSKVYFGLGGSDANETNVKLIWYYNNILGRPEKKKIISRWRGFHGSGLVTGSLTGLELFHKKFDLPVEQVIHTEAPYYFRREDLNQTEEQFVAHCVAELEALIEREGADTIAAFIGEPILGAGGIVPPPAGYWEAIQTVLNKHDILLVADEVVTGFGRLGTMFGSDHYGLEPDIITIAKGLTSAYAPLSGSIVSDKVWKVLEQGTDENGPIGHGWTYSAHPIGAAAGVANLKLLDELNLVSNAGEVGAYLNATMAEALSQHANVGDVRGEGLLCAVEFVKDRDARTFFDAALKIGPQISAKLLEQDKIIARAMAQGDILGFAPPFCLTRAEADQVVEGTLRAVKAVLGSLEHHHHHH,63.5123,30.147,61.1672
132,V262Q:R214A:C60P:L165M,MLKNDQLDQWDRDNFFHPSTHLAQHARGESANRVIKTASGVFIEDRDGTKLLDAFAGLWPVNVGYGRQEIAEAIADQARELAYYHSFVGHGTEASITLAKMILDRAPKNMSKVYFGLGGSDANETNVKLIWYYNNILGRPEKKKIISRWRGFHGSGLVTGSLTGMELFHKKFDLPVEQVIHTEAPYYFRREDLNQTEEQFVAHCVAELEALIEAEGADTIAAFIGEPILGAGGIVPPPAGYWEAIQTVLNKHDILLVADEVQTGFGRLGTMFGSDHYGLEPDIITIAKGLTSAYAPLSGSIVSDKVWKVLEQGTDENGPIGHGWTYSAHPIGAAAGVANLKLLDELNLVSNAGEVGAYLNATMAEALSQHANVGDVRGEGLLCAVEFVKDRDSRTFFDAADKIGPQISAKLLEQDKIIARAMPQGDILGFAPPFCLTRAEADQVVEGTLRAVKAVLGSLEHHHHHH,44.0758,21.1671,42.9447
133,A231G:L167S:R391P:P281A,MLKNDQLDQWDRDNFFHPSTHLAQHARGESANRVIKTASGVFIEDRDGTKLLDAFAGLWCVNVGYGRQEIAEAIADQARELAYYHSFVGHGTEASITLAKMILDRAPKNMSKVYFGLGGSDANETNVKLIWYYNNILGRPEKKKIISRWRGFHGSGLVTGSLTGLESFHKKFDLPVEQVIHTEAPYYFRREDLNQTEEQFVAHCVAELEALIEREGADTIAAFIGEPILGGGGIVPPPAGYWEAIQTVLNKHDILLVADEVVTGFGRLGTMFGSDHYGLEADIITIAKGLTSAYAPLSGSIVSDKVWKVLEQGTDENGPIGHGWTYSAHPIGAAAGVANLKLLDELNLVSNAGEVGAYLNATMAEALSQHANVGDVRGEGLLCAVEFVKDPDSRTFFDAADKIGPQISAKLLEQDKIIARAMPQGDILGFAPPFCLTRAEADQVVEGTLRAVKAVLGSLEHHHHHH,90.9369,42.8161,86.8758
134,I234V:K402E:F397L:D398E,MLKNDQLDQWDRDNFFHPSTHLAQHARGESANRVIKTASGVFIEDRDGTKLLDAFAGLWCVNVGYGRQEIAEAIADQARELAYYHSFVGHGTEASITLAKMILDRAPKNMSKVYFGLGGSDANETNVKLIWYYNNILGRPEKKKIISRWRGFHGSGLVTGSLTGLELFHKKFDLPVEQVIHTEAPYYFRREDLNQTEEQFVAHCVAELEALIEREGADTIAAFIGEPILGAGGVVPPPAGYWEAIQTVLNKHDILLVADEVVTGFGRLGTMFGSDHYGLEPDIITIAKGLTSAYAPLSGSIVSDKVWKVLEQGTDENGPIGHGWTYSAHPIGAAAGVANLKLLDELNLVSNAGEVGAYLNATMAEALSQHANVGDVRGEGLLCAVEFVKDRDSRTFLEAADEIGPQISAKLLEQDKIIARAMPQGDILGFAPPFCLTRAEADQVVEGTLRAVKAVLGSLEHHHHHH,56.0518,26.7039,54.18
135,A231S:H252Y:L167F:E177G,MLKNDQLDQWDRDNFFHPSTHLAQHARGESANRVIKTASGVFIEDRDGTKLLDAFAGLWCVNVGYGRQEIAEAIADQARELAYYHSFVGHGTEASITLAKMILDRAPKNMSKVYFGLGGSDANETNVKLIWYYNNILGRPEKKKIISRWRGFHGSGLVTGSLTGLEFFHKKFDLPVGQVIHTEAPYYFRREDLNQTEEQFVAHCVAELEALIEREGADTIAAFIGEPILGSGGIVPPPAGYWEAIQTVLNKYDILLVADEVVTGFGRLGTMFGSDHYGLEPDIITIAKGLTSAYAPLSGSIVSDKVWKVLEQGTDENGPIGHGWTYSAHPIGAAAGVANLKLLDELNLVSNAGEVGAYLNATMAEALSQHANVGDVRGEGLLCAVEFVKDRDSRTFFDAADKIGPQISAKLLEQDKIIARAMPQGDILGFAPPFCLTRAEADQVVEGTLRAVKAVLGSLEHHHHHH,69.9503,33.8363,68.6554
136,G332S:P423Q:F397L:A56G,MLKNDQLDQWDRDNFFHPSTHLAQHARGESANRVIKTASGVFIEDRDGTKLLDAFGGLWCVNVGYGRQEIAEAIADQARELAYYHSFVGHGTEASITLAKMILDRAPKNMSKVYFGLGGSDANETNVKLIWYYNNILGRPEKKKIISRWRGFHGSGLVTGSLTGLELFHKKFDLPVEQVIHTEAPYYFRREDLNQTEEQFVAHCVAELEALIEREGADTIAAFIGEPILGAGGIVPPPAGYWEAIQTVLNKHDILLVADEVVTGFGRLGTMFGSDHYGLEPDIITIAKGLTSAYAPLSGSIVSDKVWKVLEQGTDENGPIGHGWTYSAHPISAAAGVANLKLLDELNLVSNAGEVGAYLNATMAEALSQHANVGDVRGEGLLCAVEFVKDRDSRTFLDAADKIGPQISAKLLEQDKIIARAMQQGDILGFAPPFCLTRAEADQVVEGTLRAVKAVLGSLEHHHHHH,66.5481,30.2845,61.8095
137,K402N:G429A:A231T:S155V,MLKNDQLDQWDRDNFFHPSTHLAQHARGESANRVIKTASGVFIEDRDGTKLLDAFAGLWCVNVGYGRQEIAEAIADQARELAYYHSFVGHGTEASITLAKMILDRAPKNMSKVYFGLGGSDANETNVKLIWYYNNILGRPEKKKIISRWRGFHGVGLVTGSLTGLELFHKKFDLPVEQVIHTEAPYYFRREDLNQTEEQFVAHCVAELEALIEREGADTIAAFIGEPILGTGGIVPPPAGYWEAIQTVLNKHDILLVADEVVTGFGRLGTMFGSDHYGLEPDIITIAKGLTSAYAPLSGSIVSDKVWKVLEQGTDENGPIGHGWTYSAHPIGAAAGVANLKLLDELNLVSNAGEVGAYLNATMAEALSQHANVGDVRGEGLLCAVEFVKDRDSRTFFDAADNIGPQISAKLLEQDKIIARAMPQGDILAFAPPFCLTRAEADQVVEGTLRAVKAVLGSLEHHHHHH,54.3904,26.1686,53.0971
138,V262I:Q406A:P423L:H252Y,MLKNDQLDQWDRDNFFHPSTHLAQHARGESANRVIKTASGVFIEDRDGTKLLDAFAGLWCVNVGYGRQEIAEAIADQARELAYYHSFVGHGTEASITLAKMILDRAPKNMSKVYFGLGGSDANETNVKLIWYYNNILGRPEKKKIISRWRGFHGSGLVTGSLTGLELFHKKFDLPVEQVIHTEAPYYFRREDLNQTEEQFVAHCVAELEALIEREGADTIAAFIGEPILGAGGIVPPPAGYWEAIQTVLNKYDILLVADEVITGFGRLGTMFGSDHYGLEPDIITIAKGLTSAYAPLSGSIVSDKVWKVLEQGTDENGPIGHGWTYSAHPIGAAAGVANLKLLDELNLVSNAGEVGAYLNATMAEALSQHANVGDVRGEGLLCAVEFVKDRDSRTFFDAADKIGPAISAKLLEQDKIIARAMLQGDILGFAPPFCLTRAEADQVVEGTLRAVKAVLGSLEHHHHHH,59.6232,28.5799,57.9899
139,G332A:K402N:S393D:M422S,MLKNDQLDQWDRDNFFHPSTHLAQHARGESANRVIKTASGVFIEDRDGTKLLDAFAGLWCVNVGYGRQEIAEAIADQARELAYYHSFVGHGTEASITLAKMILDRAPKNMSKVYFGLGGSDANETNVKLIWYYNNILGRPEKKKIISRWRGFHGSGLVTGSLTGLELFHKKFDLPVEQVIHTEAPYYFRREDLNQTEEQFVAHCVAELEALIEREGADTIAAFIGEPILGAGGIVPPPAGYWEAIQTVLNKHDILLVADEVVTGFGRLGTMFGSDHYGLEPDIITIAKGLTSAYAPLSGSIVSDKVWKVLEQGTDENGPIGHGWTYSAHPIAAAAGVANLKLLDELNLVSNAGEVGAYLNATMAEALSQHANVGDVRGEGLLCAVEFVKDRDDRTFFDAADNIGPQISAKLLEQDKIIARASPQGDILGFAPPFCLTRAEADQVVEGTLRAVKAVLGSLEHHHHHH,90.97,41.3913,84.1036
140,L382F:P423L:A231T:S120T,MLKNDQLDQWDRDNFFHPSTHLAQHARGESANRVIKTASGVFIEDRDGTKLLDAFAGLWCVNVGYGRQEIAEAIADQARELAYYHSFVGHGTEASITLAKMILDRAPKNMSKVYFGLGGTDANETNVKLIWYYNNILGRPEKKKIISRWRGFHGSGLVTGSLTGLELFHKKFDLPVEQVIHTEAPYYFRREDLNQTEEQFVAHCVAELEALIEREGADTIAAFIGEPILGTGGIVPPPAGYWEAIQTVLNKHDILLVADEVVTGFGRLGTMFGSDHYGLEPDIITIAKGLTSAYAPLSGSIVSDKVWKVLEQGTDENGPIGHGWTYSAHPIGAAAGVANLKLLDELNLVSNAGEVGAYLNATMAEALSQHANVGDVRGEGLFCAVEFVKDRDSRTFFDAADKIGPQISAKLLEQDKIIARAMLQGDILGFAPPFCLTRAEADQVVEGTLRAVKAVLGSLEHHHHHH,73.1432,34.9057,70.8251
141,H85M:A231V:R391K:D392A,MLKNDQLDQWDRDNFFHPSTHLAQHARGESANRVIKTASGVFIEDRDGTKLLDAFAGLWCVNVGYGRQEIAEAIADQARELAYYMSFVGHGTEASITLAKMILDRAPKNMSKVYFGLGGSDANETNVKLIWYYNNILGRPEKKKIISRWRGFHGSGLVTGSLTGLELFHKKFDLPVEQVIHTEAPYYFRREDLNQTEEQFVAHCVAELEALIEREGADTIAAFIGEPILGVGGIVPPPAGYWEAIQTVLNKHDILLVADEVVTGFGRLGTMFGSDHYGLEPDIITIAKGLTSAYAPLSGSIVSDKVWKVLEQGTDENGPIGHGWTYSAHPIGAAAGVANLKLLDELNLVSNAGEVGAYLNATMAEALSQHANVGDVRGEGLLCAVEFVKDKASRTFFDAADKIGPQISAKLLEQDKIIARAMPQGDILGFAPPFCLTRAEADQVVEGTLRAVKAVLGSLEHHHHHH,23.4465,12.9068,24.0811
142,A231E:S86T:R46T:D47Q,MLKNDQLDQWDRDNFFHPSTHLAQHARGESANRVIKTASGVFIEDTQGTKLLDAFAGLWCVNVGYGRQEIAEAIADQARELAYYHTFVGHGTEASITLAKMILDRAPKNMSKVYFGLGGSDANETNVKLIWYYNNILGRPEKKKIISRWRGFHGSGLVTGSLTGLELFHKKFDLPVEQVIHTEAPYYFRREDLNQTEEQFVAHCVAELEALIEREGADTIAAFIGEPILGEGGIVPPPAGYWEAIQTVLNKHDILLVADEVVTGFGRLGTMFGSDHYGLEPDIITIAKGLTSAYAPLSGSIVSDKVWKVLEQGTDENGPIGHGWTYSAHPIGAAAGVANLKLLDELNLVSNAGEVGAYLNATMAEALSQHANVGDVRGEGLLCAVEFVKDRDSRTFFDAADKIGPQISAKLLEQDKIIARAMPQGDILGFAPPFCLTRAEADQVVEGTLRAVKAVLGSLEHHHHHH,45.7577,22.3192,45.2864
143,WT,MLKNDQLDQWDRDNFFHPSTHLAQHARGESANRVIKTASGVFIEDRDGTKLLDAFAGLWCVNVGYGRQEIAEAIADQARELAYYHSFVGHGTEASITLAKMILDRAPKNMSKVYFGLGGSDANETNVKLIWYYNNILGRPEKKKIISRWRGFHGSGLVTGSLTGLELFHKKFDLPVEQVIHTEAPYYFRREDLNQTEEQFVAHCVAELEALIEREGADTIAAFIGEPILGAGGIVPPPAGYWEAIQTVLNKHDILLVADEVVTGFGRLGTMFGSDHYGLEPDIITIAKGLTSAYAPLSGSIVSDKVWKVLEQGTDENGPIGHGWTYSAHPIGAAAGVANLKLLDELNLVSNAGEVGAYLNATMAEALSQHANVGDVRGEGLLCAVEFVKDRDSRTFFDAADKIGPQISAKLLEQDKIIARAMPQGDILGFAPPFCLTRAEADQVVEGTLRAVKAVLGSLEHHHHHH,78.0726,36.6239,74.3115
144,I234M:V262A:A56G:F168L,MLKNDQLDQWDRDNFFHPSTHLAQHARGESANRVIKTASGVFIEDRDGTKLLDAFGGLWCVNVGYGRQEIAEAIADQARELAYYHSFVGHGTEASITLAKMILDRAPKNMSKVYFGLGGSDANETNVKLIWYYNNILGRPEKKKIISRWRGFHGSGLVTGSLTGLELLHKKFDLPVEQVIHTEAPYYFRREDLNQTEEQFVAHCVAELEALIEREGADTIAAFIGEPILGAGGMVPPPAGYWEAIQTVLNKHDILLVADEVATGFGRLGTMFGSDHYGLEPDIITIAKGLTSAYAPLSGSIVSDKVWKVLEQGTDENGPIGHGWTYSAHPIGAAAGVANLKLLDELNLVSNAGEVGAYLNATMAEALSQHANVGDVRGEGLLCAVEFVKDRDSRTFFDAADKIGPQISAKLLEQDKIIARAMPQGDILGFAPPFCLTRAEADQVVEGTLRAVKAVLGSLEHHHHHH,51.5322,24.8082,50.337
145,P423L:A231G:Q369D:H90R,MLKNDQLDQWDRDNFFHPSTHLAQHARGESANRVIKTASGVFIEDRDGTKLLDAFAGLWCVNVGYGRQEIAEAIADQARELAYYHSFVGRGTEASITLAKMILDRAPKNMSKVYFGLGGSDANETNVKLIWYYNNILGRPEKKKIISRWRGFHGSGLVTGSLTGLELFHKKFDLPVEQVIHTEAPYYFRREDLNQTEEQFVAHCVAELEALIEREGADTIAAFIGEPILGGGGIVPPPAGYWEAIQTVLNKHDILLVADEVVTGFGRLGTMFGSDHYGLEPDIITIAKGLTSAYAPLSGSIVSDKVWKVLEQGTDENGPIGHGWTYSAHPIGAAAGVANLKLLDELNLVSNAGEVGAYLNATMAEALSDHANVGDVRGEGLLCAVEFVKDRDSRTFFDAADKIGPQISAKLLEQDKIIARAMLQGDILGFAPPFCLTRAEADQVVEGTLRAVKAVLGSLEHHHHHH,68.1779,32.1889,65.3127
146,I234M:A231E:S155V:A399P,MLKNDQLDQWDRDNFFHPSTHLAQHARGESANRVIKTASGVFIEDRDGTKLLDAFAGLWCVNVGYGRQEIAEAIADQARELAYYHSFVGHGTEASITLAKMILDRAPKNMSKVYFGLGGSDANETNVKLIWYYNNILGRPEKKKIISRWRGFHGVGLVTGSLTGLELFHKKFDLPVEQVIHTEAPYYFRREDLNQTEEQFVAHCVAELEALIEREGADTIAAFIGEPILGEGGMVPPPAGYWEAIQTVLNKHDILLVADEVVTGFGRLGTMFGSDHYGLEPDIITIAKGLTSAYAPLSGSIVSDKVWKVLEQGTDENGPIGHGWTYSAHPIGAAAGVANLKLLDELNLVSNAGEVGAYLNATMAEALSQHANVGDVRGEGLLCAVEFVKDRDSRTFFDPADKIGPQISAKLLEQDKIIARAMPQGDILGFAPPFCLTRAEADQVVEGTLRAVKAVLGSLEHHHHHH,41.8683,19.991,40.5625
