Unnamed: 0,mutant,mutated_sequence,Carboxy 4-methylumbelliferyl phosphate ester (cMUP),methyl phosphate (MeP),methyl phosphodiester (MecMUP)
0,D320V,MDIGIDSDPQKTNAVPRPKLVVGLVVDQMRWDYLYRYYSKYGEGGFKRMLNTGYSLNNVHIDYVPTVTAIGHTSIFTGSVPSIHGIAGNDWYDKELGKSVYCTSDETVQPVGTTSNSVGQHSPRNLWSTTVTDQLGLATNFTSKVVGVSLKDRASILPAGHNPTGAFWFDDTTGKFITSTYYTKELPKWVNDFNNKNVPAQLVANGWNTLLPINQYTESSEDNVEWEGLLGSKKTPTFPYTDLAKDYEAKKGLIRTTPFGNTLTLQMADAAIDGNQMGVDDITDFLTVNLASTDYVGHNFGPNSIEVEDTYLRLDRDLAVFFNNLDKKVGKGNYLVFLSADHGAAHSVGFMQAHKMPTGFFVEDMKKEMNAKLKQKFGADNIIAAAMNYQVYFDRKVLADSKLELDDVRDYVMTELKKEPSVLYVLSTDEIWESSIPEPIKSRVINGYNWKRSGDIQIISKDGYLSAYSKKGTTHSVWNSYDSHIPLLFMGWGIKQGESNQPYHMTDIAPTVSSLLKIQFPSGAVGKPITEVIGRIEGRSAWSHPQFEK,0.9289774223591898,0.4254480282828669,0.1327880597417798
1,F167G,MDIGIDSDPQKTNAVPRPKLVVGLVVDQMRWDYLYRYYSKYGEGGFKRMLNTGYSLNNVHIDYVPTVTAIGHTSIFTGSVPSIHGIAGNDWYDKELGKSVYCTSDETVQPVGTTSNSVGQHSPRNLWSTTVTDQLGLATNFTSKVVGVSLKDRASILPAGHNPTGAGWFDDTTGKFITSTYYTKELPKWVNDFNNKNVPAQLVANGWNTLLPINQYTESSEDNVEWEGLLGSKKTPTFPYTDLAKDYEAKKGLIRTTPFGNTLTLQMADAAIDGNQMGVDDITDFLTVNLASTDYVGHNFGPNSIEVEDTYLRLDRDLADFFNNLDKKVGKGNYLVFLSADHGAAHSVGFMQAHKMPTGFFVEDMKKEMNAKLKQKFGADNIIAAAMNYQVYFDRKVLADSKLELDDVRDYVMTELKKEPSVLYVLSTDEIWESSIPEPIKSRVINGYNWKRSGDIQIISKDGYLSAYSKKGTTHSVWNSYDSHIPLLFMGWGIKQGESNQPYHMTDIAPTVSSLLKIQFPSGAVGKPITEVIGRIEGRSAWSHPQFEK,-0.645675815570984,-0.3326887910601722,0.1182649967040936
2,A385V,MDIGIDSDPQKTNAVPRPKLVVGLVVDQMRWDYLYRYYSKYGEGGFKRMLNTGYSLNNVHIDYVPTVTAIGHTSIFTGSVPSIHGIAGNDWYDKELGKSVYCTSDETVQPVGTTSNSVGQHSPRNLWSTTVTDQLGLATNFTSKVVGVSLKDRASILPAGHNPTGAFWFDDTTGKFITSTYYTKELPKWVNDFNNKNVPAQLVANGWNTLLPINQYTESSEDNVEWEGLLGSKKTPTFPYTDLAKDYEAKKGLIRTTPFGNTLTLQMADAAIDGNQMGVDDITDFLTVNLASTDYVGHNFGPNSIEVEDTYLRLDRDLADFFNNLDKKVGKGNYLVFLSADHGAAHSVGFMQAHKMPTGFFVEDMKKEMNAKLKQKFGADNIIAVAMNYQVYFDRKVLADSKLELDDVRDYVMTELKKEPSVLYVLSTDEIWESSIPEPIKSRVINGYNWKRSGDIQIISKDGYLSAYSKKGTTHSVWNSYDSHIPLLFMGWGIKQGESNQPYHMTDIAPTVSSLLKIQFPSGAVGKPITEVIGRIEGRSAWSHPQFEK,0.3041438365647559,0.4974464466633068,-0.0870016725107664
3,M369V,MDIGIDSDPQKTNAVPRPKLVVGLVVDQMRWDYLYRYYSKYGEGGFKRMLNTGYSLNNVHIDYVPTVTAIGHTSIFTGSVPSIHGIAGNDWYDKELGKSVYCTSDETVQPVGTTSNSVGQHSPRNLWSTTVTDQLGLATNFTSKVVGVSLKDRASILPAGHNPTGAFWFDDTTGKFITSTYYTKELPKWVNDFNNKNVPAQLVANGWNTLLPINQYTESSEDNVEWEGLLGSKKTPTFPYTDLAKDYEAKKGLIRTTPFGNTLTLQMADAAIDGNQMGVDDITDFLTVNLASTDYVGHNFGPNSIEVEDTYLRLDRDLADFFNNLDKKVGKGNYLVFLSADHGAAHSVGFMQAHKMPTGFFVEDMKKEVNAKLKQKFGADNIIAAAMNYQVYFDRKVLADSKLELDDVRDYVMTELKKEPSVLYVLSTDEIWESSIPEPIKSRVINGYNWKRSGDIQIISKDGYLSAYSKKGTTHSVWNSYDSHIPLLFMGWGIKQGESNQPYHMTDIAPTVSSLLKIQFPSGAVGKPITEVIGRIEGRSAWSHPQFEK,-0.5108572756245805,-0.1436718994592581,0.1980285079163593
4,V307A,MDIGIDSDPQKTNAVPRPKLVVGLVVDQMRWDYLYRYYSKYGEGGFKRMLNTGYSLNNVHIDYVPTVTAIGHTSIFTGSVPSIHGIAGNDWYDKELGKSVYCTSDETVQPVGTTSNSVGQHSPRNLWSTTVTDQLGLATNFTSKVVGVSLKDRASILPAGHNPTGAFWFDDTTGKFITSTYYTKELPKWVNDFNNKNVPAQLVANGWNTLLPINQYTESSEDNVEWEGLLGSKKTPTFPYTDLAKDYEAKKGLIRTTPFGNTLTLQMADAAIDGNQMGVDDITDFLTVNLASTDYVGHNFGPNSIEAEDTYLRLDRDLADFFNNLDKKVGKGNYLVFLSADHGAAHSVGFMQAHKMPTGFFVEDMKKEMNAKLKQKFGADNIIAAAMNYQVYFDRKVLADSKLELDDVRDYVMTELKKEPSVLYVLSTDEIWESSIPEPIKSRVINGYNWKRSGDIQIISKDGYLSAYSKKGTTHSVWNSYDSHIPLLFMGWGIKQGESNQPYHMTDIAPTVSSLLKIQFPSGAVGKPITEVIGRIEGRSAWSHPQFEK,2.048440244301412,0.4940780271676457,-0.250692562867957
5,T129V,MDIGIDSDPQKTNAVPRPKLVVGLVVDQMRWDYLYRYYSKYGEGGFKRMLNTGYSLNNVHIDYVPTVTAIGHTSIFTGSVPSIHGIAGNDWYDKELGKSVYCTSDETVQPVGTTSNSVGQHSPRNLWSVTVTDQLGLATNFTSKVVGVSLKDRASILPAGHNPTGAFWFDDTTGKFITSTYYTKELPKWVNDFNNKNVPAQLVANGWNTLLPINQYTESSEDNVEWEGLLGSKKTPTFPYTDLAKDYEAKKGLIRTTPFGNTLTLQMADAAIDGNQMGVDDITDFLTVNLASTDYVGHNFGPNSIEVEDTYLRLDRDLADFFNNLDKKVGKGNYLVFLSADHGAAHSVGFMQAHKMPTGFFVEDMKKEMNAKLKQKFGADNIIAAAMNYQVYFDRKVLADSKLELDDVRDYVMTELKKEPSVLYVLSTDEIWESSIPEPIKSRVINGYNWKRSGDIQIISKDGYLSAYSKKGTTHSVWNSYDSHIPLLFMGWGIKQGESNQPYHMTDIAPTVSSLLKIQFPSGAVGKPITEVIGRIEGRSAWSHPQFEK,0.7185647950028285,-1.0259161436112778,0.0166826726755201
6,I272G,MDIGIDSDPQKTNAVPRPKLVVGLVVDQMRWDYLYRYYSKYGEGGFKRMLNTGYSLNNVHIDYVPTVTAIGHTSIFTGSVPSIHGIAGNDWYDKELGKSVYCTSDETVQPVGTTSNSVGQHSPRNLWSTTVTDQLGLATNFTSKVVGVSLKDRASILPAGHNPTGAFWFDDTTGKFITSTYYTKELPKWVNDFNNKNVPAQLVANGWNTLLPINQYTESSEDNVEWEGLLGSKKTPTFPYTDLAKDYEAKKGLIRTTPFGNTLTLQMADAAGDGNQMGVDDITDFLTVNLASTDYVGHNFGPNSIEVEDTYLRLDRDLADFFNNLDKKVGKGNYLVFLSADHGAAHSVGFMQAHKMPTGFFVEDMKKEMNAKLKQKFGADNIIAAAMNYQVYFDRKVLADSKLELDDVRDYVMTELKKEPSVLYVLSTDEIWESSIPEPIKSRVINGYNWKRSGDIQIISKDGYLSAYSKKGTTHSVWNSYDSHIPLLFMGWGIKQGESNQPYHMTDIAPTVSSLLKIQFPSGAVGKPITEVIGRIEGRSAWSHPQFEK,1.8883649351514336,1.5041681469406074,-0.0608002714445382
7,L318G,MDIGIDSDPQKTNAVPRPKLVVGLVVDQMRWDYLYRYYSKYGEGGFKRMLNTGYSLNNVHIDYVPTVTAIGHTSIFTGSVPSIHGIAGNDWYDKELGKSVYCTSDETVQPVGTTSNSVGQHSPRNLWSTTVTDQLGLATNFTSKVVGVSLKDRASILPAGHNPTGAFWFDDTTGKFITSTYYTKELPKWVNDFNNKNVPAQLVANGWNTLLPINQYTESSEDNVEWEGLLGSKKTPTFPYTDLAKDYEAKKGLIRTTPFGNTLTLQMADAAIDGNQMGVDDITDFLTVNLASTDYVGHNFGPNSIEVEDTYLRLDRDGADFFNNLDKKVGKGNYLVFLSADHGAAHSVGFMQAHKMPTGFFVEDMKKEMNAKLKQKFGADNIIAAAMNYQVYFDRKVLADSKLELDDVRDYVMTELKKEPSVLYVLSTDEIWESSIPEPIKSRVINGYNWKRSGDIQIISKDGYLSAYSKKGTTHSVWNSYDSHIPLLFMGWGIKQGESNQPYHMTDIAPTVSSLLKIQFPSGAVGKPITEVIGRIEGRSAWSHPQFEK,1.091175531788121,1.5821195402407895,0.0173003981591179
8,A399V,MDIGIDSDPQKTNAVPRPKLVVGLVVDQMRWDYLYRYYSKYGEGGFKRMLNTGYSLNNVHIDYVPTVTAIGHTSIFTGSVPSIHGIAGNDWYDKELGKSVYCTSDETVQPVGTTSNSVGQHSPRNLWSTTVTDQLGLATNFTSKVVGVSLKDRASILPAGHNPTGAFWFDDTTGKFITSTYYTKELPKWVNDFNNKNVPAQLVANGWNTLLPINQYTESSEDNVEWEGLLGSKKTPTFPYTDLAKDYEAKKGLIRTTPFGNTLTLQMADAAIDGNQMGVDDITDFLTVNLASTDYVGHNFGPNSIEVEDTYLRLDRDLADFFNNLDKKVGKGNYLVFLSADHGAAHSVGFMQAHKMPTGFFVEDMKKEMNAKLKQKFGADNIIAAAMNYQVYFDRKVLVDSKLELDDVRDYVMTELKKEPSVLYVLSTDEIWESSIPEPIKSRVINGYNWKRSGDIQIISKDGYLSAYSKKGTTHSVWNSYDSHIPLLFMGWGIKQGESNQPYHMTDIAPTVSSLLKIQFPSGAVGKPITEVIGRIEGRSAWSHPQFEK,0.9924858719765214,1.7604849301485446,0.0578701153943375
9,D394V,MDIGIDSDPQKTNAVPRPKLVVGLVVDQMRWDYLYRYYSKYGEGGFKRMLNTGYSLNNVHIDYVPTVTAIGHTSIFTGSVPSIHGIAGNDWYDKELGKSVYCTSDETVQPVGTTSNSVGQHSPRNLWSTTVTDQLGLATNFTSKVVGVSLKDRASILPAGHNPTGAFWFDDTTGKFITSTYYTKELPKWVNDFNNKNVPAQLVANGWNTLLPINQYTESSEDNVEWEGLLGSKKTPTFPYTDLAKDYEAKKGLIRTTPFGNTLTLQMADAAIDGNQMGVDDITDFLTVNLASTDYVGHNFGPNSIEVEDTYLRLDRDLADFFNNLDKKVGKGNYLVFLSADHGAAHSVGFMQAHKMPTGFFVEDMKKEMNAKLKQKFGADNIIAAAMNYQVYFVRKVLADSKLELDDVRDYVMTELKKEPSVLYVLSTDEIWESSIPEPIKSRVINGYNWKRSGDIQIISKDGYLSAYSKKGTTHSVWNSYDSHIPLLFMGWGIKQGESNQPYHMTDIAPTVSSLLKIQFPSGAVGKPITEVIGRIEGRSAWSHPQFEK,0.5163943019139453,2.292986360000268,0.0227501511208245
10,M49G,MDIGIDSDPQKTNAVPRPKLVVGLVVDQMRWDYLYRYYSKYGEGGFKRGLNTGYSLNNVHIDYVPTVTAIGHTSIFTGSVPSIHGIAGNDWYDKELGKSVYCTSDETVQPVGTTSNSVGQHSPRNLWSTTVTDQLGLATNFTSKVVGVSLKDRASILPAGHNPTGAFWFDDTTGKFITSTYYTKELPKWVNDFNNKNVPAQLVANGWNTLLPINQYTESSEDNVEWEGLLGSKKTPTFPYTDLAKDYEAKKGLIRTTPFGNTLTLQMADAAIDGNQMGVDDITDFLTVNLASTDYVGHNFGPNSIEVEDTYLRLDRDLADFFNNLDKKVGKGNYLVFLSADHGAAHSVGFMQAHKMPTGFFVEDMKKEMNAKLKQKFGADNIIAAAMNYQVYFDRKVLADSKLELDDVRDYVMTELKKEPSVLYVLSTDEIWESSIPEPIKSRVINGYNWKRSGDIQIISKDGYLSAYSKKGTTHSVWNSYDSHIPLLFMGWGIKQGESNQPYHMTDIAPTVSSLLKIQFPSGAVGKPITEVIGRIEGRSAWSHPQFEK,-3.657923129336221,0.8579981654742005,0.7799670761861182
11,V422G,MDIGIDSDPQKTNAVPRPKLVVGLVVDQMRWDYLYRYYSKYGEGGFKRMLNTGYSLNNVHIDYVPTVTAIGHTSIFTGSVPSIHGIAGNDWYDKELGKSVYCTSDETVQPVGTTSNSVGQHSPRNLWSTTVTDQLGLATNFTSKVVGVSLKDRASILPAGHNPTGAFWFDDTTGKFITSTYYTKELPKWVNDFNNKNVPAQLVANGWNTLLPINQYTESSEDNVEWEGLLGSKKTPTFPYTDLAKDYEAKKGLIRTTPFGNTLTLQMADAAIDGNQMGVDDITDFLTVNLASTDYVGHNFGPNSIEVEDTYLRLDRDLADFFNNLDKKVGKGNYLVFLSADHGAAHSVGFMQAHKMPTGFFVEDMKKEMNAKLKQKFGADNIIAAAMNYQVYFDRKVLADSKLELDDVRDYVMTELKKEPSGLYVLSTDEIWESSIPEPIKSRVINGYNWKRSGDIQIISKDGYLSAYSKKGTTHSVWNSYDSHIPLLFMGWGIKQGESNQPYHMTDIAPTVSSLLKIQFPSGAVGKPITEVIGRIEGRSAWSHPQFEK,-0.3148786550821542,-0.0478896275497872,-0.2772537000654071
12,F300G,MDIGIDSDPQKTNAVPRPKLVVGLVVDQMRWDYLYRYYSKYGEGGFKRMLNTGYSLNNVHIDYVPTVTAIGHTSIFTGSVPSIHGIAGNDWYDKELGKSVYCTSDETVQPVGTTSNSVGQHSPRNLWSTTVTDQLGLATNFTSKVVGVSLKDRASILPAGHNPTGAFWFDDTTGKFITSTYYTKELPKWVNDFNNKNVPAQLVANGWNTLLPINQYTESSEDNVEWEGLLGSKKTPTFPYTDLAKDYEAKKGLIRTTPFGNTLTLQMADAAIDGNQMGVDDITDFLTVNLASTDYVGHNGGPNSIEVEDTYLRLDRDLADFFNNLDKKVGKGNYLVFLSADHGAAHSVGFMQAHKMPTGFFVEDMKKEMNAKLKQKFGADNIIAAAMNYQVYFDRKVLADSKLELDDVRDYVMTELKKEPSVLYVLSTDEIWESSIPEPIKSRVINGYNWKRSGDIQIISKDGYLSAYSKKGTTHSVWNSYDSHIPLLFMGWGIKQGESNQPYHMTDIAPTVSSLLKIQFPSGAVGKPITEVIGRIEGRSAWSHPQFEK,-0.3087209328722745,-1.8708931851121176,-0.1309022467874298
13,I458G,MDIGIDSDPQKTNAVPRPKLVVGLVVDQMRWDYLYRYYSKYGEGGFKRMLNTGYSLNNVHIDYVPTVTAIGHTSIFTGSVPSIHGIAGNDWYDKELGKSVYCTSDETVQPVGTTSNSVGQHSPRNLWSTTVTDQLGLATNFTSKVVGVSLKDRASILPAGHNPTGAFWFDDTTGKFITSTYYTKELPKWVNDFNNKNVPAQLVANGWNTLLPINQYTESSEDNVEWEGLLGSKKTPTFPYTDLAKDYEAKKGLIRTTPFGNTLTLQMADAAIDGNQMGVDDITDFLTVNLASTDYVGHNFGPNSIEVEDTYLRLDRDLADFFNNLDKKVGKGNYLVFLSADHGAAHSVGFMQAHKMPTGFFVEDMKKEMNAKLKQKFGADNIIAAAMNYQVYFDRKVLADSKLELDDVRDYVMTELKKEPSVLYVLSTDEIWESSIPEPIKSRVINGYNWKRSGDIQGISKDGYLSAYSKKGTTHSVWNSYDSHIPLLFMGWGIKQGESNQPYHMTDIAPTVSSLLKIQFPSGAVGKPITEVIGRIEGRSAWSHPQFEK,0.3367149045851424,0.3349585355879438,0.4526372109109642
14,T180G,MDIGIDSDPQKTNAVPRPKLVVGLVVDQMRWDYLYRYYSKYGEGGFKRMLNTGYSLNNVHIDYVPTVTAIGHTSIFTGSVPSIHGIAGNDWYDKELGKSVYCTSDETVQPVGTTSNSVGQHSPRNLWSTTVTDQLGLATNFTSKVVGVSLKDRASILPAGHNPTGAFWFDDTTGKFITSGYYTKELPKWVNDFNNKNVPAQLVANGWNTLLPINQYTESSEDNVEWEGLLGSKKTPTFPYTDLAKDYEAKKGLIRTTPFGNTLTLQMADAAIDGNQMGVDDITDFLTVNLASTDYVGHNFGPNSIEVEDTYLRLDRDLADFFNNLDKKVGKGNYLVFLSADHGAAHSVGFMQAHKMPTGFFVEDMKKEMNAKLKQKFGADNIIAAAMNYQVYFDRKVLADSKLELDDVRDYVMTELKKEPSVLYVLSTDEIWESSIPEPIKSRVINGYNWKRSGDIQIISKDGYLSAYSKKGTTHSVWNSYDSHIPLLFMGWGIKQGESNQPYHMTDIAPTVSSLLKIQFPSGAVGKPITEVIGRIEGRSAWSHPQFEK,0.1389217025714746,0.3673120529183156,0.2331270920006219
15,G526A,MDIGIDSDPQKTNAVPRPKLVVGLVVDQMRWDYLYRYYSKYGEGGFKRMLNTGYSLNNVHIDYVPTVTAIGHTSIFTGSVPSIHGIAGNDWYDKELGKSVYCTSDETVQPVGTTSNSVGQHSPRNLWSTTVTDQLGLATNFTSKVVGVSLKDRASILPAGHNPTGAFWFDDTTGKFITSTYYTKELPKWVNDFNNKNVPAQLVANGWNTLLPINQYTESSEDNVEWEGLLGSKKTPTFPYTDLAKDYEAKKGLIRTTPFGNTLTLQMADAAIDGNQMGVDDITDFLTVNLASTDYVGHNFGPNSIEVEDTYLRLDRDLADFFNNLDKKVGKGNYLVFLSADHGAAHSVGFMQAHKMPTGFFVEDMKKEMNAKLKQKFGADNIIAAAMNYQVYFDRKVLADSKLELDDVRDYVMTELKKEPSVLYVLSTDEIWESSIPEPIKSRVINGYNWKRSGDIQIISKDGYLSAYSKKGTTHSVWNSYDSHIPLLFMGWGIKQGESNQPYHMTDIAPTVSSLLKIQFPSGAVAKPITEVIGRIEGRSAWSHPQFEK,0.5594269659456085,0.6218148327404394,0.0154125653815465
16,P239G,MDIGIDSDPQKTNAVPRPKLVVGLVVDQMRWDYLYRYYSKYGEGGFKRMLNTGYSLNNVHIDYVPTVTAIGHTSIFTGSVPSIHGIAGNDWYDKELGKSVYCTSDETVQPVGTTSNSVGQHSPRNLWSTTVTDQLGLATNFTSKVVGVSLKDRASILPAGHNPTGAFWFDDTTGKFITSTYYTKELPKWVNDFNNKNVPAQLVANGWNTLLPINQYTESSEDNVEWEGLLGSKKTPTFGYTDLAKDYEAKKGLIRTTPFGNTLTLQMADAAIDGNQMGVDDITDFLTVNLASTDYVGHNFGPNSIEVEDTYLRLDRDLADFFNNLDKKVGKGNYLVFLSADHGAAHSVGFMQAHKMPTGFFVEDMKKEMNAKLKQKFGADNIIAAAMNYQVYFDRKVLADSKLELDDVRDYVMTELKKEPSVLYVLSTDEIWESSIPEPIKSRVINGYNWKRSGDIQIISKDGYLSAYSKKGTTHSVWNSYDSHIPLLFMGWGIKQGESNQPYHMTDIAPTVSSLLKIQFPSGAVGKPITEVIGRIEGRSAWSHPQFEK,-0.3288706328630691,-0.8628882767281962,-0.2363806332378438
17,G97A,MDIGIDSDPQKTNAVPRPKLVVGLVVDQMRWDYLYRYYSKYGEGGFKRMLNTGYSLNNVHIDYVPTVTAIGHTSIFTGSVPSIHGIAGNDWYDKELAKSVYCTSDETVQPVGTTSNSVGQHSPRNLWSTTVTDQLGLATNFTSKVVGVSLKDRASILPAGHNPTGAFWFDDTTGKFITSTYYTKELPKWVNDFNNKNVPAQLVANGWNTLLPINQYTESSEDNVEWEGLLGSKKTPTFPYTDLAKDYEAKKGLIRTTPFGNTLTLQMADAAIDGNQMGVDDITDFLTVNLASTDYVGHNFGPNSIEVEDTYLRLDRDLADFFNNLDKKVGKGNYLVFLSADHGAAHSVGFMQAHKMPTGFFVEDMKKEMNAKLKQKFGADNIIAAAMNYQVYFDRKVLADSKLELDDVRDYVMTELKKEPSVLYVLSTDEIWESSIPEPIKSRVINGYNWKRSGDIQIISKDGYLSAYSKKGTTHSVWNSYDSHIPLLFMGWGIKQGESNQPYHMTDIAPTVSSLLKIQFPSGAVGKPITEVIGRIEGRSAWSHPQFEK,0.987918791965433,0.9677743012475988,-0.0438632455162855
18,G359A,MDIGIDSDPQKTNAVPRPKLVVGLVVDQMRWDYLYRYYSKYGEGGFKRMLNTGYSLNNVHIDYVPTVTAIGHTSIFTGSVPSIHGIAGNDWYDKELGKSVYCTSDETVQPVGTTSNSVGQHSPRNLWSTTVTDQLGLATNFTSKVVGVSLKDRASILPAGHNPTGAFWFDDTTGKFITSTYYTKELPKWVNDFNNKNVPAQLVANGWNTLLPINQYTESSEDNVEWEGLLGSKKTPTFPYTDLAKDYEAKKGLIRTTPFGNTLTLQMADAAIDGNQMGVDDITDFLTVNLASTDYVGHNFGPNSIEVEDTYLRLDRDLADFFNNLDKKVGKGNYLVFLSADHGAAHSVGFMQAHKMPTAFFVEDMKKEMNAKLKQKFGADNIIAAAMNYQVYFDRKVLADSKLELDDVRDYVMTELKKEPSVLYVLSTDEIWESSIPEPIKSRVINGYNWKRSGDIQIISKDGYLSAYSKKGTTHSVWNSYDSHIPLLFMGWGIKQGESNQPYHMTDIAPTVSSLLKIQFPSGAVGKPITEVIGRIEGRSAWSHPQFEK,0.3603094434542183,0.0639173907629312,0.0609146713479649
19,E106V,MDIGIDSDPQKTNAVPRPKLVVGLVVDQMRWDYLYRYYSKYGEGGFKRMLNTGYSLNNVHIDYVPTVTAIGHTSIFTGSVPSIHGIAGNDWYDKELGKSVYCTSDVTVQPVGTTSNSVGQHSPRNLWSTTVTDQLGLATNFTSKVVGVSLKDRASILPAGHNPTGAFWFDDTTGKFITSTYYTKELPKWVNDFNNKNVPAQLVANGWNTLLPINQYTESSEDNVEWEGLLGSKKTPTFPYTDLAKDYEAKKGLIRTTPFGNTLTLQMADAAIDGNQMGVDDITDFLTVNLASTDYVGHNFGPNSIEVEDTYLRLDRDLADFFNNLDKKVGKGNYLVFLSADHGAAHSVGFMQAHKMPTGFFVEDMKKEMNAKLKQKFGADNIIAAAMNYQVYFDRKVLADSKLELDDVRDYVMTELKKEPSVLYVLSTDEIWESSIPEPIKSRVINGYNWKRSGDIQIISKDGYLSAYSKKGTTHSVWNSYDSHIPLLFMGWGIKQGESNQPYHMTDIAPTVSSLLKIQFPSGAVGKPITEVIGRIEGRSAWSHPQFEK,-0.5207159590120912,-0.266227344607995,-0.2188030320695854
20,Y38G,MDIGIDSDPQKTNAVPRPKLVVGLVVDQMRWDYLYRYGSKYGEGGFKRMLNTGYSLNNVHIDYVPTVTAIGHTSIFTGSVPSIHGIAGNDWYDKELGKSVYCTSDETVQPVGTTSNSVGQHSPRNLWSTTVTDQLGLATNFTSKVVGVSLKDRASILPAGHNPTGAFWFDDTTGKFITSTYYTKELPKWVNDFNNKNVPAQLVANGWNTLLPINQYTESSEDNVEWEGLLGSKKTPTFPYTDLAKDYEAKKGLIRTTPFGNTLTLQMADAAIDGNQMGVDDITDFLTVNLASTDYVGHNFGPNSIEVEDTYLRLDRDLADFFNNLDKKVGKGNYLVFLSADHGAAHSVGFMQAHKMPTGFFVEDMKKEMNAKLKQKFGADNIIAAAMNYQVYFDRKVLADSKLELDDVRDYVMTELKKEPSVLYVLSTDEIWESSIPEPIKSRVINGYNWKRSGDIQIISKDGYLSAYSKKGTTHSVWNSYDSHIPLLFMGWGIKQGESNQPYHMTDIAPTVSSLLKIQFPSGAVGKPITEVIGRIEGRSAWSHPQFEK,0.0901184987217656,0.909077967297186,0.1412665034770956
21,L487V,MDIGIDSDPQKTNAVPRPKLVVGLVVDQMRWDYLYRYYSKYGEGGFKRMLNTGYSLNNVHIDYVPTVTAIGHTSIFTGSVPSIHGIAGNDWYDKELGKSVYCTSDETVQPVGTTSNSVGQHSPRNLWSTTVTDQLGLATNFTSKVVGVSLKDRASILPAGHNPTGAFWFDDTTGKFITSTYYTKELPKWVNDFNNKNVPAQLVANGWNTLLPINQYTESSEDNVEWEGLLGSKKTPTFPYTDLAKDYEAKKGLIRTTPFGNTLTLQMADAAIDGNQMGVDDITDFLTVNLASTDYVGHNFGPNSIEVEDTYLRLDRDLADFFNNLDKKVGKGNYLVFLSADHGAAHSVGFMQAHKMPTGFFVEDMKKEMNAKLKQKFGADNIIAAAMNYQVYFDRKVLADSKLELDDVRDYVMTELKKEPSVLYVLSTDEIWESSIPEPIKSRVINGYNWKRSGDIQIISKDGYLSAYSKKGTTHSVWNSYDSHIPVLFMGWGIKQGESNQPYHMTDIAPTVSSLLKIQFPSGAVGKPITEVIGRIEGRSAWSHPQFEK,-0.3554026593661545,1.0219094282764156,-0.045184019992092
22,M413V,MDIGIDSDPQKTNAVPRPKLVVGLVVDQMRWDYLYRYYSKYGEGGFKRMLNTGYSLNNVHIDYVPTVTAIGHTSIFTGSVPSIHGIAGNDWYDKELGKSVYCTSDETVQPVGTTSNSVGQHSPRNLWSTTVTDQLGLATNFTSKVVGVSLKDRASILPAGHNPTGAFWFDDTTGKFITSTYYTKELPKWVNDFNNKNVPAQLVANGWNTLLPINQYTESSEDNVEWEGLLGSKKTPTFPYTDLAKDYEAKKGLIRTTPFGNTLTLQMADAAIDGNQMGVDDITDFLTVNLASTDYVGHNFGPNSIEVEDTYLRLDRDLADFFNNLDKKVGKGNYLVFLSADHGAAHSVGFMQAHKMPTGFFVEDMKKEMNAKLKQKFGADNIIAAAMNYQVYFDRKVLADSKLELDDVRDYVVTELKKEPSVLYVLSTDEIWESSIPEPIKSRVINGYNWKRSGDIQIISKDGYLSAYSKKGTTHSVWNSYDSHIPLLFMGWGIKQGESNQPYHMTDIAPTVSSLLKIQFPSGAVGKPITEVIGRIEGRSAWSHPQFEK,0.9779930554127476,-0.7799889812338953,0.4069331526241682
23,K376G,MDIGIDSDPQKTNAVPRPKLVVGLVVDQMRWDYLYRYYSKYGEGGFKRMLNTGYSLNNVHIDYVPTVTAIGHTSIFTGSVPSIHGIAGNDWYDKELGKSVYCTSDETVQPVGTTSNSVGQHSPRNLWSTTVTDQLGLATNFTSKVVGVSLKDRASILPAGHNPTGAFWFDDTTGKFITSTYYTKELPKWVNDFNNKNVPAQLVANGWNTLLPINQYTESSEDNVEWEGLLGSKKTPTFPYTDLAKDYEAKKGLIRTTPFGNTLTLQMADAAIDGNQMGVDDITDFLTVNLASTDYVGHNFGPNSIEVEDTYLRLDRDLADFFNNLDKKVGKGNYLVFLSADHGAAHSVGFMQAHKMPTGFFVEDMKKEMNAKLKQGFGADNIIAAAMNYQVYFDRKVLADSKLELDDVRDYVMTELKKEPSVLYVLSTDEIWESSIPEPIKSRVINGYNWKRSGDIQIISKDGYLSAYSKKGTTHSVWNSYDSHIPLLFMGWGIKQGESNQPYHMTDIAPTVSSLLKIQFPSGAVGKPITEVIGRIEGRSAWSHPQFEK,-1.6276020710526864,-1.9055889925568632,-0.0398448643398373
24,K250G,MDIGIDSDPQKTNAVPRPKLVVGLVVDQMRWDYLYRYYSKYGEGGFKRMLNTGYSLNNVHIDYVPTVTAIGHTSIFTGSVPSIHGIAGNDWYDKELGKSVYCTSDETVQPVGTTSNSVGQHSPRNLWSTTVTDQLGLATNFTSKVVGVSLKDRASILPAGHNPTGAFWFDDTTGKFITSTYYTKELPKWVNDFNNKNVPAQLVANGWNTLLPINQYTESSEDNVEWEGLLGSKKTPTFPYTDLAKDYEAGKGLIRTTPFGNTLTLQMADAAIDGNQMGVDDITDFLTVNLASTDYVGHNFGPNSIEVEDTYLRLDRDLADFFNNLDKKVGKGNYLVFLSADHGAAHSVGFMQAHKMPTGFFVEDMKKEMNAKLKQKFGADNIIAAAMNYQVYFDRKVLADSKLELDDVRDYVMTELKKEPSVLYVLSTDEIWESSIPEPIKSRVINGYNWKRSGDIQIISKDGYLSAYSKKGTTHSVWNSYDSHIPLLFMGWGIKQGESNQPYHMTDIAPTVSSLLKIQFPSGAVGKPITEVIGRIEGRSAWSHPQFEK,1.0712896021116731,-0.0740603909275637,0.1264282129263196
25,V336A,MDIGIDSDPQKTNAVPRPKLVVGLVVDQMRWDYLYRYYSKYGEGGFKRMLNTGYSLNNVHIDYVPTVTAIGHTSIFTGSVPSIHGIAGNDWYDKELGKSVYCTSDETVQPVGTTSNSVGQHSPRNLWSTTVTDQLGLATNFTSKVVGVSLKDRASILPAGHNPTGAFWFDDTTGKFITSTYYTKELPKWVNDFNNKNVPAQLVANGWNTLLPINQYTESSEDNVEWEGLLGSKKTPTFPYTDLAKDYEAKKGLIRTTPFGNTLTLQMADAAIDGNQMGVDDITDFLTVNLASTDYVGHNFGPNSIEVEDTYLRLDRDLADFFNNLDKKVGKGNYLAFLSADHGAAHSVGFMQAHKMPTGFFVEDMKKEMNAKLKQKFGADNIIAAAMNYQVYFDRKVLADSKLELDDVRDYVMTELKKEPSVLYVLSTDEIWESSIPEPIKSRVINGYNWKRSGDIQIISKDGYLSAYSKKGTTHSVWNSYDSHIPLLFMGWGIKQGESNQPYHMTDIAPTVSSLLKIQFPSGAVGKPITEVIGRIEGRSAWSHPQFEK,-0.3460796614997263,-1.216316975362277,0.2816323673634091
26,K331V,MDIGIDSDPQKTNAVPRPKLVVGLVVDQMRWDYLYRYYSKYGEGGFKRMLNTGYSLNNVHIDYVPTVTAIGHTSIFTGSVPSIHGIAGNDWYDKELGKSVYCTSDETVQPVGTTSNSVGQHSPRNLWSTTVTDQLGLATNFTSKVVGVSLKDRASILPAGHNPTGAFWFDDTTGKFITSTYYTKELPKWVNDFNNKNVPAQLVANGWNTLLPINQYTESSEDNVEWEGLLGSKKTPTFPYTDLAKDYEAKKGLIRTTPFGNTLTLQMADAAIDGNQMGVDDITDFLTVNLASTDYVGHNFGPNSIEVEDTYLRLDRDLADFFNNLDKKVGVGNYLVFLSADHGAAHSVGFMQAHKMPTGFFVEDMKKEMNAKLKQKFGADNIIAAAMNYQVYFDRKVLADSKLELDDVRDYVMTELKKEPSVLYVLSTDEIWESSIPEPIKSRVINGYNWKRSGDIQIISKDGYLSAYSKKGTTHSVWNSYDSHIPLLFMGWGIKQGESNQPYHMTDIAPTVSSLLKIQFPSGAVGKPITEVIGRIEGRSAWSHPQFEK,0.2867048533547186,0.8770827182599203,0.3254819075796161
27,N205G,MDIGIDSDPQKTNAVPRPKLVVGLVVDQMRWDYLYRYYSKYGEGGFKRMLNTGYSLNNVHIDYVPTVTAIGHTSIFTGSVPSIHGIAGNDWYDKELGKSVYCTSDETVQPVGTTSNSVGQHSPRNLWSTTVTDQLGLATNFTSKVVGVSLKDRASILPAGHNPTGAFWFDDTTGKFITSTYYTKELPKWVNDFNNKNVPAQLVAGGWNTLLPINQYTESSEDNVEWEGLLGSKKTPTFPYTDLAKDYEAKKGLIRTTPFGNTLTLQMADAAIDGNQMGVDDITDFLTVNLASTDYVGHNFGPNSIEVEDTYLRLDRDLADFFNNLDKKVGKGNYLVFLSADHGAAHSVGFMQAHKMPTGFFVEDMKKEMNAKLKQKFGADNIIAAAMNYQVYFDRKVLADSKLELDDVRDYVMTELKKEPSVLYVLSTDEIWESSIPEPIKSRVINGYNWKRSGDIQIISKDGYLSAYSKKGTTHSVWNSYDSHIPLLFMGWGIKQGESNQPYHMTDIAPTVSSLLKIQFPSGAVGKPITEVIGRIEGRSAWSHPQFEK,1.0777713285916035,0.5788601987503397,0.3559606206092576
28,T68V,MDIGIDSDPQKTNAVPRPKLVVGLVVDQMRWDYLYRYYSKYGEGGFKRMLNTGYSLNNVHIDYVPTVVAIGHTSIFTGSVPSIHGIAGNDWYDKELGKSVYCTSDETVQPVGTTSNSVGQHSPRNLWSTTVTDQLGLATNFTSKVVGVSLKDRASILPAGHNPTGAFWFDDTTGKFITSTYYTKELPKWVNDFNNKNVPAQLVANGWNTLLPINQYTESSEDNVEWEGLLGSKKTPTFPYTDLAKDYEAKKGLIRTTPFGNTLTLQMADAAIDGNQMGVDDITDFLTVNLASTDYVGHNFGPNSIEVEDTYLRLDRDLADFFNNLDKKVGKGNYLVFLSADHGAAHSVGFMQAHKMPTGFFVEDMKKEMNAKLKQKFGADNIIAAAMNYQVYFDRKVLADSKLELDDVRDYVMTELKKEPSVLYVLSTDEIWESSIPEPIKSRVINGYNWKRSGDIQIISKDGYLSAYSKKGTTHSVWNSYDSHIPLLFMGWGIKQGESNQPYHMTDIAPTVSSLLKIQFPSGAVGKPITEVIGRIEGRSAWSHPQFEK,0.4364794421543515,0.0434577625414455,0.1239395457870505
29,N299V,MDIGIDSDPQKTNAVPRPKLVVGLVVDQMRWDYLYRYYSKYGEGGFKRMLNTGYSLNNVHIDYVPTVTAIGHTSIFTGSVPSIHGIAGNDWYDKELGKSVYCTSDETVQPVGTTSNSVGQHSPRNLWSTTVTDQLGLATNFTSKVVGVSLKDRASILPAGHNPTGAFWFDDTTGKFITSTYYTKELPKWVNDFNNKNVPAQLVANGWNTLLPINQYTESSEDNVEWEGLLGSKKTPTFPYTDLAKDYEAKKGLIRTTPFGNTLTLQMADAAIDGNQMGVDDITDFLTVNLASTDYVGHVFGPNSIEVEDTYLRLDRDLADFFNNLDKKVGKGNYLVFLSADHGAAHSVGFMQAHKMPTGFFVEDMKKEMNAKLKQKFGADNIIAAAMNYQVYFDRKVLADSKLELDDVRDYVMTELKKEPSVLYVLSTDEIWESSIPEPIKSRVINGYNWKRSGDIQIISKDGYLSAYSKKGTTHSVWNSYDSHIPLLFMGWGIKQGESNQPYHMTDIAPTVSSLLKIQFPSGAVGKPITEVIGRIEGRSAWSHPQFEK,0.098328696729839,1.0656162698002287,-0.0268375372931444
30,R255V,MDIGIDSDPQKTNAVPRPKLVVGLVVDQMRWDYLYRYYSKYGEGGFKRMLNTGYSLNNVHIDYVPTVTAIGHTSIFTGSVPSIHGIAGNDWYDKELGKSVYCTSDETVQPVGTTSNSVGQHSPRNLWSTTVTDQLGLATNFTSKVVGVSLKDRASILPAGHNPTGAFWFDDTTGKFITSTYYTKELPKWVNDFNNKNVPAQLVANGWNTLLPINQYTESSEDNVEWEGLLGSKKTPTFPYTDLAKDYEAKKGLIVTTPFGNTLTLQMADAAIDGNQMGVDDITDFLTVNLASTDYVGHNFGPNSIEVEDTYLRLDRDLADFFNNLDKKVGKGNYLVFLSADHGAAHSVGFMQAHKMPTGFFVEDMKKEMNAKLKQKFGADNIIAAAMNYQVYFDRKVLADSKLELDDVRDYVMTELKKEPSVLYVLSTDEIWESSIPEPIKSRVINGYNWKRSGDIQIISKDGYLSAYSKKGTTHSVWNSYDSHIPLLFMGWGIKQGESNQPYHMTDIAPTVSSLLKIQFPSGAVGKPITEVIGRIEGRSAWSHPQFEK,-2.320895098572445,-1.4026744198328254,0.0046105071627094
31,V26A,MDIGIDSDPQKTNAVPRPKLVVGLVADQMRWDYLYRYYSKYGEGGFKRMLNTGYSLNNVHIDYVPTVTAIGHTSIFTGSVPSIHGIAGNDWYDKELGKSVYCTSDETVQPVGTTSNSVGQHSPRNLWSTTVTDQLGLATNFTSKVVGVSLKDRASILPAGHNPTGAFWFDDTTGKFITSTYYTKELPKWVNDFNNKNVPAQLVANGWNTLLPINQYTESSEDNVEWEGLLGSKKTPTFPYTDLAKDYEAKKGLIRTTPFGNTLTLQMADAAIDGNQMGVDDITDFLTVNLASTDYVGHNFGPNSIEVEDTYLRLDRDLADFFNNLDKKVGKGNYLVFLSADHGAAHSVGFMQAHKMPTGFFVEDMKKEMNAKLKQKFGADNIIAAAMNYQVYFDRKVLADSKLELDDVRDYVMTELKKEPSVLYVLSTDEIWESSIPEPIKSRVINGYNWKRSGDIQIISKDGYLSAYSKKGTTHSVWNSYDSHIPLLFMGWGIKQGESNQPYHMTDIAPTVSSLLKIQFPSGAVGKPITEVIGRIEGRSAWSHPQFEK,-2.237115197009899,-1.3227439353446704,-0.1022289725585017
32,L318V,MDIGIDSDPQKTNAVPRPKLVVGLVVDQMRWDYLYRYYSKYGEGGFKRMLNTGYSLNNVHIDYVPTVTAIGHTSIFTGSVPSIHGIAGNDWYDKELGKSVYCTSDETVQPVGTTSNSVGQHSPRNLWSTTVTDQLGLATNFTSKVVGVSLKDRASILPAGHNPTGAFWFDDTTGKFITSTYYTKELPKWVNDFNNKNVPAQLVANGWNTLLPINQYTESSEDNVEWEGLLGSKKTPTFPYTDLAKDYEAKKGLIRTTPFGNTLTLQMADAAIDGNQMGVDDITDFLTVNLASTDYVGHNFGPNSIEVEDTYLRLDRDVADFFNNLDKKVGKGNYLVFLSADHGAAHSVGFMQAHKMPTGFFVEDMKKEMNAKLKQKFGADNIIAAAMNYQVYFDRKVLADSKLELDDVRDYVMTELKKEPSVLYVLSTDEIWESSIPEPIKSRVINGYNWKRSGDIQIISKDGYLSAYSKKGTTHSVWNSYDSHIPLLFMGWGIKQGESNQPYHMTDIAPTVSSLLKIQFPSGAVGKPITEVIGRIEGRSAWSHPQFEK,-0.1778611671653096,0.4255815017055175,0.1243691571576265
33,D171G,MDIGIDSDPQKTNAVPRPKLVVGLVVDQMRWDYLYRYYSKYGEGGFKRMLNTGYSLNNVHIDYVPTVTAIGHTSIFTGSVPSIHGIAGNDWYDKELGKSVYCTSDETVQPVGTTSNSVGQHSPRNLWSTTVTDQLGLATNFTSKVVGVSLKDRASILPAGHNPTGAFWFDGTTGKFITSTYYTKELPKWVNDFNNKNVPAQLVANGWNTLLPINQYTESSEDNVEWEGLLGSKKTPTFPYTDLAKDYEAKKGLIRTTPFGNTLTLQMADAAIDGNQMGVDDITDFLTVNLASTDYVGHNFGPNSIEVEDTYLRLDRDLADFFNNLDKKVGKGNYLVFLSADHGAAHSVGFMQAHKMPTGFFVEDMKKEMNAKLKQKFGADNIIAAAMNYQVYFDRKVLADSKLELDDVRDYVMTELKKEPSVLYVLSTDEIWESSIPEPIKSRVINGYNWKRSGDIQIISKDGYLSAYSKKGTTHSVWNSYDSHIPLLFMGWGIKQGESNQPYHMTDIAPTVSSLLKIQFPSGAVGKPITEVIGRIEGRSAWSHPQFEK,-0.1887917844656581,0.1357066472321837,0.1596802770001285
34,D455G,MDIGIDSDPQKTNAVPRPKLVVGLVVDQMRWDYLYRYYSKYGEGGFKRMLNTGYSLNNVHIDYVPTVTAIGHTSIFTGSVPSIHGIAGNDWYDKELGKSVYCTSDETVQPVGTTSNSVGQHSPRNLWSTTVTDQLGLATNFTSKVVGVSLKDRASILPAGHNPTGAFWFDDTTGKFITSTYYTKELPKWVNDFNNKNVPAQLVANGWNTLLPINQYTESSEDNVEWEGLLGSKKTPTFPYTDLAKDYEAKKGLIRTTPFGNTLTLQMADAAIDGNQMGVDDITDFLTVNLASTDYVGHNFGPNSIEVEDTYLRLDRDLADFFNNLDKKVGKGNYLVFLSADHGAAHSVGFMQAHKMPTGFFVEDMKKEMNAKLKQKFGADNIIAAAMNYQVYFDRKVLADSKLELDDVRDYVMTELKKEPSVLYVLSTDEIWESSIPEPIKSRVINGYNWKRSGGIQIISKDGYLSAYSKKGTTHSVWNSYDSHIPLLFMGWGIKQGESNQPYHMTDIAPTVSSLLKIQFPSGAVGKPITEVIGRIEGRSAWSHPQFEK,-0.0647247842050187,-0.7735728442776241,-0.0724110366995134
35,N324G,MDIGIDSDPQKTNAVPRPKLVVGLVVDQMRWDYLYRYYSKYGEGGFKRMLNTGYSLNNVHIDYVPTVTAIGHTSIFTGSVPSIHGIAGNDWYDKELGKSVYCTSDETVQPVGTTSNSVGQHSPRNLWSTTVTDQLGLATNFTSKVVGVSLKDRASILPAGHNPTGAFWFDDTTGKFITSTYYTKELPKWVNDFNNKNVPAQLVANGWNTLLPINQYTESSEDNVEWEGLLGSKKTPTFPYTDLAKDYEAKKGLIRTTPFGNTLTLQMADAAIDGNQMGVDDITDFLTVNLASTDYVGHNFGPNSIEVEDTYLRLDRDLADFFNGLDKKVGKGNYLVFLSADHGAAHSVGFMQAHKMPTGFFVEDMKKEMNAKLKQKFGADNIIAAAMNYQVYFDRKVLADSKLELDDVRDYVMTELKKEPSVLYVLSTDEIWESSIPEPIKSRVINGYNWKRSGDIQIISKDGYLSAYSKKGTTHSVWNSYDSHIPLLFMGWGIKQGESNQPYHMTDIAPTVSSLLKIQFPSGAVGKPITEVIGRIEGRSAWSHPQFEK,-0.3129409838112166,-0.535508957305173,-0.2254455207382464
36,K517G,MDIGIDSDPQKTNAVPRPKLVVGLVVDQMRWDYLYRYYSKYGEGGFKRMLNTGYSLNNVHIDYVPTVTAIGHTSIFTGSVPSIHGIAGNDWYDKELGKSVYCTSDETVQPVGTTSNSVGQHSPRNLWSTTVTDQLGLATNFTSKVVGVSLKDRASILPAGHNPTGAFWFDDTTGKFITSTYYTKELPKWVNDFNNKNVPAQLVANGWNTLLPINQYTESSEDNVEWEGLLGSKKTPTFPYTDLAKDYEAKKGLIRTTPFGNTLTLQMADAAIDGNQMGVDDITDFLTVNLASTDYVGHNFGPNSIEVEDTYLRLDRDLADFFNNLDKKVGKGNYLVFLSADHGAAHSVGFMQAHKMPTGFFVEDMKKEMNAKLKQKFGADNIIAAAMNYQVYFDRKVLADSKLELDDVRDYVMTELKKEPSVLYVLSTDEIWESSIPEPIKSRVINGYNWKRSGDIQIISKDGYLSAYSKKGTTHSVWNSYDSHIPLLFMGWGIKQGESNQPYHMTDIAPTVSSLLGIQFPSGAVGKPITEVIGRIEGRSAWSHPQFEK,-0.1155689428277244,-0.5102584485701629,-0.0379240873914841
37,Y182V,MDIGIDSDPQKTNAVPRPKLVVGLVVDQMRWDYLYRYYSKYGEGGFKRMLNTGYSLNNVHIDYVPTVTAIGHTSIFTGSVPSIHGIAGNDWYDKELGKSVYCTSDETVQPVGTTSNSVGQHSPRNLWSTTVTDQLGLATNFTSKVVGVSLKDRASILPAGHNPTGAFWFDDTTGKFITSTYVTKELPKWVNDFNNKNVPAQLVANGWNTLLPINQYTESSEDNVEWEGLLGSKKTPTFPYTDLAKDYEAKKGLIRTTPFGNTLTLQMADAAIDGNQMGVDDITDFLTVNLASTDYVGHNFGPNSIEVEDTYLRLDRDLADFFNNLDKKVGKGNYLVFLSADHGAAHSVGFMQAHKMPTGFFVEDMKKEMNAKLKQKFGADNIIAAAMNYQVYFDRKVLADSKLELDDVRDYVMTELKKEPSVLYVLSTDEIWESSIPEPIKSRVINGYNWKRSGDIQIISKDGYLSAYSKKGTTHSVWNSYDSHIPLLFMGWGIKQGESNQPYHMTDIAPTVSSLLKIQFPSGAVGKPITEVIGRIEGRSAWSHPQFEK,-2.1898753273970275,-2.0289648097570936,0.1035686231743328
38,L335V,MDIGIDSDPQKTNAVPRPKLVVGLVVDQMRWDYLYRYYSKYGEGGFKRMLNTGYSLNNVHIDYVPTVTAIGHTSIFTGSVPSIHGIAGNDWYDKELGKSVYCTSDETVQPVGTTSNSVGQHSPRNLWSTTVTDQLGLATNFTSKVVGVSLKDRASILPAGHNPTGAFWFDDTTGKFITSTYYTKELPKWVNDFNNKNVPAQLVANGWNTLLPINQYTESSEDNVEWEGLLGSKKTPTFPYTDLAKDYEAKKGLIRTTPFGNTLTLQMADAAIDGNQMGVDDITDFLTVNLASTDYVGHNFGPNSIEVEDTYLRLDRDLADFFNNLDKKVGKGNYVVFLSADHGAAHSVGFMQAHKMPTGFFVEDMKKEMNAKLKQKFGADNIIAAAMNYQVYFDRKVLADSKLELDDVRDYVMTELKKEPSVLYVLSTDEIWESSIPEPIKSRVINGYNWKRSGDIQIISKDGYLSAYSKKGTTHSVWNSYDSHIPLLFMGWGIKQGESNQPYHMTDIAPTVSSLLKIQFPSGAVGKPITEVIGRIEGRSAWSHPQFEK,0.7300448770481813,2.270606977094473,0.115803640186014
39,D273G,MDIGIDSDPQKTNAVPRPKLVVGLVVDQMRWDYLYRYYSKYGEGGFKRMLNTGYSLNNVHIDYVPTVTAIGHTSIFTGSVPSIHGIAGNDWYDKELGKSVYCTSDETVQPVGTTSNSVGQHSPRNLWSTTVTDQLGLATNFTSKVVGVSLKDRASILPAGHNPTGAFWFDDTTGKFITSTYYTKELPKWVNDFNNKNVPAQLVANGWNTLLPINQYTESSEDNVEWEGLLGSKKTPTFPYTDLAKDYEAKKGLIRTTPFGNTLTLQMADAAIGGNQMGVDDITDFLTVNLASTDYVGHNFGPNSIEVEDTYLRLDRDLADFFNNLDKKVGKGNYLVFLSADHGAAHSVGFMQAHKMPTGFFVEDMKKEMNAKLKQKFGADNIIAAAMNYQVYFDRKVLADSKLELDDVRDYVMTELKKEPSVLYVLSTDEIWESSIPEPIKSRVINGYNWKRSGDIQIISKDGYLSAYSKKGTTHSVWNSYDSHIPLLFMGWGIKQGESNQPYHMTDIAPTVSSLLKIQFPSGAVGKPITEVIGRIEGRSAWSHPQFEK,0.7604125145271428,1.3142048412872736,-0.1698965683370754
40,G147V,MDIGIDSDPQKTNAVPRPKLVVGLVVDQMRWDYLYRYYSKYGEGGFKRMLNTGYSLNNVHIDYVPTVTAIGHTSIFTGSVPSIHGIAGNDWYDKELGKSVYCTSDETVQPVGTTSNSVGQHSPRNLWSTTVTDQLGLATNFTSKVVVVSLKDRASILPAGHNPTGAFWFDDTTGKFITSTYYTKELPKWVNDFNNKNVPAQLVANGWNTLLPINQYTESSEDNVEWEGLLGSKKTPTFPYTDLAKDYEAKKGLIRTTPFGNTLTLQMADAAIDGNQMGVDDITDFLTVNLASTDYVGHNFGPNSIEVEDTYLRLDRDLADFFNNLDKKVGKGNYLVFLSADHGAAHSVGFMQAHKMPTGFFVEDMKKEMNAKLKQKFGADNIIAAAMNYQVYFDRKVLADSKLELDDVRDYVMTELKKEPSVLYVLSTDEIWESSIPEPIKSRVINGYNWKRSGDIQIISKDGYLSAYSKKGTTHSVWNSYDSHIPLLFMGWGIKQGESNQPYHMTDIAPTVSSLLKIQFPSGAVGKPITEVIGRIEGRSAWSHPQFEK,-1.6279785301575167,-0.3579214252248489,-0.1150764653366944
41,V362G,MDIGIDSDPQKTNAVPRPKLVVGLVVDQMRWDYLYRYYSKYGEGGFKRMLNTGYSLNNVHIDYVPTVTAIGHTSIFTGSVPSIHGIAGNDWYDKELGKSVYCTSDETVQPVGTTSNSVGQHSPRNLWSTTVTDQLGLATNFTSKVVGVSLKDRASILPAGHNPTGAFWFDDTTGKFITSTYYTKELPKWVNDFNNKNVPAQLVANGWNTLLPINQYTESSEDNVEWEGLLGSKKTPTFPYTDLAKDYEAKKGLIRTTPFGNTLTLQMADAAIDGNQMGVDDITDFLTVNLASTDYVGHNFGPNSIEVEDTYLRLDRDLADFFNNLDKKVGKGNYLVFLSADHGAAHSVGFMQAHKMPTGFFGEDMKKEMNAKLKQKFGADNIIAAAMNYQVYFDRKVLADSKLELDDVRDYVMTELKKEPSVLYVLSTDEIWESSIPEPIKSRVINGYNWKRSGDIQIISKDGYLSAYSKKGTTHSVWNSYDSHIPLLFMGWGIKQGESNQPYHMTDIAPTVSSLLKIQFPSGAVGKPITEVIGRIEGRSAWSHPQFEK,1.1088105309945275,1.4940946101768855,0.1603094970456287
42,I383V,MDIGIDSDPQKTNAVPRPKLVVGLVVDQMRWDYLYRYYSKYGEGGFKRMLNTGYSLNNVHIDYVPTVTAIGHTSIFTGSVPSIHGIAGNDWYDKELGKSVYCTSDETVQPVGTTSNSVGQHSPRNLWSTTVTDQLGLATNFTSKVVGVSLKDRASILPAGHNPTGAFWFDDTTGKFITSTYYTKELPKWVNDFNNKNVPAQLVANGWNTLLPINQYTESSEDNVEWEGLLGSKKTPTFPYTDLAKDYEAKKGLIRTTPFGNTLTLQMADAAIDGNQMGVDDITDFLTVNLASTDYVGHNFGPNSIEVEDTYLRLDRDLADFFNNLDKKVGKGNYLVFLSADHGAAHSVGFMQAHKMPTGFFVEDMKKEMNAKLKQKFGADNIVAAAMNYQVYFDRKVLADSKLELDDVRDYVMTELKKEPSVLYVLSTDEIWESSIPEPIKSRVINGYNWKRSGDIQIISKDGYLSAYSKKGTTHSVWNSYDSHIPLLFMGWGIKQGESNQPYHMTDIAPTVSSLLKIQFPSGAVGKPITEVIGRIEGRSAWSHPQFEK,-0.9242221271384982,-0.0657236297762537,-0.2592977142023862
43,V118G,MDIGIDSDPQKTNAVPRPKLVVGLVVDQMRWDYLYRYYSKYGEGGFKRMLNTGYSLNNVHIDYVPTVTAIGHTSIFTGSVPSIHGIAGNDWYDKELGKSVYCTSDETVQPVGTTSNSGGQHSPRNLWSTTVTDQLGLATNFTSKVVGVSLKDRASILPAGHNPTGAFWFDDTTGKFITSTYYTKELPKWVNDFNNKNVPAQLVANGWNTLLPINQYTESSEDNVEWEGLLGSKKTPTFPYTDLAKDYEAKKGLIRTTPFGNTLTLQMADAAIDGNQMGVDDITDFLTVNLASTDYVGHNFGPNSIEVEDTYLRLDRDLADFFNNLDKKVGKGNYLVFLSADHGAAHSVGFMQAHKMPTGFFVEDMKKEMNAKLKQKFGADNIIAAAMNYQVYFDRKVLADSKLELDDVRDYVMTELKKEPSVLYVLSTDEIWESSIPEPIKSRVINGYNWKRSGDIQIISKDGYLSAYSKKGTTHSVWNSYDSHIPLLFMGWGIKQGESNQPYHMTDIAPTVSSLLKIQFPSGAVGKPITEVIGRIEGRSAWSHPQFEK,0.5412704941120304,1.2563101566222772,-0.1045285816369116
44,V512G,MDIGIDSDPQKTNAVPRPKLVVGLVVDQMRWDYLYRYYSKYGEGGFKRMLNTGYSLNNVHIDYVPTVTAIGHTSIFTGSVPSIHGIAGNDWYDKELGKSVYCTSDETVQPVGTTSNSVGQHSPRNLWSTTVTDQLGLATNFTSKVVGVSLKDRASILPAGHNPTGAFWFDDTTGKFITSTYYTKELPKWVNDFNNKNVPAQLVANGWNTLLPINQYTESSEDNVEWEGLLGSKKTPTFPYTDLAKDYEAKKGLIRTTPFGNTLTLQMADAAIDGNQMGVDDITDFLTVNLASTDYVGHNFGPNSIEVEDTYLRLDRDLADFFNNLDKKVGKGNYLVFLSADHGAAHSVGFMQAHKMPTGFFVEDMKKEMNAKLKQKFGADNIIAAAMNYQVYFDRKVLADSKLELDDVRDYVMTELKKEPSVLYVLSTDEIWESSIPEPIKSRVINGYNWKRSGDIQIISKDGYLSAYSKKGTTHSVWNSYDSHIPLLFMGWGIKQGESNQPYHMTDIAPTGSSLLKIQFPSGAVGKPITEVIGRIEGRSAWSHPQFEK,1.3369330993153083,0.7048897510411654,0.1826643698219787
45,T209V,MDIGIDSDPQKTNAVPRPKLVVGLVVDQMRWDYLYRYYSKYGEGGFKRMLNTGYSLNNVHIDYVPTVTAIGHTSIFTGSVPSIHGIAGNDWYDKELGKSVYCTSDETVQPVGTTSNSVGQHSPRNLWSTTVTDQLGLATNFTSKVVGVSLKDRASILPAGHNPTGAFWFDDTTGKFITSTYYTKELPKWVNDFNNKNVPAQLVANGWNVLLPINQYTESSEDNVEWEGLLGSKKTPTFPYTDLAKDYEAKKGLIRTTPFGNTLTLQMADAAIDGNQMGVDDITDFLTVNLASTDYVGHNFGPNSIEVEDTYLRLDRDLADFFNNLDKKVGKGNYLVFLSADHGAAHSVGFMQAHKMPTGFFVEDMKKEMNAKLKQKFGADNIIAAAMNYQVYFDRKVLADSKLELDDVRDYVMTELKKEPSVLYVLSTDEIWESSIPEPIKSRVINGYNWKRSGDIQIISKDGYLSAYSKKGTTHSVWNSYDSHIPLLFMGWGIKQGESNQPYHMTDIAPTVSSLLKIQFPSGAVGKPITEVIGRIEGRSAWSHPQFEK,-1.0645520953567504,-1.4717970647911474,0.4523610837233253
46,V477G,MDIGIDSDPQKTNAVPRPKLVVGLVVDQMRWDYLYRYYSKYGEGGFKRMLNTGYSLNNVHIDYVPTVTAIGHTSIFTGSVPSIHGIAGNDWYDKELGKSVYCTSDETVQPVGTTSNSVGQHSPRNLWSTTVTDQLGLATNFTSKVVGVSLKDRASILPAGHNPTGAFWFDDTTGKFITSTYYTKELPKWVNDFNNKNVPAQLVANGWNTLLPINQYTESSEDNVEWEGLLGSKKTPTFPYTDLAKDYEAKKGLIRTTPFGNTLTLQMADAAIDGNQMGVDDITDFLTVNLASTDYVGHNFGPNSIEVEDTYLRLDRDLADFFNNLDKKVGKGNYLVFLSADHGAAHSVGFMQAHKMPTGFFVEDMKKEMNAKLKQKFGADNIIAAAMNYQVYFDRKVLADSKLELDDVRDYVMTELKKEPSVLYVLSTDEIWESSIPEPIKSRVINGYNWKRSGDIQIISKDGYLSAYSKKGTTHSGWNSYDSHIPLLFMGWGIKQGESNQPYHMTDIAPTVSSLLKIQFPSGAVGKPITEVIGRIEGRSAWSHPQFEK,1.4417422427759234,1.155056888527912,-0.1157756675343312
47,P16V,MDIGIDSDPQKTNAVVRPKLVVGLVVDQMRWDYLYRYYSKYGEGGFKRMLNTGYSLNNVHIDYVPTVTAIGHTSIFTGSVPSIHGIAGNDWYDKELGKSVYCTSDETVQPVGTTSNSVGQHSPRNLWSTTVTDQLGLATNFTSKVVGVSLKDRASILPAGHNPTGAFWFDDTTGKFITSTYYTKELPKWVNDFNNKNVPAQLVANGWNTLLPINQYTESSEDNVEWEGLLGSKKTPTFPYTDLAKDYEAKKGLIRTTPFGNTLTLQMADAAIDGNQMGVDDITDFLTVNLASTDYVGHNFGPNSIEVEDTYLRLDRDLADFFNNLDKKVGKGNYLVFLSADHGAAHSVGFMQAHKMPTGFFVEDMKKEMNAKLKQKFGADNIIAAAMNYQVYFDRKVLADSKLELDDVRDYVMTELKKEPSVLYVLSTDEIWESSIPEPIKSRVINGYNWKRSGDIQIISKDGYLSAYSKKGTTHSVWNSYDSHIPLLFMGWGIKQGESNQPYHMTDIAPTVSSLLKIQFPSGAVGKPITEVIGRIEGRSAWSHPQFEK,-1.1067432363271623,0.4003335390605708,-0.3324920395606859
48,G147A,MDIGIDSDPQKTNAVPRPKLVVGLVVDQMRWDYLYRYYSKYGEGGFKRMLNTGYSLNNVHIDYVPTVTAIGHTSIFTGSVPSIHGIAGNDWYDKELGKSVYCTSDETVQPVGTTSNSVGQHSPRNLWSTTVTDQLGLATNFTSKVVAVSLKDRASILPAGHNPTGAFWFDDTTGKFITSTYYTKELPKWVNDFNNKNVPAQLVANGWNTLLPINQYTESSEDNVEWEGLLGSKKTPTFPYTDLAKDYEAKKGLIRTTPFGNTLTLQMADAAIDGNQMGVDDITDFLTVNLASTDYVGHNFGPNSIEVEDTYLRLDRDLADFFNNLDKKVGKGNYLVFLSADHGAAHSVGFMQAHKMPTGFFVEDMKKEMNAKLKQKFGADNIIAAAMNYQVYFDRKVLADSKLELDDVRDYVMTELKKEPSVLYVLSTDEIWESSIPEPIKSRVINGYNWKRSGDIQIISKDGYLSAYSKKGTTHSVWNSYDSHIPLLFMGWGIKQGESNQPYHMTDIAPTVSSLLKIQFPSGAVGKPITEVIGRIEGRSAWSHPQFEK,-1.275466994136083,-0.7281778107086941,0.007252103050433
49,G228A,MDIGIDSDPQKTNAVPRPKLVVGLVVDQMRWDYLYRYYSKYGEGGFKRMLNTGYSLNNVHIDYVPTVTAIGHTSIFTGSVPSIHGIAGNDWYDKELGKSVYCTSDETVQPVGTTSNSVGQHSPRNLWSTTVTDQLGLATNFTSKVVGVSLKDRASILPAGHNPTGAFWFDDTTGKFITSTYYTKELPKWVNDFNNKNVPAQLVANGWNTLLPINQYTESSEDNVEWEALLGSKKTPTFPYTDLAKDYEAKKGLIRTTPFGNTLTLQMADAAIDGNQMGVDDITDFLTVNLASTDYVGHNFGPNSIEVEDTYLRLDRDLADFFNNLDKKVGKGNYLVFLSADHGAAHSVGFMQAHKMPTGFFVEDMKKEMNAKLKQKFGADNIIAAAMNYQVYFDRKVLADSKLELDDVRDYVMTELKKEPSVLYVLSTDEIWESSIPEPIKSRVINGYNWKRSGDIQIISKDGYLSAYSKKGTTHSVWNSYDSHIPLLFMGWGIKQGESNQPYHMTDIAPTVSSLLKIQFPSGAVGKPITEVIGRIEGRSAWSHPQFEK,0.7888400210777228,-0.3263869161350193,0.1814611579374173
50,L150G,MDIGIDSDPQKTNAVPRPKLVVGLVVDQMRWDYLYRYYSKYGEGGFKRMLNTGYSLNNVHIDYVPTVTAIGHTSIFTGSVPSIHGIAGNDWYDKELGKSVYCTSDETVQPVGTTSNSVGQHSPRNLWSTTVTDQLGLATNFTSKVVGVSGKDRASILPAGHNPTGAFWFDDTTGKFITSTYYTKELPKWVNDFNNKNVPAQLVANGWNTLLPINQYTESSEDNVEWEGLLGSKKTPTFPYTDLAKDYEAKKGLIRTTPFGNTLTLQMADAAIDGNQMGVDDITDFLTVNLASTDYVGHNFGPNSIEVEDTYLRLDRDLADFFNNLDKKVGKGNYLVFLSADHGAAHSVGFMQAHKMPTGFFVEDMKKEMNAKLKQKFGADNIIAAAMNYQVYFDRKVLADSKLELDDVRDYVMTELKKEPSVLYVLSTDEIWESSIPEPIKSRVINGYNWKRSGDIQIISKDGYLSAYSKKGTTHSVWNSYDSHIPLLFMGWGIKQGESNQPYHMTDIAPTVSSLLKIQFPSGAVGKPITEVIGRIEGRSAWSHPQFEK,0.0301810943671861,-1.0521724625576658,-0.2782534998294296
51,G343A,MDIGIDSDPQKTNAVPRPKLVVGLVVDQMRWDYLYRYYSKYGEGGFKRMLNTGYSLNNVHIDYVPTVTAIGHTSIFTGSVPSIHGIAGNDWYDKELGKSVYCTSDETVQPVGTTSNSVGQHSPRNLWSTTVTDQLGLATNFTSKVVGVSLKDRASILPAGHNPTGAFWFDDTTGKFITSTYYTKELPKWVNDFNNKNVPAQLVANGWNTLLPINQYTESSEDNVEWEGLLGSKKTPTFPYTDLAKDYEAKKGLIRTTPFGNTLTLQMADAAIDGNQMGVDDITDFLTVNLASTDYVGHNFGPNSIEVEDTYLRLDRDLADFFNNLDKKVGKGNYLVFLSADHAAAHSVGFMQAHKMPTGFFVEDMKKEMNAKLKQKFGADNIIAAAMNYQVYFDRKVLADSKLELDDVRDYVMTELKKEPSVLYVLSTDEIWESSIPEPIKSRVINGYNWKRSGDIQIISKDGYLSAYSKKGTTHSVWNSYDSHIPLLFMGWGIKQGESNQPYHMTDIAPTVSSLLKIQFPSGAVGKPITEVIGRIEGRSAWSHPQFEK,0.3300590925516116,0.8755111380918793,0.0436938245373436
52,T130G,MDIGIDSDPQKTNAVPRPKLVVGLVVDQMRWDYLYRYYSKYGEGGFKRMLNTGYSLNNVHIDYVPTVTAIGHTSIFTGSVPSIHGIAGNDWYDKELGKSVYCTSDETVQPVGTTSNSVGQHSPRNLWSTGVTDQLGLATNFTSKVVGVSLKDRASILPAGHNPTGAFWFDDTTGKFITSTYYTKELPKWVNDFNNKNVPAQLVANGWNTLLPINQYTESSEDNVEWEGLLGSKKTPTFPYTDLAKDYEAKKGLIRTTPFGNTLTLQMADAAIDGNQMGVDDITDFLTVNLASTDYVGHNFGPNSIEVEDTYLRLDRDLADFFNNLDKKVGKGNYLVFLSADHGAAHSVGFMQAHKMPTGFFVEDMKKEMNAKLKQKFGADNIIAAAMNYQVYFDRKVLADSKLELDDVRDYVMTELKKEPSVLYVLSTDEIWESSIPEPIKSRVINGYNWKRSGDIQIISKDGYLSAYSKKGTTHSVWNSYDSHIPLLFMGWGIKQGESNQPYHMTDIAPTVSSLLKIQFPSGAVGKPITEVIGRIEGRSAWSHPQFEK,0.6022041740375038,0.5290310131531847,-0.1123796477717507
53,T142V,MDIGIDSDPQKTNAVPRPKLVVGLVVDQMRWDYLYRYYSKYGEGGFKRMLNTGYSLNNVHIDYVPTVTAIGHTSIFTGSVPSIHGIAGNDWYDKELGKSVYCTSDETVQPVGTTSNSVGQHSPRNLWSTTVTDQLGLATNFVSKVVGVSLKDRASILPAGHNPTGAFWFDDTTGKFITSTYYTKELPKWVNDFNNKNVPAQLVANGWNTLLPINQYTESSEDNVEWEGLLGSKKTPTFPYTDLAKDYEAKKGLIRTTPFGNTLTLQMADAAIDGNQMGVDDITDFLTVNLASTDYVGHNFGPNSIEVEDTYLRLDRDLADFFNNLDKKVGKGNYLVFLSADHGAAHSVGFMQAHKMPTGFFVEDMKKEMNAKLKQKFGADNIIAAAMNYQVYFDRKVLADSKLELDDVRDYVMTELKKEPSVLYVLSTDEIWESSIPEPIKSRVINGYNWKRSGDIQIISKDGYLSAYSKKGTTHSVWNSYDSHIPLLFMGWGIKQGESNQPYHMTDIAPTVSSLLKIQFPSGAVGKPITEVIGRIEGRSAWSHPQFEK,0.961713946743552,0.9384508543346196,0.2236976399635892
54,K441G,MDIGIDSDPQKTNAVPRPKLVVGLVVDQMRWDYLYRYYSKYGEGGFKRMLNTGYSLNNVHIDYVPTVTAIGHTSIFTGSVPSIHGIAGNDWYDKELGKSVYCTSDETVQPVGTTSNSVGQHSPRNLWSTTVTDQLGLATNFTSKVVGVSLKDRASILPAGHNPTGAFWFDDTTGKFITSTYYTKELPKWVNDFNNKNVPAQLVANGWNTLLPINQYTESSEDNVEWEGLLGSKKTPTFPYTDLAKDYEAKKGLIRTTPFGNTLTLQMADAAIDGNQMGVDDITDFLTVNLASTDYVGHNFGPNSIEVEDTYLRLDRDLADFFNNLDKKVGKGNYLVFLSADHGAAHSVGFMQAHKMPTGFFVEDMKKEMNAKLKQKFGADNIIAAAMNYQVYFDRKVLADSKLELDDVRDYVMTELKKEPSVLYVLSTDEIWESSIPEPIGSRVINGYNWKRSGDIQIISKDGYLSAYSKKGTTHSVWNSYDSHIPLLFMGWGIKQGESNQPYHMTDIAPTVSSLLKIQFPSGAVGKPITEVIGRIEGRSAWSHPQFEK,-0.5667921677220089,0.2103825009323881,-0.3397372796952895
55,A271G,MDIGIDSDPQKTNAVPRPKLVVGLVVDQMRWDYLYRYYSKYGEGGFKRMLNTGYSLNNVHIDYVPTVTAIGHTSIFTGSVPSIHGIAGNDWYDKELGKSVYCTSDETVQPVGTTSNSVGQHSPRNLWSTTVTDQLGLATNFTSKVVGVSLKDRASILPAGHNPTGAFWFDDTTGKFITSTYYTKELPKWVNDFNNKNVPAQLVANGWNTLLPINQYTESSEDNVEWEGLLGSKKTPTFPYTDLAKDYEAKKGLIRTTPFGNTLTLQMADAGIDGNQMGVDDITDFLTVNLASTDYVGHNFGPNSIEVEDTYLRLDRDLADFFNNLDKKVGKGNYLVFLSADHGAAHSVGFMQAHKMPTGFFVEDMKKEMNAKLKQKFGADNIIAAAMNYQVYFDRKVLADSKLELDDVRDYVMTELKKEPSVLYVLSTDEIWESSIPEPIKSRVINGYNWKRSGDIQIISKDGYLSAYSKKGTTHSVWNSYDSHIPLLFMGWGIKQGESNQPYHMTDIAPTVSSLLKIQFPSGAVGKPITEVIGRIEGRSAWSHPQFEK,-0.3231951297128984,-0.0121299542660816,-0.6874924012241533
56,K11G,MDIGIDSDPQGTNAVPRPKLVVGLVVDQMRWDYLYRYYSKYGEGGFKRMLNTGYSLNNVHIDYVPTVTAIGHTSIFTGSVPSIHGIAGNDWYDKELGKSVYCTSDETVQPVGTTSNSVGQHSPRNLWSTTVTDQLGLATNFTSKVVGVSLKDRASILPAGHNPTGAFWFDDTTGKFITSTYYTKELPKWVNDFNNKNVPAQLVANGWNTLLPINQYTESSEDNVEWEGLLGSKKTPTFPYTDLAKDYEAKKGLIRTTPFGNTLTLQMADAAIDGNQMGVDDITDFLTVNLASTDYVGHNFGPNSIEVEDTYLRLDRDLADFFNNLDKKVGKGNYLVFLSADHGAAHSVGFMQAHKMPTGFFVEDMKKEMNAKLKQKFGADNIIAAAMNYQVYFDRKVLADSKLELDDVRDYVMTELKKEPSVLYVLSTDEIWESSIPEPIKSRVINGYNWKRSGDIQIISKDGYLSAYSKKGTTHSVWNSYDSHIPLLFMGWGIKQGESNQPYHMTDIAPTVSSLLKIQFPSGAVGKPITEVIGRIEGRSAWSHPQFEK,-0.4930650642015785,-1.4910823749384765,0.1332148468941933
57,E430V,MDIGIDSDPQKTNAVPRPKLVVGLVVDQMRWDYLYRYYSKYGEGGFKRMLNTGYSLNNVHIDYVPTVTAIGHTSIFTGSVPSIHGIAGNDWYDKELGKSVYCTSDETVQPVGTTSNSVGQHSPRNLWSTTVTDQLGLATNFTSKVVGVSLKDRASILPAGHNPTGAFWFDDTTGKFITSTYYTKELPKWVNDFNNKNVPAQLVANGWNTLLPINQYTESSEDNVEWEGLLGSKKTPTFPYTDLAKDYEAKKGLIRTTPFGNTLTLQMADAAIDGNQMGVDDITDFLTVNLASTDYVGHNFGPNSIEVEDTYLRLDRDLADFFNNLDKKVGKGNYLVFLSADHGAAHSVGFMQAHKMPTGFFVEDMKKEMNAKLKQKFGADNIIAAAMNYQVYFDRKVLADSKLELDDVRDYVMTELKKEPSVLYVLSTDVIWESSIPEPIKSRVINGYNWKRSGDIQIISKDGYLSAYSKKGTTHSVWNSYDSHIPLLFMGWGIKQGESNQPYHMTDIAPTVSSLLKIQFPSGAVGKPITEVIGRIEGRSAWSHPQFEK,0.3879475117073154,0.2299819373899796,0.1295984560783234
58,T428G,MDIGIDSDPQKTNAVPRPKLVVGLVVDQMRWDYLYRYYSKYGEGGFKRMLNTGYSLNNVHIDYVPTVTAIGHTSIFTGSVPSIHGIAGNDWYDKELGKSVYCTSDETVQPVGTTSNSVGQHSPRNLWSTTVTDQLGLATNFTSKVVGVSLKDRASILPAGHNPTGAFWFDDTTGKFITSTYYTKELPKWVNDFNNKNVPAQLVANGWNTLLPINQYTESSEDNVEWEGLLGSKKTPTFPYTDLAKDYEAKKGLIRTTPFGNTLTLQMADAAIDGNQMGVDDITDFLTVNLASTDYVGHNFGPNSIEVEDTYLRLDRDLADFFNNLDKKVGKGNYLVFLSADHGAAHSVGFMQAHKMPTGFFVEDMKKEMNAKLKQKFGADNIIAAAMNYQVYFDRKVLADSKLELDDVRDYVMTELKKEPSVLYVLSGDEIWESSIPEPIKSRVINGYNWKRSGDIQIISKDGYLSAYSKKGTTHSVWNSYDSHIPLLFMGWGIKQGESNQPYHMTDIAPTVSSLLKIQFPSGAVGKPITEVIGRIEGRSAWSHPQFEK,0.1462934586942617,0.2731542487801797,0.1570759947105995
59,G343V,MDIGIDSDPQKTNAVPRPKLVVGLVVDQMRWDYLYRYYSKYGEGGFKRMLNTGYSLNNVHIDYVPTVTAIGHTSIFTGSVPSIHGIAGNDWYDKELGKSVYCTSDETVQPVGTTSNSVGQHSPRNLWSTTVTDQLGLATNFTSKVVGVSLKDRASILPAGHNPTGAFWFDDTTGKFITSTYYTKELPKWVNDFNNKNVPAQLVANGWNTLLPINQYTESSEDNVEWEGLLGSKKTPTFPYTDLAKDYEAKKGLIRTTPFGNTLTLQMADAAIDGNQMGVDDITDFLTVNLASTDYVGHNFGPNSIEVEDTYLRLDRDLADFFNNLDKKVGKGNYLVFLSADHVAAHSVGFMQAHKMPTGFFVEDMKKEMNAKLKQKFGADNIIAAAMNYQVYFDRKVLADSKLELDDVRDYVMTELKKEPSVLYVLSTDEIWESSIPEPIKSRVINGYNWKRSGDIQIISKDGYLSAYSKKGTTHSVWNSYDSHIPLLFMGWGIKQGESNQPYHMTDIAPTVSSLLKIQFPSGAVGKPITEVIGRIEGRSAWSHPQFEK,0.2506374996538717,0.979852691726504,0.3237139639126052
60,S476V,MDIGIDSDPQKTNAVPRPKLVVGLVVDQMRWDYLYRYYSKYGEGGFKRMLNTGYSLNNVHIDYVPTVTAIGHTSIFTGSVPSIHGIAGNDWYDKELGKSVYCTSDETVQPVGTTSNSVGQHSPRNLWSTTVTDQLGLATNFTSKVVGVSLKDRASILPAGHNPTGAFWFDDTTGKFITSTYYTKELPKWVNDFNNKNVPAQLVANGWNTLLPINQYTESSEDNVEWEGLLGSKKTPTFPYTDLAKDYEAKKGLIRTTPFGNTLTLQMADAAIDGNQMGVDDITDFLTVNLASTDYVGHNFGPNSIEVEDTYLRLDRDLADFFNNLDKKVGKGNYLVFLSADHGAAHSVGFMQAHKMPTGFFVEDMKKEMNAKLKQKFGADNIIAAAMNYQVYFDRKVLADSKLELDDVRDYVMTELKKEPSVLYVLSTDEIWESSIPEPIKSRVINGYNWKRSGDIQIISKDGYLSAYSKKGTTHVVWNSYDSHIPLLFMGWGIKQGESNQPYHMTDIAPTVSSLLKIQFPSGAVGKPITEVIGRIEGRSAWSHPQFEK,0.3011197242601976,2.441357674164027,-0.0284525126174684
61,L335G,MDIGIDSDPQKTNAVPRPKLVVGLVVDQMRWDYLYRYYSKYGEGGFKRMLNTGYSLNNVHIDYVPTVTAIGHTSIFTGSVPSIHGIAGNDWYDKELGKSVYCTSDETVQPVGTTSNSVGQHSPRNLWSTTVTDQLGLATNFTSKVVGVSLKDRASILPAGHNPTGAFWFDDTTGKFITSTYYTKELPKWVNDFNNKNVPAQLVANGWNTLLPINQYTESSEDNVEWEGLLGSKKTPTFPYTDLAKDYEAKKGLIRTTPFGNTLTLQMADAAIDGNQMGVDDITDFLTVNLASTDYVGHNFGPNSIEVEDTYLRLDRDLADFFNNLDKKVGKGNYGVFLSADHGAAHSVGFMQAHKMPTGFFVEDMKKEMNAKLKQKFGADNIIAAAMNYQVYFDRKVLADSKLELDDVRDYVMTELKKEPSVLYVLSTDEIWESSIPEPIKSRVINGYNWKRSGDIQIISKDGYLSAYSKKGTTHSVWNSYDSHIPLLFMGWGIKQGESNQPYHMTDIAPTVSSLLKIQFPSGAVGKPITEVIGRIEGRSAWSHPQFEK,2.252515697983515,2.7865966992732547,0.3269932378500916
62,S434V,MDIGIDSDPQKTNAVPRPKLVVGLVVDQMRWDYLYRYYSKYGEGGFKRMLNTGYSLNNVHIDYVPTVTAIGHTSIFTGSVPSIHGIAGNDWYDKELGKSVYCTSDETVQPVGTTSNSVGQHSPRNLWSTTVTDQLGLATNFTSKVVGVSLKDRASILPAGHNPTGAFWFDDTTGKFITSTYYTKELPKWVNDFNNKNVPAQLVANGWNTLLPINQYTESSEDNVEWEGLLGSKKTPTFPYTDLAKDYEAKKGLIRTTPFGNTLTLQMADAAIDGNQMGVDDITDFLTVNLASTDYVGHNFGPNSIEVEDTYLRLDRDLADFFNNLDKKVGKGNYLVFLSADHGAAHSVGFMQAHKMPTGFFVEDMKKEMNAKLKQKFGADNIIAAAMNYQVYFDRKVLADSKLELDDVRDYVMTELKKEPSVLYVLSTDEIWEVSIPEPIKSRVINGYNWKRSGDIQIISKDGYLSAYSKKGTTHSVWNSYDSHIPLLFMGWGIKQGESNQPYHMTDIAPTVSSLLKIQFPSGAVGKPITEVIGRIEGRSAWSHPQFEK,0.5782744895691843,-0.0161560085142484,-0.1325458627558553
63,Y503G,MDIGIDSDPQKTNAVPRPKLVVGLVVDQMRWDYLYRYYSKYGEGGFKRMLNTGYSLNNVHIDYVPTVTAIGHTSIFTGSVPSIHGIAGNDWYDKELGKSVYCTSDETVQPVGTTSNSVGQHSPRNLWSTTVTDQLGLATNFTSKVVGVSLKDRASILPAGHNPTGAFWFDDTTGKFITSTYYTKELPKWVNDFNNKNVPAQLVANGWNTLLPINQYTESSEDNVEWEGLLGSKKTPTFPYTDLAKDYEAKKGLIRTTPFGNTLTLQMADAAIDGNQMGVDDITDFLTVNLASTDYVGHNFGPNSIEVEDTYLRLDRDLADFFNNLDKKVGKGNYLVFLSADHGAAHSVGFMQAHKMPTGFFVEDMKKEMNAKLKQKFGADNIIAAAMNYQVYFDRKVLADSKLELDDVRDYVMTELKKEPSVLYVLSTDEIWESSIPEPIKSRVINGYNWKRSGDIQIISKDGYLSAYSKKGTTHSVWNSYDSHIPLLFMGWGIKQGESNQPGHMTDIAPTVSSLLKIQFPSGAVGKPITEVIGRIEGRSAWSHPQFEK,-1.2785871537808473,1.9715262351254417,0.2190906776023296
64,T530V,MDIGIDSDPQKTNAVPRPKLVVGLVVDQMRWDYLYRYYSKYGEGGFKRMLNTGYSLNNVHIDYVPTVTAIGHTSIFTGSVPSIHGIAGNDWYDKELGKSVYCTSDETVQPVGTTSNSVGQHSPRNLWSTTVTDQLGLATNFTSKVVGVSLKDRASILPAGHNPTGAFWFDDTTGKFITSTYYTKELPKWVNDFNNKNVPAQLVANGWNTLLPINQYTESSEDNVEWEGLLGSKKTPTFPYTDLAKDYEAKKGLIRTTPFGNTLTLQMADAAIDGNQMGVDDITDFLTVNLASTDYVGHNFGPNSIEVEDTYLRLDRDLADFFNNLDKKVGKGNYLVFLSADHGAAHSVGFMQAHKMPTGFFVEDMKKEMNAKLKQKFGADNIIAAAMNYQVYFDRKVLADSKLELDDVRDYVMTELKKEPSVLYVLSTDEIWESSIPEPIKSRVINGYNWKRSGDIQIISKDGYLSAYSKKGTTHSVWNSYDSHIPLLFMGWGIKQGESNQPYHMTDIAPTVSSLLKIQFPSGAVGKPIVEVIGRIEGRSAWSHPQFEK,-0.2545771443491271,-0.7097604241802067,-0.0895333811955438
65,I431G,MDIGIDSDPQKTNAVPRPKLVVGLVVDQMRWDYLYRYYSKYGEGGFKRMLNTGYSLNNVHIDYVPTVTAIGHTSIFTGSVPSIHGIAGNDWYDKELGKSVYCTSDETVQPVGTTSNSVGQHSPRNLWSTTVTDQLGLATNFTSKVVGVSLKDRASILPAGHNPTGAFWFDDTTGKFITSTYYTKELPKWVNDFNNKNVPAQLVANGWNTLLPINQYTESSEDNVEWEGLLGSKKTPTFPYTDLAKDYEAKKGLIRTTPFGNTLTLQMADAAIDGNQMGVDDITDFLTVNLASTDYVGHNFGPNSIEVEDTYLRLDRDLADFFNNLDKKVGKGNYLVFLSADHGAAHSVGFMQAHKMPTGFFVEDMKKEMNAKLKQKFGADNIIAAAMNYQVYFDRKVLADSKLELDDVRDYVMTELKKEPSVLYVLSTDEGWESSIPEPIKSRVINGYNWKRSGDIQIISKDGYLSAYSKKGTTHSVWNSYDSHIPLLFMGWGIKQGESNQPYHMTDIAPTVSSLLKIQFPSGAVGKPITEVIGRIEGRSAWSHPQFEK,-1.0645231245272848,-0.0376174853978353,-0.2704840322237453
66,S117G,MDIGIDSDPQKTNAVPRPKLVVGLVVDQMRWDYLYRYYSKYGEGGFKRMLNTGYSLNNVHIDYVPTVTAIGHTSIFTGSVPSIHGIAGNDWYDKELGKSVYCTSDETVQPVGTTSNGVGQHSPRNLWSTTVTDQLGLATNFTSKVVGVSLKDRASILPAGHNPTGAFWFDDTTGKFITSTYYTKELPKWVNDFNNKNVPAQLVANGWNTLLPINQYTESSEDNVEWEGLLGSKKTPTFPYTDLAKDYEAKKGLIRTTPFGNTLTLQMADAAIDGNQMGVDDITDFLTVNLASTDYVGHNFGPNSIEVEDTYLRLDRDLADFFNNLDKKVGKGNYLVFLSADHGAAHSVGFMQAHKMPTGFFVEDMKKEMNAKLKQKFGADNIIAAAMNYQVYFDRKVLADSKLELDDVRDYVMTELKKEPSVLYVLSTDEIWESSIPEPIKSRVINGYNWKRSGDIQIISKDGYLSAYSKKGTTHSVWNSYDSHIPLLFMGWGIKQGESNQPYHMTDIAPTVSSLLKIQFPSGAVGKPITEVIGRIEGRSAWSHPQFEK,-0.270504224632665,0.3179124177200754,-0.0553635906054048
67,K355G,MDIGIDSDPQKTNAVPRPKLVVGLVVDQMRWDYLYRYYSKYGEGGFKRMLNTGYSLNNVHIDYVPTVTAIGHTSIFTGSVPSIHGIAGNDWYDKELGKSVYCTSDETVQPVGTTSNSVGQHSPRNLWSTTVTDQLGLATNFTSKVVGVSLKDRASILPAGHNPTGAFWFDDTTGKFITSTYYTKELPKWVNDFNNKNVPAQLVANGWNTLLPINQYTESSEDNVEWEGLLGSKKTPTFPYTDLAKDYEAKKGLIRTTPFGNTLTLQMADAAIDGNQMGVDDITDFLTVNLASTDYVGHNFGPNSIEVEDTYLRLDRDLADFFNNLDKKVGKGNYLVFLSADHGAAHSVGFMQAHGMPTGFFVEDMKKEMNAKLKQKFGADNIIAAAMNYQVYFDRKVLADSKLELDDVRDYVMTELKKEPSVLYVLSTDEIWESSIPEPIKSRVINGYNWKRSGDIQIISKDGYLSAYSKKGTTHSVWNSYDSHIPLLFMGWGIKQGESNQPYHMTDIAPTVSSLLKIQFPSGAVGKPITEVIGRIEGRSAWSHPQFEK,0.2851162412081385,-0.7151353624867731,0.1318547950063569
68,W432G,MDIGIDSDPQKTNAVPRPKLVVGLVVDQMRWDYLYRYYSKYGEGGFKRMLNTGYSLNNVHIDYVPTVTAIGHTSIFTGSVPSIHGIAGNDWYDKELGKSVYCTSDETVQPVGTTSNSVGQHSPRNLWSTTVTDQLGLATNFTSKVVGVSLKDRASILPAGHNPTGAFWFDDTTGKFITSTYYTKELPKWVNDFNNKNVPAQLVANGWNTLLPINQYTESSEDNVEWEGLLGSKKTPTFPYTDLAKDYEAKKGLIRTTPFGNTLTLQMADAAIDGNQMGVDDITDFLTVNLASTDYVGHNFGPNSIEVEDTYLRLDRDLADFFNNLDKKVGKGNYLVFLSADHGAAHSVGFMQAHKMPTGFFVEDMKKEMNAKLKQKFGADNIIAAAMNYQVYFDRKVLADSKLELDDVRDYVMTELKKEPSVLYVLSTDEIGESSIPEPIKSRVINGYNWKRSGDIQIISKDGYLSAYSKKGTTHSVWNSYDSHIPLLFMGWGIKQGESNQPYHMTDIAPTVSSLLKIQFPSGAVGKPITEVIGRIEGRSAWSHPQFEK,-1.3176578629099318,0.0666712484430036,-0.3580794987645895
69,L150V,MDIGIDSDPQKTNAVPRPKLVVGLVVDQMRWDYLYRYYSKYGEGGFKRMLNTGYSLNNVHIDYVPTVTAIGHTSIFTGSVPSIHGIAGNDWYDKELGKSVYCTSDETVQPVGTTSNSVGQHSPRNLWSTTVTDQLGLATNFTSKVVGVSVKDRASILPAGHNPTGAFWFDDTTGKFITSTYYTKELPKWVNDFNNKNVPAQLVANGWNTLLPINQYTESSEDNVEWEGLLGSKKTPTFPYTDLAKDYEAKKGLIRTTPFGNTLTLQMADAAIDGNQMGVDDITDFLTVNLASTDYVGHNFGPNSIEVEDTYLRLDRDLADFFNNLDKKVGKGNYLVFLSADHGAAHSVGFMQAHKMPTGFFVEDMKKEMNAKLKQKFGADNIIAAAMNYQVYFDRKVLADSKLELDDVRDYVMTELKKEPSVLYVLSTDEIWESSIPEPIKSRVINGYNWKRSGDIQIISKDGYLSAYSKKGTTHSVWNSYDSHIPLLFMGWGIKQGESNQPYHMTDIAPTVSSLLKIQFPSGAVGKPITEVIGRIEGRSAWSHPQFEK,0.4637744390678008,-0.1306221733871447,-0.2085933597006403
70,S453G,MDIGIDSDPQKTNAVPRPKLVVGLVVDQMRWDYLYRYYSKYGEGGFKRMLNTGYSLNNVHIDYVPTVTAIGHTSIFTGSVPSIHGIAGNDWYDKELGKSVYCTSDETVQPVGTTSNSVGQHSPRNLWSTTVTDQLGLATNFTSKVVGVSLKDRASILPAGHNPTGAFWFDDTTGKFITSTYYTKELPKWVNDFNNKNVPAQLVANGWNTLLPINQYTESSEDNVEWEGLLGSKKTPTFPYTDLAKDYEAKKGLIRTTPFGNTLTLQMADAAIDGNQMGVDDITDFLTVNLASTDYVGHNFGPNSIEVEDTYLRLDRDLADFFNNLDKKVGKGNYLVFLSADHGAAHSVGFMQAHKMPTGFFVEDMKKEMNAKLKQKFGADNIIAAAMNYQVYFDRKVLADSKLELDDVRDYVMTELKKEPSVLYVLSTDEIWESSIPEPIKSRVINGYNWKRGGDIQIISKDGYLSAYSKKGTTHSVWNSYDSHIPLLFMGWGIKQGESNQPYHMTDIAPTVSSLLKIQFPSGAVGKPITEVIGRIEGRSAWSHPQFEK,-1.5215382072801042,-1.230458629643258,-0.0586126724721492
71,M49V,MDIGIDSDPQKTNAVPRPKLVVGLVVDQMRWDYLYRYYSKYGEGGFKRVLNTGYSLNNVHIDYVPTVTAIGHTSIFTGSVPSIHGIAGNDWYDKELGKSVYCTSDETVQPVGTTSNSVGQHSPRNLWSTTVTDQLGLATNFTSKVVGVSLKDRASILPAGHNPTGAFWFDDTTGKFITSTYYTKELPKWVNDFNNKNVPAQLVANGWNTLLPINQYTESSEDNVEWEGLLGSKKTPTFPYTDLAKDYEAKKGLIRTTPFGNTLTLQMADAAIDGNQMGVDDITDFLTVNLASTDYVGHNFGPNSIEVEDTYLRLDRDLADFFNNLDKKVGKGNYLVFLSADHGAAHSVGFMQAHKMPTGFFVEDMKKEMNAKLKQKFGADNIIAAAMNYQVYFDRKVLADSKLELDDVRDYVMTELKKEPSVLYVLSTDEIWESSIPEPIKSRVINGYNWKRSGDIQIISKDGYLSAYSKKGTTHSVWNSYDSHIPLLFMGWGIKQGESNQPYHMTDIAPTVSSLLKIQFPSGAVGKPITEVIGRIEGRSAWSHPQFEK,0.4315165140248578,1.303672754984528,-0.14530791119882
72,K233V,MDIGIDSDPQKTNAVPRPKLVVGLVVDQMRWDYLYRYYSKYGEGGFKRMLNTGYSLNNVHIDYVPTVTAIGHTSIFTGSVPSIHGIAGNDWYDKELGKSVYCTSDETVQPVGTTSNSVGQHSPRNLWSTTVTDQLGLATNFTSKVVGVSLKDRASILPAGHNPTGAFWFDDTTGKFITSTYYTKELPKWVNDFNNKNVPAQLVANGWNTLLPINQYTESSEDNVEWEGLLGSVKTPTFPYTDLAKDYEAKKGLIRTTPFGNTLTLQMADAAIDGNQMGVDDITDFLTVNLASTDYVGHNFGPNSIEVEDTYLRLDRDLADFFNNLDKKVGKGNYLVFLSADHGAAHSVGFMQAHKMPTGFFVEDMKKEMNAKLKQKFGADNIIAAAMNYQVYFDRKVLADSKLELDDVRDYVMTELKKEPSVLYVLSTDEIWESSIPEPIKSRVINGYNWKRSGDIQIISKDGYLSAYSKKGTTHSVWNSYDSHIPLLFMGWGIKQGESNQPYHMTDIAPTVSSLLKIQFPSGAVGKPITEVIGRIEGRSAWSHPQFEK,0.5491430248374009,0.8015117852843731,0.2867226640097216
73,K40V,MDIGIDSDPQKTNAVPRPKLVVGLVVDQMRWDYLYRYYSVYGEGGFKRMLNTGYSLNNVHIDYVPTVTAIGHTSIFTGSVPSIHGIAGNDWYDKELGKSVYCTSDETVQPVGTTSNSVGQHSPRNLWSTTVTDQLGLATNFTSKVVGVSLKDRASILPAGHNPTGAFWFDDTTGKFITSTYYTKELPKWVNDFNNKNVPAQLVANGWNTLLPINQYTESSEDNVEWEGLLGSKKTPTFPYTDLAKDYEAKKGLIRTTPFGNTLTLQMADAAIDGNQMGVDDITDFLTVNLASTDYVGHNFGPNSIEVEDTYLRLDRDLADFFNNLDKKVGKGNYLVFLSADHGAAHSVGFMQAHKMPTGFFVEDMKKEMNAKLKQKFGADNIIAAAMNYQVYFDRKVLADSKLELDDVRDYVMTELKKEPSVLYVLSTDEIWESSIPEPIKSRVINGYNWKRSGDIQIISKDGYLSAYSKKGTTHSVWNSYDSHIPLLFMGWGIKQGESNQPYHMTDIAPTVSSLLKIQFPSGAVGKPITEVIGRIEGRSAWSHPQFEK,0.3748934982342768,-0.8743764972049334,0.0700293357248717
74,N89V,MDIGIDSDPQKTNAVPRPKLVVGLVVDQMRWDYLYRYYSKYGEGGFKRMLNTGYSLNNVHIDYVPTVTAIGHTSIFTGSVPSIHGIAGVDWYDKELGKSVYCTSDETVQPVGTTSNSVGQHSPRNLWSTTVTDQLGLATNFTSKVVGVSLKDRASILPAGHNPTGAFWFDDTTGKFITSTYYTKELPKWVNDFNNKNVPAQLVANGWNTLLPINQYTESSEDNVEWEGLLGSKKTPTFPYTDLAKDYEAKKGLIRTTPFGNTLTLQMADAAIDGNQMGVDDITDFLTVNLASTDYVGHNFGPNSIEVEDTYLRLDRDLADFFNNLDKKVGKGNYLVFLSADHGAAHSVGFMQAHKMPTGFFVEDMKKEMNAKLKQKFGADNIIAAAMNYQVYFDRKVLADSKLELDDVRDYVMTELKKEPSVLYVLSTDEIWESSIPEPIKSRVINGYNWKRSGDIQIISKDGYLSAYSKKGTTHSVWNSYDSHIPLLFMGWGIKQGESNQPYHMTDIAPTVSSLLKIQFPSGAVGKPITEVIGRIEGRSAWSHPQFEK,-0.3571216032858181,-0.5333160399022356,0.1945767935959761
75,Y54G,MDIGIDSDPQKTNAVPRPKLVVGLVVDQMRWDYLYRYYSKYGEGGFKRMLNTGGSLNNVHIDYVPTVTAIGHTSIFTGSVPSIHGIAGNDWYDKELGKSVYCTSDETVQPVGTTSNSVGQHSPRNLWSTTVTDQLGLATNFTSKVVGVSLKDRASILPAGHNPTGAFWFDDTTGKFITSTYYTKELPKWVNDFNNKNVPAQLVANGWNTLLPINQYTESSEDNVEWEGLLGSKKTPTFPYTDLAKDYEAKKGLIRTTPFGNTLTLQMADAAIDGNQMGVDDITDFLTVNLASTDYVGHNFGPNSIEVEDTYLRLDRDLADFFNNLDKKVGKGNYLVFLSADHGAAHSVGFMQAHKMPTGFFVEDMKKEMNAKLKQKFGADNIIAAAMNYQVYFDRKVLADSKLELDDVRDYVMTELKKEPSVLYVLSTDEIWESSIPEPIKSRVINGYNWKRSGDIQIISKDGYLSAYSKKGTTHSVWNSYDSHIPLLFMGWGIKQGESNQPYHMTDIAPTVSSLLKIQFPSGAVGKPITEVIGRIEGRSAWSHPQFEK,-1.215514215422156,-0.7381066641642763,-0.1907699377359972
76,H346G,MDIGIDSDPQKTNAVPRPKLVVGLVVDQMRWDYLYRYYSKYGEGGFKRMLNTGYSLNNVHIDYVPTVTAIGHTSIFTGSVPSIHGIAGNDWYDKELGKSVYCTSDETVQPVGTTSNSVGQHSPRNLWSTTVTDQLGLATNFTSKVVGVSLKDRASILPAGHNPTGAFWFDDTTGKFITSTYYTKELPKWVNDFNNKNVPAQLVANGWNTLLPINQYTESSEDNVEWEGLLGSKKTPTFPYTDLAKDYEAKKGLIRTTPFGNTLTLQMADAAIDGNQMGVDDITDFLTVNLASTDYVGHNFGPNSIEVEDTYLRLDRDLADFFNNLDKKVGKGNYLVFLSADHGAAGSVGFMQAHKMPTGFFVEDMKKEMNAKLKQKFGADNIIAAAMNYQVYFDRKVLADSKLELDDVRDYVMTELKKEPSVLYVLSTDEIWESSIPEPIKSRVINGYNWKRSGDIQIISKDGYLSAYSKKGTTHSVWNSYDSHIPLLFMGWGIKQGESNQPYHMTDIAPTVSSLLKIQFPSGAVGKPITEVIGRIEGRSAWSHPQFEK,-1.920784452566978,-2.276174803172938,-0.307004709163296
77,D242V,MDIGIDSDPQKTNAVPRPKLVVGLVVDQMRWDYLYRYYSKYGEGGFKRMLNTGYSLNNVHIDYVPTVTAIGHTSIFTGSVPSIHGIAGNDWYDKELGKSVYCTSDETVQPVGTTSNSVGQHSPRNLWSTTVTDQLGLATNFTSKVVGVSLKDRASILPAGHNPTGAFWFDDTTGKFITSTYYTKELPKWVNDFNNKNVPAQLVANGWNTLLPINQYTESSEDNVEWEGLLGSKKTPTFPYTVLAKDYEAKKGLIRTTPFGNTLTLQMADAAIDGNQMGVDDITDFLTVNLASTDYVGHNFGPNSIEVEDTYLRLDRDLADFFNNLDKKVGKGNYLVFLSADHGAAHSVGFMQAHKMPTGFFVEDMKKEMNAKLKQKFGADNIIAAAMNYQVYFDRKVLADSKLELDDVRDYVMTELKKEPSVLYVLSTDEIWESSIPEPIKSRVINGYNWKRSGDIQIISKDGYLSAYSKKGTTHSVWNSYDSHIPLLFMGWGIKQGESNQPYHMTDIAPTVSSLLKIQFPSGAVGKPITEVIGRIEGRSAWSHPQFEK,0.1777841186607838,0.6695887905336063,0.3615609761004026
78,K144G,MDIGIDSDPQKTNAVPRPKLVVGLVVDQMRWDYLYRYYSKYGEGGFKRMLNTGYSLNNVHIDYVPTVTAIGHTSIFTGSVPSIHGIAGNDWYDKELGKSVYCTSDETVQPVGTTSNSVGQHSPRNLWSTTVTDQLGLATNFTSGVVGVSLKDRASILPAGHNPTGAFWFDDTTGKFITSTYYTKELPKWVNDFNNKNVPAQLVANGWNTLLPINQYTESSEDNVEWEGLLGSKKTPTFPYTDLAKDYEAKKGLIRTTPFGNTLTLQMADAAIDGNQMGVDDITDFLTVNLASTDYVGHNFGPNSIEVEDTYLRLDRDLADFFNNLDKKVGKGNYLVFLSADHGAAHSVGFMQAHKMPTGFFVEDMKKEMNAKLKQKFGADNIIAAAMNYQVYFDRKVLADSKLELDDVRDYVMTELKKEPSVLYVLSTDEIWESSIPEPIKSRVINGYNWKRSGDIQIISKDGYLSAYSKKGTTHSVWNSYDSHIPLLFMGWGIKQGESNQPYHMTDIAPTVSSLLKIQFPSGAVGKPITEVIGRIEGRSAWSHPQFEK,0.4409399385910165,-0.3344235747021902,-0.0625375709065194
79,D93V,MDIGIDSDPQKTNAVPRPKLVVGLVVDQMRWDYLYRYYSKYGEGGFKRMLNTGYSLNNVHIDYVPTVTAIGHTSIFTGSVPSIHGIAGNDWYVKELGKSVYCTSDETVQPVGTTSNSVGQHSPRNLWSTTVTDQLGLATNFTSKVVGVSLKDRASILPAGHNPTGAFWFDDTTGKFITSTYYTKELPKWVNDFNNKNVPAQLVANGWNTLLPINQYTESSEDNVEWEGLLGSKKTPTFPYTDLAKDYEAKKGLIRTTPFGNTLTLQMADAAIDGNQMGVDDITDFLTVNLASTDYVGHNFGPNSIEVEDTYLRLDRDLADFFNNLDKKVGKGNYLVFLSADHGAAHSVGFMQAHKMPTGFFVEDMKKEMNAKLKQKFGADNIIAAAMNYQVYFDRKVLADSKLELDDVRDYVMTELKKEPSVLYVLSTDEIWESSIPEPIKSRVINGYNWKRSGDIQIISKDGYLSAYSKKGTTHSVWNSYDSHIPLLFMGWGIKQGESNQPYHMTDIAPTVSSLLKIQFPSGAVGKPITEVIGRIEGRSAWSHPQFEK,0.4741675591150348,-0.5620240598033207,-0.1492603692178539
80,G332A,MDIGIDSDPQKTNAVPRPKLVVGLVVDQMRWDYLYRYYSKYGEGGFKRMLNTGYSLNNVHIDYVPTVTAIGHTSIFTGSVPSIHGIAGNDWYDKELGKSVYCTSDETVQPVGTTSNSVGQHSPRNLWSTTVTDQLGLATNFTSKVVGVSLKDRASILPAGHNPTGAFWFDDTTGKFITSTYYTKELPKWVNDFNNKNVPAQLVANGWNTLLPINQYTESSEDNVEWEGLLGSKKTPTFPYTDLAKDYEAKKGLIRTTPFGNTLTLQMADAAIDGNQMGVDDITDFLTVNLASTDYVGHNFGPNSIEVEDTYLRLDRDLADFFNNLDKKVGKANYLVFLSADHGAAHSVGFMQAHKMPTGFFVEDMKKEMNAKLKQKFGADNIIAAAMNYQVYFDRKVLADSKLELDDVRDYVMTELKKEPSVLYVLSTDEIWESSIPEPIKSRVINGYNWKRSGDIQIISKDGYLSAYSKKGTTHSVWNSYDSHIPLLFMGWGIKQGESNQPYHMTDIAPTVSSLLKIQFPSGAVGKPITEVIGRIEGRSAWSHPQFEK,-0.6776808712868428,0.0104783789261192,0.6267453911750248
81,Y311V,MDIGIDSDPQKTNAVPRPKLVVGLVVDQMRWDYLYRYYSKYGEGGFKRMLNTGYSLNNVHIDYVPTVTAIGHTSIFTGSVPSIHGIAGNDWYDKELGKSVYCTSDETVQPVGTTSNSVGQHSPRNLWSTTVTDQLGLATNFTSKVVGVSLKDRASILPAGHNPTGAFWFDDTTGKFITSTYYTKELPKWVNDFNNKNVPAQLVANGWNTLLPINQYTESSEDNVEWEGLLGSKKTPTFPYTDLAKDYEAKKGLIRTTPFGNTLTLQMADAAIDGNQMGVDDITDFLTVNLASTDYVGHNFGPNSIEVEDTVLRLDRDLADFFNNLDKKVGKGNYLVFLSADHGAAHSVGFMQAHKMPTGFFVEDMKKEMNAKLKQKFGADNIIAAAMNYQVYFDRKVLADSKLELDDVRDYVMTELKKEPSVLYVLSTDEIWESSIPEPIKSRVINGYNWKRSGDIQIISKDGYLSAYSKKGTTHSVWNSYDSHIPLLFMGWGIKQGESNQPYHMTDIAPTVSSLLKIQFPSGAVGKPITEVIGRIEGRSAWSHPQFEK,-1.4157805199541893,-1.0311830433530285,-0.1589591418781123
82,G112V,MDIGIDSDPQKTNAVPRPKLVVGLVVDQMRWDYLYRYYSKYGEGGFKRMLNTGYSLNNVHIDYVPTVTAIGHTSIFTGSVPSIHGIAGNDWYDKELGKSVYCTSDETVQPVVTTSNSVGQHSPRNLWSTTVTDQLGLATNFTSKVVGVSLKDRASILPAGHNPTGAFWFDDTTGKFITSTYYTKELPKWVNDFNNKNVPAQLVANGWNTLLPINQYTESSEDNVEWEGLLGSKKTPTFPYTDLAKDYEAKKGLIRTTPFGNTLTLQMADAAIDGNQMGVDDITDFLTVNLASTDYVGHNFGPNSIEVEDTYLRLDRDLADFFNNLDKKVGKGNYLVFLSADHGAAHSVGFMQAHKMPTGFFVEDMKKEMNAKLKQKFGADNIIAAAMNYQVYFDRKVLADSKLELDDVRDYVMTELKKEPSVLYVLSTDEIWESSIPEPIKSRVINGYNWKRSGDIQIISKDGYLSAYSKKGTTHSVWNSYDSHIPLLFMGWGIKQGESNQPYHMTDIAPTVSSLLKIQFPSGAVGKPITEVIGRIEGRSAWSHPQFEK,-1.3665664913865758,0.3884102101403298,0.3555967503173366
83,G42V,MDIGIDSDPQKTNAVPRPKLVVGLVVDQMRWDYLYRYYSKYVEGGFKRMLNTGYSLNNVHIDYVPTVTAIGHTSIFTGSVPSIHGIAGNDWYDKELGKSVYCTSDETVQPVGTTSNSVGQHSPRNLWSTTVTDQLGLATNFTSKVVGVSLKDRASILPAGHNPTGAFWFDDTTGKFITSTYYTKELPKWVNDFNNKNVPAQLVANGWNTLLPINQYTESSEDNVEWEGLLGSKKTPTFPYTDLAKDYEAKKGLIRTTPFGNTLTLQMADAAIDGNQMGVDDITDFLTVNLASTDYVGHNFGPNSIEVEDTYLRLDRDLADFFNNLDKKVGKGNYLVFLSADHGAAHSVGFMQAHKMPTGFFVEDMKKEMNAKLKQKFGADNIIAAAMNYQVYFDRKVLADSKLELDDVRDYVMTELKKEPSVLYVLSTDEIWESSIPEPIKSRVINGYNWKRSGDIQIISKDGYLSAYSKKGTTHSVWNSYDSHIPLLFMGWGIKQGESNQPYHMTDIAPTVSSLLKIQFPSGAVGKPITEVIGRIEGRSAWSHPQFEK,-0.6333834182599787,-1.0122871899432566,0.1096160375958568
84,Y392G,MDIGIDSDPQKTNAVPRPKLVVGLVVDQMRWDYLYRYYSKYGEGGFKRMLNTGYSLNNVHIDYVPTVTAIGHTSIFTGSVPSIHGIAGNDWYDKELGKSVYCTSDETVQPVGTTSNSVGQHSPRNLWSTTVTDQLGLATNFTSKVVGVSLKDRASILPAGHNPTGAFWFDDTTGKFITSTYYTKELPKWVNDFNNKNVPAQLVANGWNTLLPINQYTESSEDNVEWEGLLGSKKTPTFPYTDLAKDYEAKKGLIRTTPFGNTLTLQMADAAIDGNQMGVDDITDFLTVNLASTDYVGHNFGPNSIEVEDTYLRLDRDLADFFNNLDKKVGKGNYLVFLSADHGAAHSVGFMQAHKMPTGFFVEDMKKEMNAKLKQKFGADNIIAAAMNYQVGFDRKVLADSKLELDDVRDYVMTELKKEPSVLYVLSTDEIWESSIPEPIKSRVINGYNWKRSGDIQIISKDGYLSAYSKKGTTHSVWNSYDSHIPLLFMGWGIKQGESNQPYHMTDIAPTVSSLLKIQFPSGAVGKPITEVIGRIEGRSAWSHPQFEK,0.4497101899883178,1.1011797818045264,-0.5450217004125967
85,I156G,MDIGIDSDPQKTNAVPRPKLVVGLVVDQMRWDYLYRYYSKYGEGGFKRMLNTGYSLNNVHIDYVPTVTAIGHTSIFTGSVPSIHGIAGNDWYDKELGKSVYCTSDETVQPVGTTSNSVGQHSPRNLWSTTVTDQLGLATNFTSKVVGVSLKDRASGLPAGHNPTGAFWFDDTTGKFITSTYYTKELPKWVNDFNNKNVPAQLVANGWNTLLPINQYTESSEDNVEWEGLLGSKKTPTFPYTDLAKDYEAKKGLIRTTPFGNTLTLQMADAAIDGNQMGVDDITDFLTVNLASTDYVGHNFGPNSIEVEDTYLRLDRDLADFFNNLDKKVGKGNYLVFLSADHGAAHSVGFMQAHKMPTGFFVEDMKKEMNAKLKQKFGADNIIAAAMNYQVYFDRKVLADSKLELDDVRDYVMTELKKEPSVLYVLSTDEIWESSIPEPIKSRVINGYNWKRSGDIQIISKDGYLSAYSKKGTTHSVWNSYDSHIPLLFMGWGIKQGESNQPYHMTDIAPTVSSLLKIQFPSGAVGKPITEVIGRIEGRSAWSHPQFEK,1.5923202671143404,1.022082219496461,-0.0781592098651842
86,I254V,MDIGIDSDPQKTNAVPRPKLVVGLVVDQMRWDYLYRYYSKYGEGGFKRMLNTGYSLNNVHIDYVPTVTAIGHTSIFTGSVPSIHGIAGNDWYDKELGKSVYCTSDETVQPVGTTSNSVGQHSPRNLWSTTVTDQLGLATNFTSKVVGVSLKDRASILPAGHNPTGAFWFDDTTGKFITSTYYTKELPKWVNDFNNKNVPAQLVANGWNTLLPINQYTESSEDNVEWEGLLGSKKTPTFPYTDLAKDYEAKKGLVRTTPFGNTLTLQMADAAIDGNQMGVDDITDFLTVNLASTDYVGHNFGPNSIEVEDTYLRLDRDLADFFNNLDKKVGKGNYLVFLSADHGAAHSVGFMQAHKMPTGFFVEDMKKEMNAKLKQKFGADNIIAAAMNYQVYFDRKVLADSKLELDDVRDYVMTELKKEPSVLYVLSTDEIWESSIPEPIKSRVINGYNWKRSGDIQIISKDGYLSAYSKKGTTHSVWNSYDSHIPLLFMGWGIKQGESNQPYHMTDIAPTVSSLLKIQFPSGAVGKPITEVIGRIEGRSAWSHPQFEK,-1.7269997639361772,-0.8172427813576486,0.5366575086612777
87,T12G,MDIGIDSDPQKGNAVPRPKLVVGLVVDQMRWDYLYRYYSKYGEGGFKRMLNTGYSLNNVHIDYVPTVTAIGHTSIFTGSVPSIHGIAGNDWYDKELGKSVYCTSDETVQPVGTTSNSVGQHSPRNLWSTTVTDQLGLATNFTSKVVGVSLKDRASILPAGHNPTGAFWFDDTTGKFITSTYYTKELPKWVNDFNNKNVPAQLVANGWNTLLPINQYTESSEDNVEWEGLLGSKKTPTFPYTDLAKDYEAKKGLIRTTPFGNTLTLQMADAAIDGNQMGVDDITDFLTVNLASTDYVGHNFGPNSIEVEDTYLRLDRDLADFFNNLDKKVGKGNYLVFLSADHGAAHSVGFMQAHKMPTGFFVEDMKKEMNAKLKQKFGADNIIAAAMNYQVYFDRKVLADSKLELDDVRDYVMTELKKEPSVLYVLSTDEIWESSIPEPIKSRVINGYNWKRSGDIQIISKDGYLSAYSKKGTTHSVWNSYDSHIPLLFMGWGIKQGESNQPYHMTDIAPTVSSLLKIQFPSGAVGKPITEVIGRIEGRSAWSHPQFEK,1.087422236073867,2.275033343758312,0.2946084542336016
88,T217G,MDIGIDSDPQKTNAVPRPKLVVGLVVDQMRWDYLYRYYSKYGEGGFKRMLNTGYSLNNVHIDYVPTVTAIGHTSIFTGSVPSIHGIAGNDWYDKELGKSVYCTSDETVQPVGTTSNSVGQHSPRNLWSTTVTDQLGLATNFTSKVVGVSLKDRASILPAGHNPTGAFWFDDTTGKFITSTYYTKELPKWVNDFNNKNVPAQLVANGWNTLLPINQYGESSEDNVEWEGLLGSKKTPTFPYTDLAKDYEAKKGLIRTTPFGNTLTLQMADAAIDGNQMGVDDITDFLTVNLASTDYVGHNFGPNSIEVEDTYLRLDRDLADFFNNLDKKVGKGNYLVFLSADHGAAHSVGFMQAHKMPTGFFVEDMKKEMNAKLKQKFGADNIIAAAMNYQVYFDRKVLADSKLELDDVRDYVMTELKKEPSVLYVLSTDEIWESSIPEPIKSRVINGYNWKRSGDIQIISKDGYLSAYSKKGTTHSVWNSYDSHIPLLFMGWGIKQGESNQPYHMTDIAPTVSSLLKIQFPSGAVGKPITEVIGRIEGRSAWSHPQFEK,-0.749475986126701,-0.9438090854413376,-0.0939021867971743
89,V15G,MDIGIDSDPQKTNAGPRPKLVVGLVVDQMRWDYLYRYYSKYGEGGFKRMLNTGYSLNNVHIDYVPTVTAIGHTSIFTGSVPSIHGIAGNDWYDKELGKSVYCTSDETVQPVGTTSNSVGQHSPRNLWSTTVTDQLGLATNFTSKVVGVSLKDRASILPAGHNPTGAFWFDDTTGKFITSTYYTKELPKWVNDFNNKNVPAQLVANGWNTLLPINQYTESSEDNVEWEGLLGSKKTPTFPYTDLAKDYEAKKGLIRTTPFGNTLTLQMADAAIDGNQMGVDDITDFLTVNLASTDYVGHNFGPNSIEVEDTYLRLDRDLADFFNNLDKKVGKGNYLVFLSADHGAAHSVGFMQAHKMPTGFFVEDMKKEMNAKLKQKFGADNIIAAAMNYQVYFDRKVLADSKLELDDVRDYVMTELKKEPSVLYVLSTDEIWESSIPEPIKSRVINGYNWKRSGDIQIISKDGYLSAYSKKGTTHSVWNSYDSHIPLLFMGWGIKQGESNQPYHMTDIAPTVSSLLKIQFPSGAVGKPITEVIGRIEGRSAWSHPQFEK,0.5476845085905677,-0.0356623850525662,0.0663782700059473
90,V25G,MDIGIDSDPQKTNAVPRPKLVVGLGVDQMRWDYLYRYYSKYGEGGFKRMLNTGYSLNNVHIDYVPTVTAIGHTSIFTGSVPSIHGIAGNDWYDKELGKSVYCTSDETVQPVGTTSNSVGQHSPRNLWSTTVTDQLGLATNFTSKVVGVSLKDRASILPAGHNPTGAFWFDDTTGKFITSTYYTKELPKWVNDFNNKNVPAQLVANGWNTLLPINQYTESSEDNVEWEGLLGSKKTPTFPYTDLAKDYEAKKGLIRTTPFGNTLTLQMADAAIDGNQMGVDDITDFLTVNLASTDYVGHNFGPNSIEVEDTYLRLDRDLADFFNNLDKKVGKGNYLVFLSADHGAAHSVGFMQAHKMPTGFFVEDMKKEMNAKLKQKFGADNIIAAAMNYQVYFDRKVLADSKLELDDVRDYVMTELKKEPSVLYVLSTDEIWESSIPEPIKSRVINGYNWKRSGDIQIISKDGYLSAYSKKGTTHSVWNSYDSHIPLLFMGWGIKQGESNQPYHMTDIAPTVSSLLKIQFPSGAVGKPITEVIGRIEGRSAWSHPQFEK,0.2525307818132983,1.5294276816782892,-0.712904931758967
91,G491A,MDIGIDSDPQKTNAVPRPKLVVGLVVDQMRWDYLYRYYSKYGEGGFKRMLNTGYSLNNVHIDYVPTVTAIGHTSIFTGSVPSIHGIAGNDWYDKELGKSVYCTSDETVQPVGTTSNSVGQHSPRNLWSTTVTDQLGLATNFTSKVVGVSLKDRASILPAGHNPTGAFWFDDTTGKFITSTYYTKELPKWVNDFNNKNVPAQLVANGWNTLLPINQYTESSEDNVEWEGLLGSKKTPTFPYTDLAKDYEAKKGLIRTTPFGNTLTLQMADAAIDGNQMGVDDITDFLTVNLASTDYVGHNFGPNSIEVEDTYLRLDRDLADFFNNLDKKVGKGNYLVFLSADHGAAHSVGFMQAHKMPTGFFVEDMKKEMNAKLKQKFGADNIIAAAMNYQVYFDRKVLADSKLELDDVRDYVMTELKKEPSVLYVLSTDEIWESSIPEPIKSRVINGYNWKRSGDIQIISKDGYLSAYSKKGTTHSVWNSYDSHIPLLFMAWGIKQGESNQPYHMTDIAPTVSSLLKIQFPSGAVGKPITEVIGRIEGRSAWSHPQFEK,1.3410811693825786,0.9253196172501134,0.1018357815725544
92,F300V,MDIGIDSDPQKTNAVPRPKLVVGLVVDQMRWDYLYRYYSKYGEGGFKRMLNTGYSLNNVHIDYVPTVTAIGHTSIFTGSVPSIHGIAGNDWYDKELGKSVYCTSDETVQPVGTTSNSVGQHSPRNLWSTTVTDQLGLATNFTSKVVGVSLKDRASILPAGHNPTGAFWFDDTTGKFITSTYYTKELPKWVNDFNNKNVPAQLVANGWNTLLPINQYTESSEDNVEWEGLLGSKKTPTFPYTDLAKDYEAKKGLIRTTPFGNTLTLQMADAAIDGNQMGVDDITDFLTVNLASTDYVGHNVGPNSIEVEDTYLRLDRDLADFFNNLDKKVGKGNYLVFLSADHGAAHSVGFMQAHKMPTGFFVEDMKKEMNAKLKQKFGADNIIAAAMNYQVYFDRKVLADSKLELDDVRDYVMTELKKEPSVLYVLSTDEIWESSIPEPIKSRVINGYNWKRSGDIQIISKDGYLSAYSKKGTTHSVWNSYDSHIPLLFMGWGIKQGESNQPYHMTDIAPTVSSLLKIQFPSGAVGKPITEVIGRIEGRSAWSHPQFEK,-1.1754974486596097,-1.6189448516117937,0.002351495980799
93,N51V,MDIGIDSDPQKTNAVPRPKLVVGLVVDQMRWDYLYRYYSKYGEGGFKRMLVTGYSLNNVHIDYVPTVTAIGHTSIFTGSVPSIHGIAGNDWYDKELGKSVYCTSDETVQPVGTTSNSVGQHSPRNLWSTTVTDQLGLATNFTSKVVGVSLKDRASILPAGHNPTGAFWFDDTTGKFITSTYYTKELPKWVNDFNNKNVPAQLVANGWNTLLPINQYTESSEDNVEWEGLLGSKKTPTFPYTDLAKDYEAKKGLIRTTPFGNTLTLQMADAAIDGNQMGVDDITDFLTVNLASTDYVGHNFGPNSIEVEDTYLRLDRDLADFFNNLDKKVGKGNYLVFLSADHGAAHSVGFMQAHKMPTGFFVEDMKKEMNAKLKQKFGADNIIAAAMNYQVYFDRKVLADSKLELDDVRDYVMTELKKEPSVLYVLSTDEIWESSIPEPIKSRVINGYNWKRSGDIQIISKDGYLSAYSKKGTTHSVWNSYDSHIPLLFMGWGIKQGESNQPYHMTDIAPTVSSLLKIQFPSGAVGKPITEVIGRIEGRSAWSHPQFEK,2.9185602853502157,1.0516344566572593,0.2313304975506122
94,E415G,MDIGIDSDPQKTNAVPRPKLVVGLVVDQMRWDYLYRYYSKYGEGGFKRMLNTGYSLNNVHIDYVPTVTAIGHTSIFTGSVPSIHGIAGNDWYDKELGKSVYCTSDETVQPVGTTSNSVGQHSPRNLWSTTVTDQLGLATNFTSKVVGVSLKDRASILPAGHNPTGAFWFDDTTGKFITSTYYTKELPKWVNDFNNKNVPAQLVANGWNTLLPINQYTESSEDNVEWEGLLGSKKTPTFPYTDLAKDYEAKKGLIRTTPFGNTLTLQMADAAIDGNQMGVDDITDFLTVNLASTDYVGHNFGPNSIEVEDTYLRLDRDLADFFNNLDKKVGKGNYLVFLSADHGAAHSVGFMQAHKMPTGFFVEDMKKEMNAKLKQKFGADNIIAAAMNYQVYFDRKVLADSKLELDDVRDYVMTGLKKEPSVLYVLSTDEIWESSIPEPIKSRVINGYNWKRSGDIQIISKDGYLSAYSKKGTTHSVWNSYDSHIPLLFMGWGIKQGESNQPYHMTDIAPTVSSLLKIQFPSGAVGKPITEVIGRIEGRSAWSHPQFEK,-0.6274165004484387,-0.6040177200097506,0.184619773845576
95,S39V,MDIGIDSDPQKTNAVPRPKLVVGLVVDQMRWDYLYRYYVKYGEGGFKRMLNTGYSLNNVHIDYVPTVTAIGHTSIFTGSVPSIHGIAGNDWYDKELGKSVYCTSDETVQPVGTTSNSVGQHSPRNLWSTTVTDQLGLATNFTSKVVGVSLKDRASILPAGHNPTGAFWFDDTTGKFITSTYYTKELPKWVNDFNNKNVPAQLVANGWNTLLPINQYTESSEDNVEWEGLLGSKKTPTFPYTDLAKDYEAKKGLIRTTPFGNTLTLQMADAAIDGNQMGVDDITDFLTVNLASTDYVGHNFGPNSIEVEDTYLRLDRDLADFFNNLDKKVGKGNYLVFLSADHGAAHSVGFMQAHKMPTGFFVEDMKKEMNAKLKQKFGADNIIAAAMNYQVYFDRKVLADSKLELDDVRDYVMTELKKEPSVLYVLSTDEIWESSIPEPIKSRVINGYNWKRSGDIQIISKDGYLSAYSKKGTTHSVWNSYDSHIPLLFMGWGIKQGESNQPYHMTDIAPTVSSLLKIQFPSGAVGKPITEVIGRIEGRSAWSHPQFEK,-0.5588741825038336,-1.654938242855941,-0.1186317434723481
96,V198A,MDIGIDSDPQKTNAVPRPKLVVGLVVDQMRWDYLYRYYSKYGEGGFKRMLNTGYSLNNVHIDYVPTVTAIGHTSIFTGSVPSIHGIAGNDWYDKELGKSVYCTSDETVQPVGTTSNSVGQHSPRNLWSTTVTDQLGLATNFTSKVVGVSLKDRASILPAGHNPTGAFWFDDTTGKFITSTYYTKELPKWVNDFNNKNAPAQLVANGWNTLLPINQYTESSEDNVEWEGLLGSKKTPTFPYTDLAKDYEAKKGLIRTTPFGNTLTLQMADAAIDGNQMGVDDITDFLTVNLASTDYVGHNFGPNSIEVEDTYLRLDRDLADFFNNLDKKVGKGNYLVFLSADHGAAHSVGFMQAHKMPTGFFVEDMKKEMNAKLKQKFGADNIIAAAMNYQVYFDRKVLADSKLELDDVRDYVMTELKKEPSVLYVLSTDEIWESSIPEPIKSRVINGYNWKRSGDIQIISKDGYLSAYSKKGTTHSVWNSYDSHIPLLFMGWGIKQGESNQPYHMTDIAPTVSSLLKIQFPSGAVGKPITEVIGRIEGRSAWSHPQFEK,1.6865705015832946,1.839614239527667,0.0401218828806232
97,V203A,MDIGIDSDPQKTNAVPRPKLVVGLVVDQMRWDYLYRYYSKYGEGGFKRMLNTGYSLNNVHIDYVPTVTAIGHTSIFTGSVPSIHGIAGNDWYDKELGKSVYCTSDETVQPVGTTSNSVGQHSPRNLWSTTVTDQLGLATNFTSKVVGVSLKDRASILPAGHNPTGAFWFDDTTGKFITSTYYTKELPKWVNDFNNKNVPAQLAANGWNTLLPINQYTESSEDNVEWEGLLGSKKTPTFPYTDLAKDYEAKKGLIRTTPFGNTLTLQMADAAIDGNQMGVDDITDFLTVNLASTDYVGHNFGPNSIEVEDTYLRLDRDLADFFNNLDKKVGKGNYLVFLSADHGAAHSVGFMQAHKMPTGFFVEDMKKEMNAKLKQKFGADNIIAAAMNYQVYFDRKVLADSKLELDDVRDYVMTELKKEPSVLYVLSTDEIWESSIPEPIKSRVINGYNWKRSGDIQIISKDGYLSAYSKKGTTHSVWNSYDSHIPLLFMGWGIKQGESNQPYHMTDIAPTVSSLLKIQFPSGAVGKPITEVIGRIEGRSAWSHPQFEK,-0.6843793493885316,0.8279696030238718,0.3300161281901542
98,Q496G,MDIGIDSDPQKTNAVPRPKLVVGLVVDQMRWDYLYRYYSKYGEGGFKRMLNTGYSLNNVHIDYVPTVTAIGHTSIFTGSVPSIHGIAGNDWYDKELGKSVYCTSDETVQPVGTTSNSVGQHSPRNLWSTTVTDQLGLATNFTSKVVGVSLKDRASILPAGHNPTGAFWFDDTTGKFITSTYYTKELPKWVNDFNNKNVPAQLVANGWNTLLPINQYTESSEDNVEWEGLLGSKKTPTFPYTDLAKDYEAKKGLIRTTPFGNTLTLQMADAAIDGNQMGVDDITDFLTVNLASTDYVGHNFGPNSIEVEDTYLRLDRDLADFFNNLDKKVGKGNYLVFLSADHGAAHSVGFMQAHKMPTGFFVEDMKKEMNAKLKQKFGADNIIAAAMNYQVYFDRKVLADSKLELDDVRDYVMTELKKEPSVLYVLSTDEIWESSIPEPIKSRVINGYNWKRSGDIQIISKDGYLSAYSKKGTTHSVWNSYDSHIPLLFMGWGIKGGESNQPYHMTDIAPTVSSLLKIQFPSGAVGKPITEVIGRIEGRSAWSHPQFEK,0.0090833694441154,-0.2292246987337746,-0.0489325117908883
99,K94G,MDIGIDSDPQKTNAVPRPKLVVGLVVDQMRWDYLYRYYSKYGEGGFKRMLNTGYSLNNVHIDYVPTVTAIGHTSIFTGSVPSIHGIAGNDWYDGELGKSVYCTSDETVQPVGTTSNSVGQHSPRNLWSTTVTDQLGLATNFTSKVVGVSLKDRASILPAGHNPTGAFWFDDTTGKFITSTYYTKELPKWVNDFNNKNVPAQLVANGWNTLLPINQYTESSEDNVEWEGLLGSKKTPTFPYTDLAKDYEAKKGLIRTTPFGNTLTLQMADAAIDGNQMGVDDITDFLTVNLASTDYVGHNFGPNSIEVEDTYLRLDRDLADFFNNLDKKVGKGNYLVFLSADHGAAHSVGFMQAHKMPTGFFVEDMKKEMNAKLKQKFGADNIIAAAMNYQVYFDRKVLADSKLELDDVRDYVMTELKKEPSVLYVLSTDEIWESSIPEPIKSRVINGYNWKRSGDIQIISKDGYLSAYSKKGTTHSVWNSYDSHIPLLFMGWGIKQGESNQPYHMTDIAPTVSSLLKIQFPSGAVGKPITEVIGRIEGRSAWSHPQFEK,0.5150769893951149,0.3063551320909117,0.431383219466454
100,M387V,MDIGIDSDPQKTNAVPRPKLVVGLVVDQMRWDYLYRYYSKYGEGGFKRMLNTGYSLNNVHIDYVPTVTAIGHTSIFTGSVPSIHGIAGNDWYDKELGKSVYCTSDETVQPVGTTSNSVGQHSPRNLWSTTVTDQLGLATNFTSKVVGVSLKDRASILPAGHNPTGAFWFDDTTGKFITSTYYTKELPKWVNDFNNKNVPAQLVANGWNTLLPINQYTESSEDNVEWEGLLGSKKTPTFPYTDLAKDYEAKKGLIRTTPFGNTLTLQMADAAIDGNQMGVDDITDFLTVNLASTDYVGHNFGPNSIEVEDTYLRLDRDLADFFNNLDKKVGKGNYLVFLSADHGAAHSVGFMQAHKMPTGFFVEDMKKEMNAKLKQKFGADNIIAAAVNYQVYFDRKVLADSKLELDDVRDYVMTELKKEPSVLYVLSTDEIWESSIPEPIKSRVINGYNWKRSGDIQIISKDGYLSAYSKKGTTHSVWNSYDSHIPLLFMGWGIKQGESNQPYHMTDIAPTVSSLLKIQFPSGAVGKPITEVIGRIEGRSAWSHPQFEK,-0.6048857956948528,-0.3213324334470649,0.201081446367952
101,N191G,MDIGIDSDPQKTNAVPRPKLVVGLVVDQMRWDYLYRYYSKYGEGGFKRMLNTGYSLNNVHIDYVPTVTAIGHTSIFTGSVPSIHGIAGNDWYDKELGKSVYCTSDETVQPVGTTSNSVGQHSPRNLWSTTVTDQLGLATNFTSKVVGVSLKDRASILPAGHNPTGAFWFDDTTGKFITSTYYTKELPKWVGDFNNKNVPAQLVANGWNTLLPINQYTESSEDNVEWEGLLGSKKTPTFPYTDLAKDYEAKKGLIRTTPFGNTLTLQMADAAIDGNQMGVDDITDFLTVNLASTDYVGHNFGPNSIEVEDTYLRLDRDLADFFNNLDKKVGKGNYLVFLSADHGAAHSVGFMQAHKMPTGFFVEDMKKEMNAKLKQKFGADNIIAAAMNYQVYFDRKVLADSKLELDDVRDYVMTELKKEPSVLYVLSTDEIWESSIPEPIKSRVINGYNWKRSGDIQIISKDGYLSAYSKKGTTHSVWNSYDSHIPLLFMGWGIKQGESNQPYHMTDIAPTVSSLLKIQFPSGAVGKPITEVIGRIEGRSAWSHPQFEK,-0.4207472040136775,-0.545636560980023,1.1843580307180972
102,P110G,MDIGIDSDPQKTNAVPRPKLVVGLVVDQMRWDYLYRYYSKYGEGGFKRMLNTGYSLNNVHIDYVPTVTAIGHTSIFTGSVPSIHGIAGNDWYDKELGKSVYCTSDETVQGVGTTSNSVGQHSPRNLWSTTVTDQLGLATNFTSKVVGVSLKDRASILPAGHNPTGAFWFDDTTGKFITSTYYTKELPKWVNDFNNKNVPAQLVANGWNTLLPINQYTESSEDNVEWEGLLGSKKTPTFPYTDLAKDYEAKKGLIRTTPFGNTLTLQMADAAIDGNQMGVDDITDFLTVNLASTDYVGHNFGPNSIEVEDTYLRLDRDLADFFNNLDKKVGKGNYLVFLSADHGAAHSVGFMQAHKMPTGFFVEDMKKEMNAKLKQKFGADNIIAAAMNYQVYFDRKVLADSKLELDDVRDYVMTELKKEPSVLYVLSTDEIWESSIPEPIKSRVINGYNWKRSGDIQIISKDGYLSAYSKKGTTHSVWNSYDSHIPLLFMGWGIKQGESNQPYHMTDIAPTVSSLLKIQFPSGAVGKPITEVIGRIEGRSAWSHPQFEK,0.8807491958401144,-0.8113240174647314,-0.0274435115120123
