mutant,mutated_sequence,Carboxy 4-methylumbelliferyl phosphate ester (cMUP),methyl phosphate (MeP),methyl phosphodiester (MecMUP)
M413V,MDIGIDSDPQKTNAVPRPKLVVGLVVDQMRWDYLYRYYSKYGEGGFKRMLNTGYSLNNVHIDYVPTVTAIGHTSIFTGSVPSIHGIAGNDWYDKELGKSVYCTSDETVQPVGTTSNSVGQHSPRNLWSTTVTDQLGLATNFTSKVVGVSLKDRASILPAGHNPTGAFWFDDTTGKFITSTYYTKELPKWVNDFNNKNVPAQLVANGWNTLLPINQYTESSEDNVEWEGLLGSKKTPTFPYTDLAKDYEAKKGLIRTTPFGNTLTLQMADAAIDGNQMGVDDITDFLTVNLASTDYVGHNFGPNSIEVEDTYLRLDRDLADFFNNLDKKVGKGNYLVFLSADHGAAHSVGFMQAHKMPTGFFVEDMKKEMNAKLKQKFGADNIIAAAMNYQVYFDRKVLADSKLELDDVRDYVVTELKKEPSVLYVLSTDEIWESSIPEPIKSRVINGYNWKRSGDIQIISKDGYLSAYSKKGTTHSVWNSYDSHIPLLFMGWGIKQGESNQPYHMTDIAPTVSSLLKIQFPSGAVGKPITEVIGRIEGRSAWSHPQFEK,949700.494175748,324741.50872242806,10.164903248266231
G147A,MDIGIDSDPQKTNAVPRPKLVVGLVVDQMRWDYLYRYYSKYGEGGFKRMLNTGYSLNNVHIDYVPTVTAIGHTSIFTGSVPSIHGIAGNDWYDKELGKSVYCTSDETVQPVGTTSNSVGQHSPRNLWSTTVTDQLGLATNFTSKVVAVSLKDRASILPAGHNPTGAFWFDDTTGKFITSTYYTKELPKWVNDFNNKNVPAQLVANGWNTLLPINQYTESSEDNVEWEGLLGSKKTPTFPYTDLAKDYEAKKGLIRTTPFGNTLTLQMADAAIDGNQMGVDDITDFLTVNLASTDYVGHNFGPNSIEVEDTYLRLDRDLADFFNNLDKKVGKGNYLVFLSADHGAAHSVGFMQAHKMPTGFFVEDMKKEMNAKLKQKFGADNIIAAAMNYQVYFDRKVLADSKLELDDVRDYVMTELKKEPSVLYVLSTDEIWESSIPEPIKSRVINGYNWKRSGDIQIISKDGYLSAYSKKGTTHSVWNSYDSHIPLLFMGWGIKQGESNQPYHMTDIAPTVSSLLKIQFPSGAVGKPITEVIGRIEGRSAWSHPQFEK,753330.0130520263,233030.0914103116,9.0896564475496
S453G,MDIGIDSDPQKTNAVPRPKLVVGLVVDQMRWDYLYRYYSKYGEGGFKRMLNTGYSLNNVHIDYVPTVTAIGHTSIFTGSVPSIHGIAGNDWYDKELGKSVYCTSDETVQPVGTTSNSVGQHSPRNLWSTTVTDQLGLATNFTSKVVGVSLKDRASILPAGHNPTGAFWFDDTTGKFITSTYYTKELPKWVNDFNNKNVPAQLVANGWNTLLPINQYTESSEDNVEWEGLLGSKKTPTFPYTDLAKDYEAKKGLIRTTPFGNTLTLQMADAAIDGNQMGVDDITDFLTVNLASTDYVGHNFGPNSIEVEDTYLRLDRDLADFFNNLDKKVGKGNYLVFLSADHGAAHSVGFMQAHKMPTGFFVEDMKKEMNAKLKQKFGADNIIAAAMNYQVYFDRKVLADSKLELDDVRDYVMTELKKEPSVLYVLSTDEIWESSIPEPIKSRVINGYNWKRGGDIQIISKDGYLSAYSKKGTTHSVWNSYDSHIPLLFMGWGIKQGESNQPYHMTDIAPTVSSLLKIQFPSGAVGKPITEVIGRIEGRSAWSHPQFEK,682040.7827723813,224292.4341699528,10.86739333000294
L487V,MDIGIDSDPQKTNAVPRPKLVVGLVVDQMRWDYLYRYYSKYGEGGFKRMLNTGYSLNNVHIDYVPTVTAIGHTSIFTGSVPSIHGIAGNDWYDKELGKSVYCTSDETVQPVGTTSNSVGQHSPRNLWSTTVTDQLGLATNFTSKVVGVSLKDRASILPAGHNPTGAFWFDDTTGKFITSTYYTKELPKWVNDFNNKNVPAQLVANGWNTLLPINQYTESSEDNVEWEGLLGSKKTPTFPYTDLAKDYEAKKGLIRTTPFGNTLTLQMADAAIDGNQMGVDDITDFLTVNLASTDYVGHNFGPNSIEVEDTYLRLDRDLADFFNNLDKKVGKGNYLVFLSADHGAAHSVGFMQAHKMPTGFFVEDMKKEMNAKLKQKFGADNIIAAAMNYQVYFDRKVLADSKLELDDVRDYVMTELKKEPSVLYVLSTDEIWESSIPEPIKSRVINGYNWKRSGDIQIISKDGYLSAYSKKGTTHSVWNSYDSHIPVLFMGWGIKQGESNQPYHMTDIAPTVSSLLKIQFPSGAVGKPITEVIGRIEGRSAWSHPQFEK,1581212.4541702927,239867.5234014364,6.787477495724579
I272G,MDIGIDSDPQKTNAVPRPKLVVGLVVDQMRWDYLYRYYSKYGEGGFKRMLNTGYSLNNVHIDYVPTVTAIGHTSIFTGSVPSIHGIAGNDWYDKELGKSVYCTSDETVQPVGTTSNSVGQHSPRNLWSTTVTDQLGLATNFTSKVVGVSLKDRASILPAGHNPTGAFWFDDTTGKFITSTYYTKELPKWVNDFNNKNVPAQLVANGWNTLLPINQYTESSEDNVEWEGLLGSKKTPTFPYTDLAKDYEAKKGLIRTTPFGNTLTLQMADAAGDGNQMGVDDITDFLTVNLASTDYVGHNFGPNSIEVEDTYLRLDRDLADFFNNLDKKVGKGNYLVFLSADHGAAHSVGFMQAHKMPTGFFVEDMKKEMNAKLKQKFGADNIIAAAMNYQVYFDRKVLADSKLELDDVRDYVMTELKKEPSVLYVLSTDEIWESSIPEPIKSRVINGYNWKRSGDIQIISKDGYLSAYSKKGTTHSVWNSYDSHIPLLFMGWGIKQGESNQPYHMTDIAPTVSSLLKIQFPSGAVGKPITEVIGRIEGRSAWSHPQFEK,618127.6294604263,191136.7358600525,12.72478678776452
M387V,MDIGIDSDPQKTNAVPRPKLVVGLVVDQMRWDYLYRYYSKYGEGGFKRMLNTGYSLNNVHIDYVPTVTAIGHTSIFTGSVPSIHGIAGNDWYDKELGKSVYCTSDETVQPVGTTSNSVGQHSPRNLWSTTVTDQLGLATNFTSKVVGVSLKDRASILPAGHNPTGAFWFDDTTGKFITSTYYTKELPKWVNDFNNKNVPAQLVANGWNTLLPINQYTESSEDNVEWEGLLGSKKTPTFPYTDLAKDYEAKKGLIRTTPFGNTLTLQMADAAIDGNQMGVDDITDFLTVNLASTDYVGHNFGPNSIEVEDTYLRLDRDLADFFNNLDKKVGKGNYLVFLSADHGAAHSVGFMQAHKMPTGFFVEDMKKEMNAKLKQKFGADNIIAAAVNYQVYFDRKVLADSKLELDDVRDYVMTELKKEPSVLYVLSTDEIWESSIPEPIKSRVINGYNWKRSGDIQIISKDGYLSAYSKKGTTHSVWNSYDSHIPLLFMGWGIKQGESNQPYHMTDIAPTVSSLLKIQFPSGAVGKPITEVIGRIEGRSAWSHPQFEK,752667.578498275,188002.85214137245,9.832416791134678
F300G,MDIGIDSDPQKTNAVPRPKLVVGLVVDQMRWDYLYRYYSKYGEGGFKRMLNTGYSLNNVHIDYVPTVTAIGHTSIFTGSVPSIHGIAGNDWYDKELGKSVYCTSDETVQPVGTTSNSVGQHSPRNLWSTTVTDQLGLATNFTSKVVGVSLKDRASILPAGHNPTGAFWFDDTTGKFITSTYYTKELPKWVNDFNNKNVPAQLVANGWNTLLPINQYTESSEDNVEWEGLLGSKKTPTFPYTDLAKDYEAKKGLIRTTPFGNTLTLQMADAAIDGNQMGVDDITDFLTVNLASTDYVGHNGGPNSIEVEDTYLRLDRDLADFFNNLDKKVGKGNYLVFLSADHGAAHSVGFMQAHKMPTGFFVEDMKKEMNAKLKQKFGADNIIAAAMNYQVYFDRKVLADSKLELDDVRDYVMTELKKEPSVLYVLSTDEIWESSIPEPIKSRVINGYNWKRSGDIQIISKDGYLSAYSKKGTTHSVWNSYDSHIPLLFMGWGIKQGESNQPYHMTDIAPTVSSLLKIQFPSGAVGKPITEVIGRIEGRSAWSHPQFEK,919585.144064098,134539.0121965399,9.625095231643163
K250G,MDIGIDSDPQKTNAVPRPKLVVGLVVDQMRWDYLYRYYSKYGEGGFKRMLNTGYSLNNVHIDYVPTVTAIGHTSIFTGSVPSIHGIAGNDWYDKELGKSVYCTSDETVQPVGTTSNSVGQHSPRNLWSTTVTDQLGLATNFTSKVVGVSLKDRASILPAGHNPTGAFWFDDTTGKFITSTYYTKELPKWVNDFNNKNVPAQLVANGWNTLLPINQYTESSEDNVEWEGLLGSKKTPTFPYTDLAKDYEAGKGLIRTTPFGNTLTLQMADAAIDGNQMGVDDITDFLTVNLASTDYVGHNFGPNSIEVEDTYLRLDRDLADFFNNLDKKVGKGNYLVFLSADHGAAHSVGFMQAHKMPTGFFVEDMKKEMNAKLKQKFGADNIIAAAMNYQVYFDRKVLADSKLELDDVRDYVMTELKKEPSVLYVLSTDEIWESSIPEPIKSRVINGYNWKRSGDIQIISKDGYLSAYSKKGTTHSVWNSYDSHIPLLFMGWGIKQGESNQPYHMTDIAPTVSSLLKIQFPSGAVGKPITEVIGRIEGRSAWSHPQFEK,1168926.745409117,267877.6095920622,8.920464166972998
S476V,MDIGIDSDPQKTNAVPRPKLVVGLVVDQMRWDYLYRYYSKYGEGGFKRMLNTGYSLNNVHIDYVPTVTAIGHTSIFTGSVPSIHGIAGNDWYDKELGKSVYCTSDETVQPVGTTSNSVGQHSPRNLWSTTVTDQLGLATNFTSKVVGVSLKDRASILPAGHNPTGAFWFDDTTGKFITSTYYTKELPKWVNDFNNKNVPAQLVANGWNTLLPINQYTESSEDNVEWEGLLGSKKTPTFPYTDLAKDYEAKKGLIRTTPFGNTLTLQMADAAIDGNQMGVDDITDFLTVNLASTDYVGHNFGPNSIEVEDTYLRLDRDLADFFNNLDKKVGKGNYLVFLSADHGAAHSVGFMQAHKMPTGFFVEDMKKEMNAKLKQKFGADNIIAAAMNYQVYFDRKVLADSKLELDDVRDYVMTELKKEPSVLYVLSTDEIWESSIPEPIKSRVINGYNWKRSGDIQIISKDGYLSAYSKKGTTHVVWNSYDSHIPLLFMGWGIKQGESNQPYHMTDIAPTVSSLLKIQFPSGAVGKPITEVIGRIEGRSAWSHPQFEK,2068042.4910747632,290874.78029138816,9.319928750911748
G147V,MDIGIDSDPQKTNAVPRPKLVVGLVVDQMRWDYLYRYYSKYGEGGFKRMLNTGYSLNNVHIDYVPTVTAIGHTSIFTGSVPSIHGIAGNDWYDKELGKSVYCTSDETVQPVGTTSNSVGQHSPRNLWSTTVTDQLGLATNFTSKVVVVSLKDRASILPAGHNPTGAFWFDDTTGKFITSTYYTKELPKWVNDFNNKNVPAQLVANGWNTLLPINQYTESSEDNVEWEGLLGSKKTPTFPYTDLAKDYEAKKGLIRTTPFGNTLTLQMADAAIDGNQMGVDDITDFLTVNLASTDYVGHNFGPNSIEVEDTYLRLDRDLADFFNNLDKKVGKGNYLVFLSADHGAAHSVGFMQAHKMPTGFFVEDMKKEMNAKLKQKFGADNIIAAAMNYQVYFDRKVLADSKLELDDVRDYVMTELKKEPSVLYVLSTDEIWESSIPEPIKSRVINGYNWKRSGDIQIISKDGYLSAYSKKGTTHSVWNSYDSHIPLLFMGWGIKQGESNQPYHMTDIAPTVSSLLKIQFPSGAVGKPITEVIGRIEGRSAWSHPQFEK,415839.477808773,136557.04039908294,7.35447874974848
K441G,MDIGIDSDPQKTNAVPRPKLVVGLVVDQMRWDYLYRYYSKYGEGGFKRMLNTGYSLNNVHIDYVPTVTAIGHTSIFTGSVPSIHGIAGNDWYDKELGKSVYCTSDETVQPVGTTSNSVGQHSPRNLWSTTVTDQLGLATNFTSKVVGVSLKDRASILPAGHNPTGAFWFDDTTGKFITSTYYTKELPKWVNDFNNKNVPAQLVANGWNTLLPINQYTESSEDNVEWEGLLGSKKTPTFPYTDLAKDYEAKKGLIRTTPFGNTLTLQMADAAIDGNQMGVDDITDFLTVNLASTDYVGHNFGPNSIEVEDTYLRLDRDLADFFNNLDKKVGKGNYLVFLSADHGAAHSVGFMQAHKMPTGFFVEDMKKEMNAKLKQKFGADNIIAAAMNYQVYFDRKVLADSKLELDDVRDYVMTELKKEPSVLYVLSTDEIWESSIPEPIGSRVINGYNWKRSGDIQIISKDGYLSAYSKKGTTHSVWNSYDSHIPLLFMGWGIKQGESNQPYHMTDIAPTVSSLLKIQFPSGAVGKPITEVIGRIEGRSAWSHPQFEK,1147757.6396729103,274509.857241378,10.093311975040036
L318V,MDIGIDSDPQKTNAVPRPKLVVGLVVDQMRWDYLYRYYSKYGEGGFKRMLNTGYSLNNVHIDYVPTVTAIGHTSIFTGSVPSIHGIAGNDWYDKELGKSVYCTSDETVQPVGTTSNSVGQHSPRNLWSTTVTDQLGLATNFTSKVVGVSLKDRASILPAGHNPTGAFWFDDTTGKFITSTYYTKELPKWVNDFNNKNVPAQLVANGWNTLLPINQYTESSEDNVEWEGLLGSKKTPTFPYTDLAKDYEAKKGLIRTTPFGNTLTLQMADAAIDGNQMGVDDITDFLTVNLASTDYVGHNFGPNSIEVEDTYLRLDRDVADFFNNLDKKVGKGNYLVFLSADHGAAHSVGFMQAHKMPTGFFVEDMKKEMNAKLKQKFGADNIIAAAMNYQVYFDRKVLADSKLELDDVRDYVMTELKKEPSVLYVLSTDEIWESSIPEPIKSRVINGYNWKRSGDIQIISKDGYLSAYSKKGTTHSVWNSYDSHIPLLFMGWGIKQGESNQPYHMTDIAPTVSSLLKIQFPSGAVGKPITEVIGRIEGRSAWSHPQFEK,940906.3331447664,539046.1840856059,8.200816429997955
V336A,MDIGIDSDPQKTNAVPRPKLVVGLVVDQMRWDYLYRYYSKYGEGGFKRMLNTGYSLNNVHIDYVPTVTAIGHTSIFTGSVPSIHGIAGNDWYDKELGKSVYCTSDETVQPVGTTSNSVGQHSPRNLWSTTVTDQLGLATNFTSKVVGVSLKDRASILPAGHNPTGAFWFDDTTGKFITSTYYTKELPKWVNDFNNKNVPAQLVANGWNTLLPINQYTESSEDNVEWEGLLGSKKTPTFPYTDLAKDYEAKKGLIRTTPFGNTLTLQMADAAIDGNQMGVDDITDFLTVNLASTDYVGHNFGPNSIEVEDTYLRLDRDLADFFNNLDKKVGKGNYLAFLSADHGAAHSVGFMQAHKMPTGFFVEDMKKEMNAKLKQKFGADNIIAAAMNYQVYFDRKVLADSKLELDDVRDYVMTELKKEPSVLYVLSTDEIWESSIPEPIKSRVINGYNWKRSGDIQIISKDGYLSAYSKKGTTHSVWNSYDSHIPLLFMGWGIKQGESNQPYHMTDIAPTVSSLLKIQFPSGAVGKPITEVIGRIEGRSAWSHPQFEK,1332764.51562211,429612.9193862628,8.650364628041512
T530V,MDIGIDSDPQKTNAVPRPKLVVGLVVDQMRWDYLYRYYSKYGEGGFKRMLNTGYSLNNVHIDYVPTVTAIGHTSIFTGSVPSIHGIAGNDWYDKELGKSVYCTSDETVQPVGTTSNSVGQHSPRNLWSTTVTDQLGLATNFTSKVVGVSLKDRASILPAGHNPTGAFWFDDTTGKFITSTYYTKELPKWVNDFNNKNVPAQLVANGWNTLLPINQYTESSEDNVEWEGLLGSKKTPTFPYTDLAKDYEAKKGLIRTTPFGNTLTLQMADAAIDGNQMGVDDITDFLTVNLASTDYVGHNFGPNSIEVEDTYLRLDRDLADFFNNLDKKVGKGNYLVFLSADHGAAHSVGFMQAHKMPTGFFVEDMKKEMNAKLKQKFGADNIIAAAMNYQVYFDRKVLADSKLELDDVRDYVMTELKKEPSVLYVLSTDEIWESSIPEPIKSRVINGYNWKRSGDIQIISKDGYLSAYSKKGTTHSVWNSYDSHIPLLFMGWGIKQGESNQPYHMTDIAPTVSSLLKIQFPSGAVGKPIVEVIGRIEGRSAWSHPQFEK,537268.3042427213,246193.00945825625,10.542290573996404
Y392G,MDIGIDSDPQKTNAVPRPKLVVGLVVDQMRWDYLYRYYSKYGEGGFKRMLNTGYSLNNVHIDYVPTVTAIGHTSIFTGSVPSIHGIAGNDWYDKELGKSVYCTSDETVQPVGTTSNSVGQHSPRNLWSTTVTDQLGLATNFTSKVVGVSLKDRASILPAGHNPTGAFWFDDTTGKFITSTYYTKELPKWVNDFNNKNVPAQLVANGWNTLLPINQYTESSEDNVEWEGLLGSKKTPTFPYTDLAKDYEAKKGLIRTTPFGNTLTLQMADAAIDGNQMGVDDITDFLTVNLASTDYVGHNFGPNSIEVEDTYLRLDRDLADFFNNLDKKVGKGNYLVFLSADHGAAHSVGFMQAHKMPTGFFVEDMKKEMNAKLKQKFGADNIIAAAMNYQVGFDRKVLADSKLELDDVRDYVMTELKKEPSVLYVLSTDEIWESSIPEPIKSRVINGYNWKRSGDIQIISKDGYLSAYSKKGTTHSVWNSYDSHIPLLFMGWGIKQGESNQPYHMTDIAPTVSSLLKIQFPSGAVGKPITEVIGRIEGRSAWSHPQFEK,1057552.486128634,173196.31346826462,16.459266080792837
K376G,MDIGIDSDPQKTNAVPRPKLVVGLVVDQMRWDYLYRYYSKYGEGGFKRMLNTGYSLNNVHIDYVPTVTAIGHTSIFTGSVPSIHGIAGNDWYDKELGKSVYCTSDETVQPVGTTSNSVGQHSPRNLWSTTVTDQLGLATNFTSKVVGVSLKDRASILPAGHNPTGAFWFDDTTGKFITSTYYTKELPKWVNDFNNKNVPAQLVANGWNTLLPINQYTESSEDNVEWEGLLGSKKTPTFPYTDLAKDYEAKKGLIRTTPFGNTLTLQMADAAIDGNQMGVDDITDFLTVNLASTDYVGHNFGPNSIEVEDTYLRLDRDLADFFNNLDKKVGKGNYLVFLSADHGAAHSVGFMQAHKMPTGFFVEDMKKEMNAKLKQGFGADNIIAAAMNYQVYFDRKVLADSKLELDDVRDYVMTELKKEPSVLYVLSTDEIWESSIPEPIKSRVINGYNWKRSGDIQIISKDGYLSAYSKKGTTHSVWNSYDSHIPLLFMGWGIKQGESNQPYHMTDIAPTVSSLLKIQFPSGAVGKPITEVIGRIEGRSAWSHPQFEK,1724323.8535470054,472991.8919412852,12.648896709698688
G112V,MDIGIDSDPQKTNAVPRPKLVVGLVVDQMRWDYLYRYYSKYGEGGFKRMLNTGYSLNNVHIDYVPTVTAIGHTSIFTGSVPSIHGIAGNDWYDKELGKSVYCTSDETVQPVVTTSNSVGQHSPRNLWSTTVTDQLGLATNFTSKVVGVSLKDRASILPAGHNPTGAFWFDDTTGKFITSTYYTKELPKWVNDFNNKNVPAQLVANGWNTLLPINQYTESSEDNVEWEGLLGSKKTPTFPYTDLAKDYEAKKGLIRTTPFGNTLTLQMADAAIDGNQMGVDDITDFLTVNLASTDYVGHNFGPNSIEVEDTYLRLDRDLADFFNNLDKKVGKGNYLVFLSADHGAAHSVGFMQAHKMPTGFFVEDMKKEMNAKLKQKFGADNIIAAAMNYQVYFDRKVLADSKLELDDVRDYVMTELKKEPSVLYVLSTDEIWESSIPEPIKSRVINGYNWKRSGDIQIISKDGYLSAYSKKGTTHSVWNSYDSHIPLLFMGWGIKQGESNQPYHMTDIAPTVSSLLKIQFPSGAVGKPITEVIGRIEGRSAWSHPQFEK,1744081.82722345,208302.07607877697,0.0
V118G,MDIGIDSDPQKTNAVPRPKLVVGLVVDQMRWDYLYRYYSKYGEGGFKRMLNTGYSLNNVHIDYVPTVTAIGHTSIFTGSVPSIHGIAGNDWYDKELGKSVYCTSDETVQPVGTTSNSGGQHSPRNLWSTTVTDQLGLATNFTSKVVGVSLKDRASILPAGHNPTGAFWFDDTTGKFITSTYYTKELPKWVNDFNNKNVPAQLVANGWNTLLPINQYTESSEDNVEWEGLLGSKKTPTFPYTDLAKDYEAKKGLIRTTPFGNTLTLQMADAAIDGNQMGVDDITDFLTVNLASTDYVGHNFGPNSIEVEDTYLRLDRDLADFFNNLDKKVGKGNYLVFLSADHGAAHSVGFMQAHKMPTGFFVEDMKKEMNAKLKQKFGADNIIAAAMNYQVYFDRKVLADSKLELDDVRDYVMTELKKEPSVLYVLSTDEIWESSIPEPIKSRVINGYNWKRSGDIQIISKDGYLSAYSKKGTTHSVWNSYDSHIPLLFMGWGIKQGESNQPYHMTDIAPTVSSLLKIQFPSGAVGKPITEVIGRIEGRSAWSHPQFEK,966344.3633776084,321348.8444639438,12.57991376287143
T12G,MDIGIDSDPQKGNAVPRPKLVVGLVVDQMRWDYLYRYYSKYGEGGFKRMLNTGYSLNNVHIDYVPTVTAIGHTSIFTGSVPSIHGIAGNDWYDKELGKSVYCTSDETVQPVGTTSNSVGQHSPRNLWSTTVTDQLGLATNFTSKVVGVSLKDRASILPAGHNPTGAFWFDDTTGKFITSTYYTKELPKWVNDFNNKNVPAQLVANGWNTLLPINQYTESSEDNVEWEGLLGSKKTPTFPYTDLAKDYEAKKGLIRTTPFGNTLTLQMADAAIDGNQMGVDDITDFLTVNLASTDYVGHNFGPNSIEVEDTYLRLDRDLADFFNNLDKKVGKGNYLVFLSADHGAAHSVGFMQAHKMPTGFFVEDMKKEMNAKLKQKFGADNIIAAAMNYQVYFDRKVLADSKLELDDVRDYVMTELKKEPSVLYVLSTDEIWESSIPEPIKSRVINGYNWKRSGDIQIISKDGYLSAYSKKGTTHSVWNSYDSHIPLLFMGWGIKQGESNQPYHMTDIAPTVSSLLKIQFPSGAVGKPITEVIGRIEGRSAWSHPQFEK,1423930.4436165828,394524.0064714177,11.737392646153207
I431G,MDIGIDSDPQKTNAVPRPKLVVGLVVDQMRWDYLYRYYSKYGEGGFKRMLNTGYSLNNVHIDYVPTVTAIGHTSIFTGSVPSIHGIAGNDWYDKELGKSVYCTSDETVQPVGTTSNSVGQHSPRNLWSTTVTDQLGLATNFTSKVVGVSLKDRASILPAGHNPTGAFWFDDTTGKFITSTYYTKELPKWVNDFNNKNVPAQLVANGWNTLLPINQYTESSEDNVEWEGLLGSKKTPTFPYTDLAKDYEAKKGLIRTTPFGNTLTLQMADAAIDGNQMGVDDITDFLTVNLASTDYVGHNFGPNSIEVEDTYLRLDRDLADFFNNLDKKVGKGNYLVFLSADHGAAHSVGFMQAHKMPTGFFVEDMKKEMNAKLKQKFGADNIIAAAMNYQVYFDRKVLADSKLELDDVRDYVMTELKKEPSVLYVLSTDEGWESSIPEPIKSRVINGYNWKRSGDIQIISKDGYLSAYSKKGTTHSVWNSYDSHIPLLFMGWGIKQGESNQPYHMTDIAPTVSSLLKIQFPSGAVGKPITEVIGRIEGRSAWSHPQFEK,462974.70954513183,166033.78894519436,10.490797248355111
T217G,MDIGIDSDPQKTNAVPRPKLVVGLVVDQMRWDYLYRYYSKYGEGGFKRMLNTGYSLNNVHIDYVPTVTAIGHTSIFTGSVPSIHGIAGNDWYDKELGKSVYCTSDETVQPVGTTSNSVGQHSPRNLWSTTVTDQLGLATNFTSKVVGVSLKDRASILPAGHNPTGAFWFDDTTGKFITSTYYTKELPKWVNDFNNKNVPAQLVANGWNTLLPINQYGESSEDNVEWEGLLGSKKTPTFPYTDLAKDYEAKKGLIRTTPFGNTLTLQMADAAIDGNQMGVDDITDFLTVNLASTDYVGHNFGPNSIEVEDTYLRLDRDLADFFNNLDKKVGKGNYLVFLSADHGAAHSVGFMQAHKMPTGFFVEDMKKEMNAKLKQKFGADNIIAAAMNYQVYFDRKVLADSKLELDDVRDYVMTELKKEPSVLYVLSTDEIWESSIPEPIKSRVINGYNWKRSGDIQIISKDGYLSAYSKKGTTHSVWNSYDSHIPLLFMGWGIKQGESNQPYHMTDIAPTVSSLLKIQFPSGAVGKPITEVIGRIEGRSAWSHPQFEK,2355974.380245957,176227.20950631562,16.195057237607152
S434V,MDIGIDSDPQKTNAVPRPKLVVGLVVDQMRWDYLYRYYSKYGEGGFKRMLNTGYSLNNVHIDYVPTVTAIGHTSIFTGSVPSIHGIAGNDWYDKELGKSVYCTSDETVQPVGTTSNSVGQHSPRNLWSTTVTDQLGLATNFTSKVVGVSLKDRASILPAGHNPTGAFWFDDTTGKFITSTYYTKELPKWVNDFNNKNVPAQLVANGWNTLLPINQYTESSEDNVEWEGLLGSKKTPTFPYTDLAKDYEAKKGLIRTTPFGNTLTLQMADAAIDGNQMGVDDITDFLTVNLASTDYVGHNFGPNSIEVEDTYLRLDRDLADFFNNLDKKVGKGNYLVFLSADHGAAHSVGFMQAHKMPTGFFVEDMKKEMNAKLKQKFGADNIIAAAMNYQVYFDRKVLADSKLELDDVRDYVMTELKKEPSVLYVLSTDEIWEVSIPEPIKSRVINGYNWKRSGDIQIISKDGYLSAYSKKGTTHSVWNSYDSHIPLLFMGWGIKQGESNQPYHMTDIAPTVSSLLKIQFPSGAVGKPITEVIGRIEGRSAWSHPQFEK,675888.6221401319,390155.6837737908,7.4377898548446275
V512G,MDIGIDSDPQKTNAVPRPKLVVGLVVDQMRWDYLYRYYSKYGEGGFKRMLNTGYSLNNVHIDYVPTVTAIGHTSIFTGSVPSIHGIAGNDWYDKELGKSVYCTSDETVQPVGTTSNSVGQHSPRNLWSTTVTDQLGLATNFTSKVVGVSLKDRASILPAGHNPTGAFWFDDTTGKFITSTYYTKELPKWVNDFNNKNVPAQLVANGWNTLLPINQYTESSEDNVEWEGLLGSKKTPTFPYTDLAKDYEAKKGLIRTTPFGNTLTLQMADAAIDGNQMGVDDITDFLTVNLASTDYVGHNFGPNSIEVEDTYLRLDRDLADFFNNLDKKVGKGNYLVFLSADHGAAHSVGFMQAHKMPTGFFVEDMKKEMNAKLKQKFGADNIIAAAMNYQVYFDRKVLADSKLELDDVRDYVMTELKKEPSVLYVLSTDEIWESSIPEPIKSRVINGYNWKRSGDIQIISKDGYLSAYSKKGTTHSVWNSYDSHIPLLFMGWGIKQGESNQPYHMTDIAPTGSSLLKIQFPSGAVGKPITEVIGRIEGRSAWSHPQFEK,1285642.539765191,307898.5452666296,9.975230368100537
Y503G,MDIGIDSDPQKTNAVPRPKLVVGLVVDQMRWDYLYRYYSKYGEGGFKRMLNTGYSLNNVHIDYVPTVTAIGHTSIFTGSVPSIHGIAGNDWYDKELGKSVYCTSDETVQPVGTTSNSVGQHSPRNLWSTTVTDQLGLATNFTSKVVGVSLKDRASILPAGHNPTGAFWFDDTTGKFITSTYYTKELPKWVNDFNNKNVPAQLVANGWNTLLPINQYTESSEDNVEWEGLLGSKKTPTFPYTDLAKDYEAKKGLIRTTPFGNTLTLQMADAAIDGNQMGVDDITDFLTVNLASTDYVGHNFGPNSIEVEDTYLRLDRDLADFFNNLDKKVGKGNYLVFLSADHGAAHSVGFMQAHKMPTGFFVEDMKKEMNAKLKQKFGADNIIAAAMNYQVYFDRKVLADSKLELDDVRDYVMTELKKEPSVLYVLSTDEIWESSIPEPIKSRVINGYNWKRSGDIQIISKDGYLSAYSKKGTTHSVWNSYDSHIPLLFMGWGIKQGESNQPGHMTDIAPTVSSLLKIQFPSGAVGKPITEVIGRIEGRSAWSHPQFEK,285522.3023303087,287058.0237595282,3.931734040722024
A271G,MDIGIDSDPQKTNAVPRPKLVVGLVVDQMRWDYLYRYYSKYGEGGFKRMLNTGYSLNNVHIDYVPTVTAIGHTSIFTGSVPSIHGIAGNDWYDKELGKSVYCTSDETVQPVGTTSNSVGQHSPRNLWSTTVTDQLGLATNFTSKVVGVSLKDRASILPAGHNPTGAFWFDDTTGKFITSTYYTKELPKWVNDFNNKNVPAQLVANGWNTLLPINQYTESSEDNVEWEGLLGSKKTPTFPYTDLAKDYEAKKGLIRTTPFGNTLTLQMADAGIDGNQMGVDDITDFLTVNLASTDYVGHNFGPNSIEVEDTYLRLDRDLADFFNNLDKKVGKGNYLVFLSADHGAAHSVGFMQAHKMPTGFFVEDMKKEMNAKLKQKFGADNIIAAAMNYQVYFDRKVLADSKLELDDVRDYVMTELKKEPSVLYVLSTDEIWESSIPEPIKSRVINGYNWKRSGDIQIISKDGYLSAYSKKGTTHSVWNSYDSHIPLLFMGWGIKQGESNQPYHMTDIAPTVSSLLKIQFPSGAVGKPITEVIGRIEGRSAWSHPQFEK,1201218.8236022715,257367.9349532397,13.725888247102842
E106V,MDIGIDSDPQKTNAVPRPKLVVGLVVDQMRWDYLYRYYSKYGEGGFKRMLNTGYSLNNVHIDYVPTVTAIGHTSIFTGSVPSIHGIAGNDWYDKELGKSVYCTSDVTVQPVGTTSNSVGQHSPRNLWSTTVTDQLGLATNFTSKVVGVSLKDRASILPAGHNPTGAFWFDDTTGKFITSTYYTKELPKWVNDFNNKNVPAQLVANGWNTLLPINQYTESSEDNVEWEGLLGSKKTPTFPYTDLAKDYEAKKGLIRTTPFGNTLTLQMADAAIDGNQMGVDDITDFLTVNLASTDYVGHNFGPNSIEVEDTYLRLDRDLADFFNNLDKKVGKGNYLVFLSADHGAAHSVGFMQAHKMPTGFFVEDMKKEMNAKLKQKFGADNIIAAAMNYQVYFDRKVLADSKLELDDVRDYVMTELKKEPSVLYVLSTDEIWESSIPEPIKSRVINGYNWKRSGDIQIISKDGYLSAYSKKGTTHSVWNSYDSHIPLLFMGWGIKQGESNQPYHMTDIAPTVSSLLKIQFPSGAVGKPITEVIGRIEGRSAWSHPQFEK,849840.8035065325,222754.2225875702,10.724967567650856
V26A,MDIGIDSDPQKTNAVPRPKLVVGLVADQMRWDYLYRYYSKYGEGGFKRMLNTGYSLNNVHIDYVPTVTAIGHTSIFTGSVPSIHGIAGNDWYDKELGKSVYCTSDETVQPVGTTSNSVGQHSPRNLWSTTVTDQLGLATNFTSKVVGVSLKDRASILPAGHNPTGAFWFDDTTGKFITSTYYTKELPKWVNDFNNKNVPAQLVANGWNTLLPINQYTESSEDNVEWEGLLGSKKTPTFPYTDLAKDYEAKKGLIRTTPFGNTLTLQMADAAIDGNQMGVDDITDFLTVNLASTDYVGHNFGPNSIEVEDTYLRLDRDLADFFNNLDKKVGKGNYLVFLSADHGAAHSVGFMQAHKMPTGFFVEDMKKEMNAKLKQKFGADNIIAAAMNYQVYFDRKVLADSKLELDDVRDYVMTELKKEPSVLYVLSTDEIWESSIPEPIKSRVINGYNWKRSGDIQIISKDGYLSAYSKKGTTHSVWNSYDSHIPLLFMGWGIKQGESNQPYHMTDIAPTVSSLLKIQFPSGAVGKPITEVIGRIEGRSAWSHPQFEK,1164487.431510792,495246.5704510757,9.587861488419284
P16V,MDIGIDSDPQKTNAVVRPKLVVGLVVDQMRWDYLYRYYSKYGEGGFKRMLNTGYSLNNVHIDYVPTVTAIGHTSIFTGSVPSIHGIAGNDWYDKELGKSVYCTSDETVQPVGTTSNSVGQHSPRNLWSTTVTDQLGLATNFTSKVVGVSLKDRASILPAGHNPTGAFWFDDTTGKFITSTYYTKELPKWVNDFNNKNVPAQLVANGWNTLLPINQYTESSEDNVEWEGLLGSKKTPTFPYTDLAKDYEAKKGLIRTTPFGNTLTLQMADAAIDGNQMGVDDITDFLTVNLASTDYVGHNFGPNSIEVEDTYLRLDRDLADFFNNLDKKVGKGNYLVFLSADHGAAHSVGFMQAHKMPTGFFVEDMKKEMNAKLKQKFGADNIIAAAMNYQVYFDRKVLADSKLELDDVRDYVMTELKKEPSVLYVLSTDEIWESSIPEPIKSRVINGYNWKRSGDIQIISKDGYLSAYSKKGTTHSVWNSYDSHIPLLFMGWGIKQGESNQPYHMTDIAPTVSSLLKIQFPSGAVGKPITEVIGRIEGRSAWSHPQFEK,1121991.5158536215,289987.880645413,10.644122378314092
N89V,MDIGIDSDPQKTNAVPRPKLVVGLVVDQMRWDYLYRYYSKYGEGGFKRMLNTGYSLNNVHIDYVPTVTAIGHTSIFTGSVPSIHGIAGVDWYDKELGKSVYCTSDETVQPVGTTSNSVGQHSPRNLWSTTVTDQLGLATNFTSKVVGVSLKDRASILPAGHNPTGAFWFDDTTGKFITSTYYTKELPKWVNDFNNKNVPAQLVANGWNTLLPINQYTESSEDNVEWEGLLGSKKTPTFPYTDLAKDYEAKKGLIRTTPFGNTLTLQMADAAIDGNQMGVDDITDFLTVNLASTDYVGHNFGPNSIEVEDTYLRLDRDLADFFNNLDKKVGKGNYLVFLSADHGAAHSVGFMQAHKMPTGFFVEDMKKEMNAKLKQKFGADNIIAAAMNYQVYFDRKVLADSKLELDDVRDYVMTELKKEPSVLYVLSTDEIWESSIPEPIKSRVINGYNWKRSGDIQIISKDGYLSAYSKKGTTHSVWNSYDSHIPLLFMGWGIKQGESNQPYHMTDIAPTVSSLLKIQFPSGAVGKPITEVIGRIEGRSAWSHPQFEK,1381636.4974010878,369914.09534442326,12.408033534238545
H346G,MDIGIDSDPQKTNAVPRPKLVVGLVVDQMRWDYLYRYYSKYGEGGFKRMLNTGYSLNNVHIDYVPTVTAIGHTSIFTGSVPSIHGIAGNDWYDKELGKSVYCTSDETVQPVGTTSNSVGQHSPRNLWSTTVTDQLGLATNFTSKVVGVSLKDRASILPAGHNPTGAFWFDDTTGKFITSTYYTKELPKWVNDFNNKNVPAQLVANGWNTLLPINQYTESSEDNVEWEGLLGSKKTPTFPYTDLAKDYEAKKGLIRTTPFGNTLTLQMADAAIDGNQMGVDDITDFLTVNLASTDYVGHNFGPNSIEVEDTYLRLDRDLADFFNNLDKKVGKGNYLVFLSADHGAAGSVGFMQAHKMPTGFFVEDMKKEMNAKLKQKFGADNIIAAAMNYQVYFDRKVLADSKLELDDVRDYVMTELKKEPSVLYVLSTDEIWESSIPEPIKSRVINGYNWKRSGDIQIISKDGYLSAYSKKGTTHSVWNSYDSHIPLLFMGWGIKQGESNQPYHMTDIAPTVSSLLKIQFPSGAVGKPITEVIGRIEGRSAWSHPQFEK,2264417.8219687524,187623.8502152101,14.130841485063964
G42V,MDIGIDSDPQKTNAVPRPKLVVGLVVDQMRWDYLYRYYSKYVEGGFKRMLNTGYSLNNVHIDYVPTVTAIGHTSIFTGSVPSIHGIAGNDWYDKELGKSVYCTSDETVQPVGTTSNSVGQHSPRNLWSTTVTDQLGLATNFTSKVVGVSLKDRASILPAGHNPTGAFWFDDTTGKFITSTYYTKELPKWVNDFNNKNVPAQLVANGWNTLLPINQYTESSEDNVEWEGLLGSKKTPTFPYTDLAKDYEAKKGLIRTTPFGNTLTLQMADAAIDGNQMGVDDITDFLTVNLASTDYVGHNFGPNSIEVEDTYLRLDRDLADFFNNLDKKVGKGNYLVFLSADHGAAHSVGFMQAHKMPTGFFVEDMKKEMNAKLKQKFGADNIIAAAMNYQVYFDRKVLADSKLELDDVRDYVMTELKKEPSVLYVLSTDEIWESSIPEPIKSRVINGYNWKRSGDIQIISKDGYLSAYSKKGTTHSVWNSYDSHIPLLFMGWGIKQGESNQPYHMTDIAPTVSSLLKIQFPSGAVGKPITEVIGRIEGRSAWSHPQFEK,2247179.534098393,270264.89406566136,15.957754352971302
E415G,MDIGIDSDPQKTNAVPRPKLVVGLVVDQMRWDYLYRYYSKYGEGGFKRMLNTGYSLNNVHIDYVPTVTAIGHTSIFTGSVPSIHGIAGNDWYDKELGKSVYCTSDETVQPVGTTSNSVGQHSPRNLWSTTVTDQLGLATNFTSKVVGVSLKDRASILPAGHNPTGAFWFDDTTGKFITSTYYTKELPKWVNDFNNKNVPAQLVANGWNTLLPINQYTESSEDNVEWEGLLGSKKTPTFPYTDLAKDYEAKKGLIRTTPFGNTLTLQMADAAIDGNQMGVDDITDFLTVNLASTDYVGHNFGPNSIEVEDTYLRLDRDLADFFNNLDKKVGKGNYLVFLSADHGAAHSVGFMQAHKMPTGFFVEDMKKEMNAKLKQKFGADNIIAAAMNYQVYFDRKVLADSKLELDDVRDYVMTGLKKEPSVLYVLSTDEIWESSIPEPIKSRVINGYNWKRSGDIQIISKDGYLSAYSKKGTTHSVWNSYDSHIPLLFMGWGIKQGESNQPYHMTDIAPTVSSLLKIQFPSGAVGKPITEVIGRIEGRSAWSHPQFEK,1056384.9448490834,273329.4558286697,10.7391401244495
K517G,MDIGIDSDPQKTNAVPRPKLVVGLVVDQMRWDYLYRYYSKYGEGGFKRMLNTGYSLNNVHIDYVPTVTAIGHTSIFTGSVPSIHGIAGNDWYDKELGKSVYCTSDETVQPVGTTSNSVGQHSPRNLWSTTVTDQLGLATNFTSKVVGVSLKDRASILPAGHNPTGAFWFDDTTGKFITSTYYTKELPKWVNDFNNKNVPAQLVANGWNTLLPINQYTESSEDNVEWEGLLGSKKTPTFPYTDLAKDYEAKKGLIRTTPFGNTLTLQMADAAIDGNQMGVDDITDFLTVNLASTDYVGHNFGPNSIEVEDTYLRLDRDLADFFNNLDKKVGKGNYLVFLSADHGAAHSVGFMQAHKMPTGFFVEDMKKEMNAKLKQKFGADNIIAAAMNYQVYFDRKVLADSKLELDDVRDYVMTELKKEPSVLYVLSTDEIWESSIPEPIKSRVINGYNWKRSGDIQIISKDGYLSAYSKKGTTHSVWNSYDSHIPLLFMGWGIKQGESNQPYHMTDIAPTVSSLLGIQFPSGAVGKPITEVIGRIEGRSAWSHPQFEK,1032562.9007491868,250707.30651202303,9.817420551713644
K94G,MDIGIDSDPQKTNAVPRPKLVVGLVVDQMRWDYLYRYYSKYGEGGFKRMLNTGYSLNNVHIDYVPTVTAIGHTSIFTGSVPSIHGIAGNDWYDGELGKSVYCTSDETVQPVGTTSNSVGQHSPRNLWSTTVTDQLGLATNFTSKVVGVSLKDRASILPAGHNPTGAFWFDDTTGKFITSTYYTKELPKWVNDFNNKNVPAQLVANGWNTLLPINQYTESSEDNVEWEGLLGSKKTPTFPYTDLAKDYEAKKGLIRTTPFGNTLTLQMADAAIDGNQMGVDDITDFLTVNLASTDYVGHNFGPNSIEVEDTYLRLDRDLADFFNNLDKKVGKGNYLVFLSADHGAAHSVGFMQAHKMPTGFFVEDMKKEMNAKLKQKFGADNIIAAAMNYQVYFDRKVLADSKLELDDVRDYVMTELKKEPSVLYVLSTDEIWESSIPEPIKSRVINGYNWKRSGDIQIISKDGYLSAYSKKGTTHSVWNSYDSHIPLLFMGWGIKQGESNQPYHMTDIAPTVSSLLKIQFPSGAVGKPITEVIGRIEGRSAWSHPQFEK,1103987.0042804691,436912.93032386777,11.98804158473282
L335G,MDIGIDSDPQKTNAVPRPKLVVGLVVDQMRWDYLYRYYSKYGEGGFKRMLNTGYSLNNVHIDYVPTVTAIGHTSIFTGSVPSIHGIAGNDWYDKELGKSVYCTSDETVQPVGTTSNSVGQHSPRNLWSTTVTDQLGLATNFTSKVVGVSLKDRASILPAGHNPTGAFWFDDTTGKFITSTYYTKELPKWVNDFNNKNVPAQLVANGWNTLLPINQYTESSEDNVEWEGLLGSKKTPTFPYTDLAKDYEAKKGLIRTTPFGNTLTLQMADAAIDGNQMGVDDITDFLTVNLASTDYVGHNFGPNSIEVEDTYLRLDRDLADFFNNLDKKVGKGNYGVFLSADHGAAHSVGFMQAHKMPTGFFVEDMKKEMNAKLKQKFGADNIIAAAMNYQVYFDRKVLADSKLELDDVRDYVMTELKKEPSVLYVLSTDEIWESSIPEPIKSRVINGYNWKRSGDIQIISKDGYLSAYSKKGTTHSVWNSYDSHIPLLFMGWGIKQGESNQPYHMTDIAPTVSSLLKIQFPSGAVGKPITEVIGRIEGRSAWSHPQFEK,685479.2269449821,50757.05107764009,14.391393917227475
G491A,MDIGIDSDPQKTNAVPRPKLVVGLVVDQMRWDYLYRYYSKYGEGGFKRMLNTGYSLNNVHIDYVPTVTAIGHTSIFTGSVPSIHGIAGNDWYDKELGKSVYCTSDETVQPVGTTSNSVGQHSPRNLWSTTVTDQLGLATNFTSKVVGVSLKDRASILPAGHNPTGAFWFDDTTGKFITSTYYTKELPKWVNDFNNKNVPAQLVANGWNTLLPINQYTESSEDNVEWEGLLGSKKTPTFPYTDLAKDYEAKKGLIRTTPFGNTLTLQMADAAIDGNQMGVDDITDFLTVNLASTDYVGHNFGPNSIEVEDTYLRLDRDLADFFNNLDKKVGKGNYLVFLSADHGAAHSVGFMQAHKMPTGFFVEDMKKEMNAKLKQKFGADNIIAAAMNYQVYFDRKVLADSKLELDDVRDYVMTELKKEPSVLYVLSTDEIWESSIPEPIKSRVINGYNWKRSGDIQIISKDGYLSAYSKKGTTHSVWNSYDSHIPLLFMAWGIKQGESNQPYHMTDIAPTVSSLLKIQFPSGAVGKPITEVIGRIEGRSAWSHPQFEK,1541644.131032099,246039.69565839056,12.17597871308199
G332A,MDIGIDSDPQKTNAVPRPKLVVGLVVDQMRWDYLYRYYSKYGEGGFKRMLNTGYSLNNVHIDYVPTVTAIGHTSIFTGSVPSIHGIAGNDWYDKELGKSVYCTSDETVQPVGTTSNSVGQHSPRNLWSTTVTDQLGLATNFTSKVVGVSLKDRASILPAGHNPTGAFWFDDTTGKFITSTYYTKELPKWVNDFNNKNVPAQLVANGWNTLLPINQYTESSEDNVEWEGLLGSKKTPTFPYTDLAKDYEAKKGLIRTTPFGNTLTLQMADAAIDGNQMGVDDITDFLTVNLASTDYVGHNFGPNSIEVEDTYLRLDRDLADFFNNLDKKVGKANYLVFLSADHGAAHSVGFMQAHKMPTGFFVEDMKKEMNAKLKQKFGADNIIAAAMNYQVYFDRKVLADSKLELDDVRDYVMTELKKEPSVLYVLSTDEIWESSIPEPIKSRVINGYNWKRSGDIQIISKDGYLSAYSKKGTTHSVWNSYDSHIPLLFMGWGIKQGESNQPYHMTDIAPTVSSLLKIQFPSGAVGKPITEVIGRIEGRSAWSHPQFEK,723540.931959809,245458.1158120077,12.682184405411066
K233V,MDIGIDSDPQKTNAVPRPKLVVGLVVDQMRWDYLYRYYSKYGEGGFKRMLNTGYSLNNVHIDYVPTVTAIGHTSIFTGSVPSIHGIAGNDWYDKELGKSVYCTSDETVQPVGTTSNSVGQHSPRNLWSTTVTDQLGLATNFTSKVVGVSLKDRASILPAGHNPTGAFWFDDTTGKFITSTYYTKELPKWVNDFNNKNVPAQLVANGWNTLLPINQYTESSEDNVEWEGLLGSVKTPTFPYTDLAKDYEAKKGLIRTTPFGNTLTLQMADAAIDGNQMGVDDITDFLTVNLASTDYVGHNFGPNSIEVEDTYLRLDRDLADFFNNLDKKVGKGNYLVFLSADHGAAHSVGFMQAHKMPTGFFVEDMKKEMNAKLKQKFGADNIIAAAMNYQVYFDRKVLADSKLELDDVRDYVMTELKKEPSVLYVLSTDEIWESSIPEPIKSRVINGYNWKRSGDIQIISKDGYLSAYSKKGTTHSVWNSYDSHIPLLFMGWGIKQGESNQPYHMTDIAPTVSSLLKIQFPSGAVGKPITEVIGRIEGRSAWSHPQFEK,1496135.8851268487,385430.5683742275,11.259343259136823
D171G,MDIGIDSDPQKTNAVPRPKLVVGLVVDQMRWDYLYRYYSKYGEGGFKRMLNTGYSLNNVHIDYVPTVTAIGHTSIFTGSVPSIHGIAGNDWYDKELGKSVYCTSDETVQPVGTTSNSVGQHSPRNLWSTTVTDQLGLATNFTSKVVGVSLKDRASILPAGHNPTGAFWFDGTTGKFITSTYYTKELPKWVNDFNNKNVPAQLVANGWNTLLPINQYTESSEDNVEWEGLLGSKKTPTFPYTDLAKDYEAKKGLIRTTPFGNTLTLQMADAAIDGNQMGVDDITDFLTVNLASTDYVGHNFGPNSIEVEDTYLRLDRDLADFFNNLDKKVGKGNYLVFLSADHGAAHSVGFMQAHKMPTGFFVEDMKKEMNAKLKQKFGADNIIAAAMNYQVYFDRKVLADSKLELDDVRDYVMTELKKEPSVLYVLSTDEIWESSIPEPIKSRVINGYNWKRSGDIQIISKDGYLSAYSKKGTTHSVWNSYDSHIPLLFMGWGIKQGESNQPYHMTDIAPTVSSLLKIQFPSGAVGKPITEVIGRIEGRSAWSHPQFEK,1367010.3777245737,366326.1403290608,11.848907245175536
V422G,MDIGIDSDPQKTNAVPRPKLVVGLVVDQMRWDYLYRYYSKYGEGGFKRMLNTGYSLNNVHIDYVPTVTAIGHTSIFTGSVPSIHGIAGNDWYDKELGKSVYCTSDETVQPVGTTSNSVGQHSPRNLWSTTVTDQLGLATNFTSKVVGVSLKDRASILPAGHNPTGAFWFDDTTGKFITSTYYTKELPKWVNDFNNKNVPAQLVANGWNTLLPINQYTESSEDNVEWEGLLGSKKTPTFPYTDLAKDYEAKKGLIRTTPFGNTLTLQMADAAIDGNQMGVDDITDFLTVNLASTDYVGHNFGPNSIEVEDTYLRLDRDLADFFNNLDKKVGKGNYLVFLSADHGAAHSVGFMQAHKMPTGFFVEDMKKEMNAKLKQKFGADNIIAAAMNYQVYFDRKVLADSKLELDDVRDYVMTELKKEPSGLYVLSTDEIWESSIPEPIKSRVINGYNWKRSGDIQIISKDGYLSAYSKKGTTHSVWNSYDSHIPLLFMGWGIKQGESNQPYHMTDIAPTVSSLLKIQFPSGAVGKPITEVIGRIEGRSAWSHPQFEK,1167397.858932261,225489.3728871712,9.156248361385018
N324G,MDIGIDSDPQKTNAVPRPKLVVGLVVDQMRWDYLYRYYSKYGEGGFKRMLNTGYSLNNVHIDYVPTVTAIGHTSIFTGSVPSIHGIAGNDWYDKELGKSVYCTSDETVQPVGTTSNSVGQHSPRNLWSTTVTDQLGLATNFTSKVVGVSLKDRASILPAGHNPTGAFWFDDTTGKFITSTYYTKELPKWVNDFNNKNVPAQLVANGWNTLLPINQYTESSEDNVEWEGLLGSKKTPTFPYTDLAKDYEAKKGLIRTTPFGNTLTLQMADAAIDGNQMGVDDITDFLTVNLASTDYVGHNFGPNSIEVEDTYLRLDRDLADFFNGLDKKVGKGNYLVFLSADHGAAHSVGFMQAHKMPTGFFVEDMKKEMNAKLKQKFGADNIIAAAMNYQVYFDRKVLADSKLELDDVRDYVMTELKKEPSVLYVLSTDEIWESSIPEPIKSRVINGYNWKRSGDIQIISKDGYLSAYSKKGTTHSVWNSYDSHIPLLFMGWGIKQGESNQPYHMTDIAPTVSSLLKIQFPSGAVGKPITEVIGRIEGRSAWSHPQFEK,1301203.3672349255,458666.5752184137,11.654900962869627
V25G,MDIGIDSDPQKTNAVPRPKLVVGLGVDQMRWDYLYRYYSKYGEGGFKRMLNTGYSLNNVHIDYVPTVTAIGHTSIFTGSVPSIHGIAGNDWYDKELGKSVYCTSDETVQPVGTTSNSVGQHSPRNLWSTTVTDQLGLATNFTSKVVGVSLKDRASILPAGHNPTGAFWFDDTTGKFITSTYYTKELPKWVNDFNNKNVPAQLVANGWNTLLPINQYTESSEDNVEWEGLLGSKKTPTFPYTDLAKDYEAKKGLIRTTPFGNTLTLQMADAAIDGNQMGVDDITDFLTVNLASTDYVGHNFGPNSIEVEDTYLRLDRDLADFFNNLDKKVGKGNYLVFLSADHGAAHSVGFMQAHKMPTGFFVEDMKKEMNAKLKQKFGADNIIAAAMNYQVYFDRKVLADSKLELDDVRDYVMTELKKEPSVLYVLSTDEIWESSIPEPIKSRVINGYNWKRSGDIQIISKDGYLSAYSKKGTTHSVWNSYDSHIPLLFMGWGIKQGESNQPYHMTDIAPTVSSLLKIQFPSGAVGKPITEVIGRIEGRSAWSHPQFEK,1133902.694662494,102120.35706433812,10.46468468614499
V362G,MDIGIDSDPQKTNAVPRPKLVVGLVVDQMRWDYLYRYYSKYGEGGFKRMLNTGYSLNNVHIDYVPTVTAIGHTSIFTGSVPSIHGIAGNDWYDKELGKSVYCTSDETVQPVGTTSNSVGQHSPRNLWSTTVTDQLGLATNFTSKVVGVSLKDRASILPAGHNPTGAFWFDDTTGKFITSTYYTKELPKWVNDFNNKNVPAQLVANGWNTLLPINQYTESSEDNVEWEGLLGSKKTPTFPYTDLAKDYEAKKGLIRTTPFGNTLTLQMADAAIDGNQMGVDDITDFLTVNLASTDYVGHNFGPNSIEVEDTYLRLDRDLADFFNNLDKKVGKGNYLVFLSADHGAAHSVGFMQAHKMPTGFFGEDMKKEMNAKLKQKFGADNIIAAAMNYQVYFDRKVLADSKLELDDVRDYVMTELKKEPSVLYVLSTDEIWESSIPEPIKSRVINGYNWKRSGDIQIISKDGYLSAYSKKGTTHSVWNSYDSHIPLLFMGWGIKQGESNQPYHMTDIAPTVSSLLKIQFPSGAVGKPITEVIGRIEGRSAWSHPQFEK,1743503.9988451058,387791.9798248018,16.832990239478328
T129V,MDIGIDSDPQKTNAVPRPKLVVGLVVDQMRWDYLYRYYSKYGEGGFKRMLNTGYSLNNVHIDYVPTVTAIGHTSIFTGSVPSIHGIAGNDWYDKELGKSVYCTSDETVQPVGTTSNSVGQHSPRNLWSVTVTDQLGLATNFTSKVVGVSLKDRASILPAGHNPTGAFWFDDTTGKFITSTYYTKELPKWVNDFNNKNVPAQLVANGWNTLLPINQYTESSEDNVEWEGLLGSKKTPTFPYTDLAKDYEAKKGLIRTTPFGNTLTLQMADAAIDGNQMGVDDITDFLTVNLASTDYVGHNFGPNSIEVEDTYLRLDRDLADFFNNLDKKVGKGNYLVFLSADHGAAHSVGFMQAHKMPTGFFVEDMKKEMNAKLKQKFGADNIIAAAMNYQVYFDRKVLADSKLELDDVRDYVMTELKKEPSVLYVLSTDEIWESSIPEPIKSRVINGYNWKRSGDIQIISKDGYLSAYSKKGTTHSVWNSYDSHIPLLFMGWGIKQGESNQPYHMTDIAPTVSSLLKIQFPSGAVGKPITEVIGRIEGRSAWSHPQFEK,829835.925776954,276023.77680570533,8.53749555313679
T68V,MDIGIDSDPQKTNAVPRPKLVVGLVVDQMRWDYLYRYYSKYGEGGFKRMLNTGYSLNNVHIDYVPTVVAIGHTSIFTGSVPSIHGIAGNDWYDKELGKSVYCTSDETVQPVGTTSNSVGQHSPRNLWSTTVTDQLGLATNFTSKVVGVSLKDRASILPAGHNPTGAFWFDDTTGKFITSTYYTKELPKWVNDFNNKNVPAQLVANGWNTLLPINQYTESSEDNVEWEGLLGSKKTPTFPYTDLAKDYEAKKGLIRTTPFGNTLTLQMADAAIDGNQMGVDDITDFLTVNLASTDYVGHNFGPNSIEVEDTYLRLDRDLADFFNNLDKKVGKGNYLVFLSADHGAAHSVGFMQAHKMPTGFFVEDMKKEMNAKLKQKFGADNIIAAAMNYQVYFDRKVLADSKLELDDVRDYVMTELKKEPSVLYVLSTDEIWESSIPEPIKSRVINGYNWKRSGDIQIISKDGYLSAYSKKGTTHSVWNSYDSHIPLLFMGWGIKQGESNQPYHMTDIAPTVSSLLKIQFPSGAVGKPITEVIGRIEGRSAWSHPQFEK,451600.2199341815,384450.3010540013,4.253711429023534
I458G,MDIGIDSDPQKTNAVPRPKLVVGLVVDQMRWDYLYRYYSKYGEGGFKRMLNTGYSLNNVHIDYVPTVTAIGHTSIFTGSVPSIHGIAGNDWYDKELGKSVYCTSDETVQPVGTTSNSVGQHSPRNLWSTTVTDQLGLATNFTSKVVGVSLKDRASILPAGHNPTGAFWFDDTTGKFITSTYYTKELPKWVNDFNNKNVPAQLVANGWNTLLPINQYTESSEDNVEWEGLLGSKKTPTFPYTDLAKDYEAKKGLIRTTPFGNTLTLQMADAAIDGNQMGVDDITDFLTVNLASTDYVGHNFGPNSIEVEDTYLRLDRDLADFFNNLDKKVGKGNYLVFLSADHGAAHSVGFMQAHKMPTGFFVEDMKKEMNAKLKQKFGADNIIAAAMNYQVYFDRKVLADSKLELDDVRDYVMTELKKEPSVLYVLSTDEIWESSIPEPIKSRVINGYNWKRSGDIQGISKDGYLSAYSKKGTTHSVWNSYDSHIPLLFMGWGIKQGESNQPYHMTDIAPTVSSLLKIQFPSGAVGKPITEVIGRIEGRSAWSHPQFEK,925086.4948808064,304217.19319624366,10.013132601508543
K355G,MDIGIDSDPQKTNAVPRPKLVVGLVVDQMRWDYLYRYYSKYGEGGFKRMLNTGYSLNNVHIDYVPTVTAIGHTSIFTGSVPSIHGIAGNDWYDKELGKSVYCTSDETVQPVGTTSNSVGQHSPRNLWSTTVTDQLGLATNFTSKVVGVSLKDRASILPAGHNPTGAFWFDDTTGKFITSTYYTKELPKWVNDFNNKNVPAQLVANGWNTLLPINQYTESSEDNVEWEGLLGSKKTPTFPYTDLAKDYEAKKGLIRTTPFGNTLTLQMADAAIDGNQMGVDDITDFLTVNLASTDYVGHNFGPNSIEVEDTYLRLDRDLADFFNNLDKKVGKGNYLVFLSADHGAAHSVGFMQAHGMPTGFFVEDMKKEMNAKLKQKFGADNIIAAAMNYQVYFDRKVLADSKLELDDVRDYVMTELKKEPSVLYVLSTDEIWESSIPEPIKSRVINGYNWKRSGDIQIISKDGYLSAYSKKGTTHSVWNSYDSHIPLLFMGWGIKQGESNQPYHMTDIAPTVSSLLKIQFPSGAVGKPITEVIGRIEGRSAWSHPQFEK,1348155.432716076,410538.3647874027,10.66531089040154
L318G,MDIGIDSDPQKTNAVPRPKLVVGLVVDQMRWDYLYRYYSKYGEGGFKRMLNTGYSLNNVHIDYVPTVTAIGHTSIFTGSVPSIHGIAGNDWYDKELGKSVYCTSDETVQPVGTTSNSVGQHSPRNLWSTTVTDQLGLATNFTSKVVGVSLKDRASILPAGHNPTGAFWFDDTTGKFITSTYYTKELPKWVNDFNNKNVPAQLVANGWNTLLPINQYTESSEDNVEWEGLLGSKKTPTFPYTDLAKDYEAKKGLIRTTPFGNTLTLQMADAAIDGNQMGVDDITDFLTVNLASTDYVGHNFGPNSIEVEDTYLRLDRDGADFFNNLDKKVGKGNYLVFLSADHGAAHSVGFMQAHKMPTGFFVEDMKKEMNAKLKQKFGADNIIAAAMNYQVYFDRKVLADSKLELDDVRDYVMTELKKEPSVLYVLSTDEIWESSIPEPIKSRVINGYNWKRSGDIQIISKDGYLSAYSKKGTTHSVWNSYDSHIPLLFMGWGIKQGESNQPYHMTDIAPTVSSLLKIQFPSGAVGKPITEVIGRIEGRSAWSHPQFEK,1273387.933817268,270279.2375400461,11.600996944608118
L335V,MDIGIDSDPQKTNAVPRPKLVVGLVVDQMRWDYLYRYYSKYGEGGFKRMLNTGYSLNNVHIDYVPTVTAIGHTSIFTGSVPSIHGIAGNDWYDKELGKSVYCTSDETVQPVGTTSNSVGQHSPRNLWSTTVTDQLGLATNFTSKVVGVSLKDRASILPAGHNPTGAFWFDDTTGKFITSTYYTKELPKWVNDFNNKNVPAQLVANGWNTLLPINQYTESSEDNVEWEGLLGSKKTPTFPYTDLAKDYEAKKGLIRTTPFGNTLTLQMADAAIDGNQMGVDDITDFLTVNLASTDYVGHNFGPNSIEVEDTYLRLDRDLADFFNNLDKKVGKGNYVVFLSADHGAAHSVGFMQAHKMPTGFFVEDMKKEMNAKLKQKFGADNIIAAAMNYQVYFDRKVLADSKLELDDVRDYVMTELKKEPSVLYVLSTDEIWESSIPEPIKSRVINGYNWKRSGDIQIISKDGYLSAYSKKGTTHSVWNSYDSHIPLLFMGWGIKQGESNQPYHMTDIAPTVSSLLKIQFPSGAVGKPITEVIGRIEGRSAWSHPQFEK,1251007.5987912645,395257.0290745761,9.393903261115945
N191G,MDIGIDSDPQKTNAVPRPKLVVGLVVDQMRWDYLYRYYSKYGEGGFKRMLNTGYSLNNVHIDYVPTVTAIGHTSIFTGSVPSIHGIAGNDWYDKELGKSVYCTSDETVQPVGTTSNSVGQHSPRNLWSTTVTDQLGLATNFTSKVVGVSLKDRASILPAGHNPTGAFWFDDTTGKFITSTYYTKELPKWVGDFNNKNVPAQLVANGWNTLLPINQYTESSEDNVEWEGLLGSKKTPTFPYTDLAKDYEAKKGLIRTTPFGNTLTLQMADAAIDGNQMGVDDITDFLTVNLASTDYVGHNFGPNSIEVEDTYLRLDRDLADFFNNLDKKVGKGNYLVFLSADHGAAHSVGFMQAHKMPTGFFVEDMKKEMNAKLKQKFGADNIIAAAMNYQVYFDRKVLADSKLELDDVRDYVMTELKKEPSVLYVLSTDEIWESSIPEPIKSRVINGYNWKRSGDIQIISKDGYLSAYSKKGTTHSVWNSYDSHIPLLFMGWGIKQGESNQPYHMTDIAPTVSSLLKIQFPSGAVGKPITEVIGRIEGRSAWSHPQFEK,1151719.9274277464,280156.9730669222,10.668615406462337
W432G,MDIGIDSDPQKTNAVPRPKLVVGLVVDQMRWDYLYRYYSKYGEGGFKRMLNTGYSLNNVHIDYVPTVTAIGHTSIFTGSVPSIHGIAGNDWYDKELGKSVYCTSDETVQPVGTTSNSVGQHSPRNLWSTTVTDQLGLATNFTSKVVGVSLKDRASILPAGHNPTGAFWFDDTTGKFITSTYYTKELPKWVNDFNNKNVPAQLVANGWNTLLPINQYTESSEDNVEWEGLLGSKKTPTFPYTDLAKDYEAKKGLIRTTPFGNTLTLQMADAAIDGNQMGVDDITDFLTVNLASTDYVGHNFGPNSIEVEDTYLRLDRDLADFFNNLDKKVGKGNYLVFLSADHGAAHSVGFMQAHKMPTGFFVEDMKKEMNAKLKQKFGADNIIAAAMNYQVYFDRKVLADSKLELDDVRDYVMTELKKEPSVLYVLSTDEIGESSIPEPIKSRVINGYNWKRSGDIQIISKDGYLSAYSKKGTTHSVWNSYDSHIPLLFMGWGIKQGESNQPYHMTDIAPTVSSLLKIQFPSGAVGKPITEVIGRIEGRSAWSHPQFEK,1596580.754809172,336364.82611702353,10.079055462314402
K40V,MDIGIDSDPQKTNAVPRPKLVVGLVVDQMRWDYLYRYYSVYGEGGFKRMLNTGYSLNNVHIDYVPTVTAIGHTSIFTGSVPSIHGIAGNDWYDKELGKSVYCTSDETVQPVGTTSNSVGQHSPRNLWSTTVTDQLGLATNFTSKVVGVSLKDRASILPAGHNPTGAFWFDDTTGKFITSTYYTKELPKWVNDFNNKNVPAQLVANGWNTLLPINQYTESSEDNVEWEGLLGSKKTPTFPYTDLAKDYEAKKGLIRTTPFGNTLTLQMADAAIDGNQMGVDDITDFLTVNLASTDYVGHNFGPNSIEVEDTYLRLDRDLADFFNNLDKKVGKGNYLVFLSADHGAAHSVGFMQAHKMPTGFFVEDMKKEMNAKLKQKFGADNIIAAAMNYQVYFDRKVLADSKLELDDVRDYVMTELKKEPSVLYVLSTDEIWESSIPEPIKSRVINGYNWKRSGDIQIISKDGYLSAYSKKGTTHSVWNSYDSHIPLLFMGWGIKQGESNQPYHMTDIAPTVSSLLKIQFPSGAVGKPITEVIGRIEGRSAWSHPQFEK,702331.7812285603,160649.95720175572,10.813038095229867
V203A,MDIGIDSDPQKTNAVPRPKLVVGLVVDQMRWDYLYRYYSKYGEGGFKRMLNTGYSLNNVHIDYVPTVTAIGHTSIFTGSVPSIHGIAGNDWYDKELGKSVYCTSDETVQPVGTTSNSVGQHSPRNLWSTTVTDQLGLATNFTSKVVGVSLKDRASILPAGHNPTGAFWFDDTTGKFITSTYYTKELPKWVNDFNNKNVPAQLAANGWNTLLPINQYTESSEDNVEWEGLLGSKKTPTFPYTDLAKDYEAKKGLIRTTPFGNTLTLQMADAAIDGNQMGVDDITDFLTVNLASTDYVGHNFGPNSIEVEDTYLRLDRDLADFFNNLDKKVGKGNYLVFLSADHGAAHSVGFMQAHKMPTGFFVEDMKKEMNAKLKQKFGADNIIAAAMNYQVYFDRKVLADSKLELDDVRDYVMTELKKEPSVLYVLSTDEIWESSIPEPIKSRVINGYNWKRSGDIQIISKDGYLSAYSKKGTTHSVWNSYDSHIPLLFMGWGIKQGESNQPYHMTDIAPTVSSLLKIQFPSGAVGKPITEVIGRIEGRSAWSHPQFEK,1310289.8286086835,421175.5896845218,11.16371518439525
G228A,MDIGIDSDPQKTNAVPRPKLVVGLVVDQMRWDYLYRYYSKYGEGGFKRMLNTGYSLNNVHIDYVPTVTAIGHTSIFTGSVPSIHGIAGNDWYDKELGKSVYCTSDETVQPVGTTSNSVGQHSPRNLWSTTVTDQLGLATNFTSKVVGVSLKDRASILPAGHNPTGAFWFDDTTGKFITSTYYTKELPKWVNDFNNKNVPAQLVANGWNTLLPINQYTESSEDNVEWEALLGSKKTPTFPYTDLAKDYEAKKGLIRTTPFGNTLTLQMADAAIDGNQMGVDDITDFLTVNLASTDYVGHNFGPNSIEVEDTYLRLDRDLADFFNNLDKKVGKGNYLVFLSADHGAAHSVGFMQAHKMPTGFFVEDMKKEMNAKLKQKFGADNIIAAAMNYQVYFDRKVLADSKLELDDVRDYVMTELKKEPSVLYVLSTDEIWESSIPEPIKSRVINGYNWKRSGDIQIISKDGYLSAYSKKGTTHSVWNSYDSHIPLLFMGWGIKQGESNQPYHMTDIAPTVSSLLKIQFPSGAVGKPITEVIGRIEGRSAWSHPQFEK,1289339.079342611,276666.74750044337,9.331999474976238
G526A,MDIGIDSDPQKTNAVPRPKLVVGLVVDQMRWDYLYRYYSKYGEGGFKRMLNTGYSLNNVHIDYVPTVTAIGHTSIFTGSVPSIHGIAGNDWYDKELGKSVYCTSDETVQPVGTTSNSVGQHSPRNLWSTTVTDQLGLATNFTSKVVGVSLKDRASILPAGHNPTGAFWFDDTTGKFITSTYYTKELPKWVNDFNNKNVPAQLVANGWNTLLPINQYTESSEDNVEWEGLLGSKKTPTFPYTDLAKDYEAKKGLIRTTPFGNTLTLQMADAAIDGNQMGVDDITDFLTVNLASTDYVGHNFGPNSIEVEDTYLRLDRDLADFFNNLDKKVGKGNYLVFLSADHGAAHSVGFMQAHKMPTGFFVEDMKKEMNAKLKQKFGADNIIAAAMNYQVYFDRKVLADSKLELDDVRDYVMTELKKEPSVLYVLSTDEIWESSIPEPIKSRVINGYNWKRSGDIQIISKDGYLSAYSKKGTTHSVWNSYDSHIPLLFMGWGIKQGESNQPYHMTDIAPTVSSLLKIQFPSGAVAKPITEVIGRIEGRSAWSHPQFEK,1263009.1723371872,239499.9645622828,10.183391700866997
Q496G,MDIGIDSDPQKTNAVPRPKLVVGLVVDQMRWDYLYRYYSKYGEGGFKRMLNTGYSLNNVHIDYVPTVTAIGHTSIFTGSVPSIHGIAGNDWYDKELGKSVYCTSDETVQPVGTTSNSVGQHSPRNLWSTTVTDQLGLATNFTSKVVGVSLKDRASILPAGHNPTGAFWFDDTTGKFITSTYYTKELPKWVNDFNNKNVPAQLVANGWNTLLPINQYTESSEDNVEWEGLLGSKKTPTFPYTDLAKDYEAKKGLIRTTPFGNTLTLQMADAAIDGNQMGVDDITDFLTVNLASTDYVGHNFGPNSIEVEDTYLRLDRDLADFFNNLDKKVGKGNYLVFLSADHGAAHSVGFMQAHKMPTGFFVEDMKKEMNAKLKQKFGADNIIAAAMNYQVYFDRKVLADSKLELDDVRDYVMTELKKEPSVLYVLSTDEIWESSIPEPIKSRVINGYNWKRSGDIQIISKDGYLSAYSKKGTTHSVWNSYDSHIPLLFMGWGIKGGESNQPYHMTDIAPTVSSLLKIQFPSGAVGKPITEVIGRIEGRSAWSHPQFEK,736876.1485232254,157648.7484723487,5.0404748932258165
F167G,MDIGIDSDPQKTNAVPRPKLVVGLVVDQMRWDYLYRYYSKYGEGGFKRMLNTGYSLNNVHIDYVPTVTAIGHTSIFTGSVPSIHGIAGNDWYDKELGKSVYCTSDETVQPVGTTSNSVGQHSPRNLWSTTVTDQLGLATNFTSKVVGVSLKDRASILPAGHNPTGAGWFDDTTGKFITSTYYTKELPKWVNDFNNKNVPAQLVANGWNTLLPINQYTESSEDNVEWEGLLGSKKTPTFPYTDLAKDYEAKKGLIRTTPFGNTLTLQMADAAIDGNQMGVDDITDFLTVNLASTDYVGHNFGPNSIEVEDTYLRLDRDLADFFNNLDKKVGKGNYLVFLSADHGAAHSVGFMQAHKMPTGFFVEDMKKEMNAKLKQKFGADNIIAAAMNYQVYFDRKVLADSKLELDDVRDYVMTELKKEPSVLYVLSTDEIWESSIPEPIKSRVINGYNWKRSGDIQIISKDGYLSAYSKKGTTHSVWNSYDSHIPLLFMGWGIKQGESNQPYHMTDIAPTVSSLLKIQFPSGAVGKPITEVIGRIEGRSAWSHPQFEK,795917.0414701379,252071.82214537688,10.607443697195452
M369V,MDIGIDSDPQKTNAVPRPKLVVGLVVDQMRWDYLYRYYSKYGEGGFKRMLNTGYSLNNVHIDYVPTVTAIGHTSIFTGSVPSIHGIAGNDWYDKELGKSVYCTSDETVQPVGTTSNSVGQHSPRNLWSTTVTDQLGLATNFTSKVVGVSLKDRASILPAGHNPTGAFWFDDTTGKFITSTYYTKELPKWVNDFNNKNVPAQLVANGWNTLLPINQYTESSEDNVEWEGLLGSKKTPTFPYTDLAKDYEAKKGLIRTTPFGNTLTLQMADAAIDGNQMGVDDITDFLTVNLASTDYVGHNFGPNSIEVEDTYLRLDRDLADFFNNLDKKVGKGNYLVFLSADHGAAHSVGFMQAHKMPTGFFVEDMKKEVNAKLKQKFGADNIIAAAMNYQVYFDRKVLADSKLELDDVRDYVMTELKKEPSVLYVLSTDEIWESSIPEPIKSRVINGYNWKRSGDIQIISKDGYLSAYSKKGTTHSVWNSYDSHIPLLFMGWGIKQGESNQPYHMTDIAPTVSSLLKIQFPSGAVGKPITEVIGRIEGRSAWSHPQFEK,1156067.3570048492,361201.77667043626,9.922396086150814
N205G,MDIGIDSDPQKTNAVPRPKLVVGLVVDQMRWDYLYRYYSKYGEGGFKRMLNTGYSLNNVHIDYVPTVTAIGHTSIFTGSVPSIHGIAGNDWYDKELGKSVYCTSDETVQPVGTTSNSVGQHSPRNLWSTTVTDQLGLATNFTSKVVGVSLKDRASILPAGHNPTGAFWFDDTTGKFITSTYYTKELPKWVNDFNNKNVPAQLVAGGWNTLLPINQYTESSEDNVEWEGLLGSKKTPTFPYTDLAKDYEAKKGLIRTTPFGNTLTLQMADAAIDGNQMGVDDITDFLTVNLASTDYVGHNFGPNSIEVEDTYLRLDRDLADFFNNLDKKVGKGNYLVFLSADHGAAHSVGFMQAHKMPTGFFVEDMKKEMNAKLKQKFGADNIIAAAMNYQVYFDRKVLADSKLELDDVRDYVMTELKKEPSVLYVLSTDEIWESSIPEPIKSRVINGYNWKRSGDIQIISKDGYLSAYSKKGTTHSVWNSYDSHIPLLFMGWGIKQGESNQPYHMTDIAPTVSSLLKIQFPSGAVGKPITEVIGRIEGRSAWSHPQFEK,1133652.89019526,333675.2816888777,10.627023024411736
S39V,MDIGIDSDPQKTNAVPRPKLVVGLVVDQMRWDYLYRYYVKYGEGGFKRMLNTGYSLNNVHIDYVPTVTAIGHTSIFTGSVPSIHGIAGNDWYDKELGKSVYCTSDETVQPVGTTSNSVGQHSPRNLWSTTVTDQLGLATNFTSKVVGVSLKDRASILPAGHNPTGAFWFDDTTGKFITSTYYTKELPKWVNDFNNKNVPAQLVANGWNTLLPINQYTESSEDNVEWEGLLGSKKTPTFPYTDLAKDYEAKKGLIRTTPFGNTLTLQMADAAIDGNQMGVDDITDFLTVNLASTDYVGHNFGPNSIEVEDTYLRLDRDLADFFNNLDKKVGKGNYLVFLSADHGAAHSVGFMQAHKMPTGFFVEDMKKEMNAKLKQKFGADNIIAAAMNYQVYFDRKVLADSKLELDDVRDYVMTELKKEPSVLYVLSTDEIWESSIPEPIKSRVINGYNWKRSGDIQIISKDGYLSAYSKKGTTHSVWNSYDSHIPLLFMGWGIKQGESNQPYHMTDIAPTVSSLLKIQFPSGAVGKPITEVIGRIEGRSAWSHPQFEK,1066973.761980284,377275.69890504,10.44149809889493
Y311V,MDIGIDSDPQKTNAVPRPKLVVGLVVDQMRWDYLYRYYSKYGEGGFKRMLNTGYSLNNVHIDYVPTVTAIGHTSIFTGSVPSIHGIAGNDWYDKELGKSVYCTSDETVQPVGTTSNSVGQHSPRNLWSTTVTDQLGLATNFTSKVVGVSLKDRASILPAGHNPTGAFWFDDTTGKFITSTYYTKELPKWVNDFNNKNVPAQLVANGWNTLLPINQYTESSEDNVEWEGLLGSKKTPTFPYTDLAKDYEAKKGLIRTTPFGNTLTLQMADAAIDGNQMGVDDITDFLTVNLASTDYVGHNFGPNSIEVEDTVLRLDRDLADFFNNLDKKVGKGNYLVFLSADHGAAHSVGFMQAHKMPTGFFVEDMKKEMNAKLKQKFGADNIIAAAMNYQVYFDRKVLADSKLELDDVRDYVMTELKKEPSVLYVLSTDEIWESSIPEPIKSRVINGYNWKRSGDIQIISKDGYLSAYSKKGTTHSVWNSYDSHIPLLFMGWGIKQGESNQPYHMTDIAPTVSSLLKIQFPSGAVGKPITEVIGRIEGRSAWSHPQFEK,945485.5725874552,132852.70317649646,8.9869985327412
T180G,MDIGIDSDPQKTNAVPRPKLVVGLVVDQMRWDYLYRYYSKYGEGGFKRMLNTGYSLNNVHIDYVPTVTAIGHTSIFTGSVPSIHGIAGNDWYDKELGKSVYCTSDETVQPVGTTSNSVGQHSPRNLWSTTVTDQLGLATNFTSKVVGVSLKDRASILPAGHNPTGAFWFDDTTGKFITSGYYTKELPKWVNDFNNKNVPAQLVANGWNTLLPINQYTESSEDNVEWEGLLGSKKTPTFPYTDLAKDYEAKKGLIRTTPFGNTLTLQMADAAIDGNQMGVDDITDFLTVNLASTDYVGHNFGPNSIEVEDTYLRLDRDLADFFNNLDKKVGKGNYLVFLSADHGAAHSVGFMQAHKMPTGFFVEDMKKEMNAKLKQKFGADNIIAAAMNYQVYFDRKVLADSKLELDDVRDYVMTELKKEPSVLYVLSTDEIWESSIPEPIKSRVINGYNWKRSGDIQIISKDGYLSAYSKKGTTHSVWNSYDSHIPLLFMGWGIKQGESNQPYHMTDIAPTVSSLLKIQFPSGAVGKPITEVIGRIEGRSAWSHPQFEK,1270787.4506686337,139959.20369455538,11.020639810886648
D273G,MDIGIDSDPQKTNAVPRPKLVVGLVVDQMRWDYLYRYYSKYGEGGFKRMLNTGYSLNNVHIDYVPTVTAIGHTSIFTGSVPSIHGIAGNDWYDKELGKSVYCTSDETVQPVGTTSNSVGQHSPRNLWSTTVTDQLGLATNFTSKVVGVSLKDRASILPAGHNPTGAFWFDDTTGKFITSTYYTKELPKWVNDFNNKNVPAQLVANGWNTLLPINQYTESSEDNVEWEGLLGSKKTPTFPYTDLAKDYEAKKGLIRTTPFGNTLTLQMADAAIGGNQMGVDDITDFLTVNLASTDYVGHNFGPNSIEVEDTYLRLDRDLADFFNNLDKKVGKGNYLVFLSADHGAAHSVGFMQAHKMPTGFFVEDMKKEMNAKLKQKFGADNIIAAAMNYQVYFDRKVLADSKLELDDVRDYVMTELKKEPSVLYVLSTDEIWESSIPEPIKSRVINGYNWKRSGDIQIISKDGYLSAYSKKGTTHSVWNSYDSHIPLLFMGWGIKQGESNQPYHMTDIAPTVSSLLKIQFPSGAVGKPITEVIGRIEGRSAWSHPQFEK,324423.7629976676,158834.1283150609,1.1486802821664988
G343V,MDIGIDSDPQKTNAVPRPKLVVGLVVDQMRWDYLYRYYSKYGEGGFKRMLNTGYSLNNVHIDYVPTVTAIGHTSIFTGSVPSIHGIAGNDWYDKELGKSVYCTSDETVQPVGTTSNSVGQHSPRNLWSTTVTDQLGLATNFTSKVVGVSLKDRASILPAGHNPTGAFWFDDTTGKFITSTYYTKELPKWVNDFNNKNVPAQLVANGWNTLLPINQYTESSEDNVEWEGLLGSKKTPTFPYTDLAKDYEAKKGLIRTTPFGNTLTLQMADAAIDGNQMGVDDITDFLTVNLASTDYVGHNFGPNSIEVEDTYLRLDRDLADFFNNLDKKVGKGNYLVFLSADHVAAHSVGFMQAHKMPTGFFVEDMKKEMNAKLKQKFGADNIIAAAMNYQVYFDRKVLADSKLELDDVRDYVMTELKKEPSVLYVLSTDEIWESSIPEPIKSRVINGYNWKRSGDIQIISKDGYLSAYSKKGTTHSVWNSYDSHIPLLFMGWGIKQGESNQPYHMTDIAPTVSSLLKIQFPSGAVGKPITEVIGRIEGRSAWSHPQFEK,1114289.041506274,293723.9806752901,6.998413459556584
D93V,MDIGIDSDPQKTNAVPRPKLVVGLVVDQMRWDYLYRYYSKYGEGGFKRMLNTGYSLNNVHIDYVPTVTAIGHTSIFTGSVPSIHGIAGNDWYVKELGKSVYCTSDETVQPVGTTSNSVGQHSPRNLWSTTVTDQLGLATNFTSKVVGVSLKDRASILPAGHNPTGAFWFDDTTGKFITSTYYTKELPKWVNDFNNKNVPAQLVANGWNTLLPINQYTESSEDNVEWEGLLGSKKTPTFPYTDLAKDYEAKKGLIRTTPFGNTLTLQMADAAIDGNQMGVDDITDFLTVNLASTDYVGHNFGPNSIEVEDTYLRLDRDLADFFNNLDKKVGKGNYLVFLSADHGAAHSVGFMQAHKMPTGFFVEDMKKEMNAKLKQKFGADNIIAAAMNYQVYFDRKVLADSKLELDDVRDYVMTELKKEPSVLYVLSTDEIWESSIPEPIKSRVINGYNWKRSGDIQIISKDGYLSAYSKKGTTHSVWNSYDSHIPLLFMGWGIKQGESNQPYHMTDIAPTVSSLLKIQFPSGAVGKPITEVIGRIEGRSAWSHPQFEK,725570.4318344593,67886.32101273577,12.287538308002269
L150G,MDIGIDSDPQKTNAVPRPKLVVGLVVDQMRWDYLYRYYSKYGEGGFKRMLNTGYSLNNVHIDYVPTVTAIGHTSIFTGSVPSIHGIAGNDWYDKELGKSVYCTSDETVQPVGTTSNSVGQHSPRNLWSTTVTDQLGLATNFTSKVVGVSGKDRASILPAGHNPTGAFWFDDTTGKFITSTYYTKELPKWVNDFNNKNVPAQLVANGWNTLLPINQYTESSEDNVEWEGLLGSKKTPTFPYTDLAKDYEAKKGLIRTTPFGNTLTLQMADAAIDGNQMGVDDITDFLTVNLASTDYVGHNFGPNSIEVEDTYLRLDRDLADFFNNLDKKVGKGNYLVFLSADHGAAHSVGFMQAHKMPTGFFVEDMKKEMNAKLKQKFGADNIIAAAMNYQVYFDRKVLADSKLELDDVRDYVMTELKKEPSVLYVLSTDEIWESSIPEPIKSRVINGYNWKRSGDIQIISKDGYLSAYSKKGTTHSVWNSYDSHIPLLFMGWGIKQGESNQPYHMTDIAPTVSSLLKIQFPSGAVGKPITEVIGRIEGRSAWSHPQFEK,463594.0106358005,71428.25500135776,12.315576474526608
K144G,MDIGIDSDPQKTNAVPRPKLVVGLVVDQMRWDYLYRYYSKYGEGGFKRMLNTGYSLNNVHIDYVPTVTAIGHTSIFTGSVPSIHGIAGNDWYDKELGKSVYCTSDETVQPVGTTSNSVGQHSPRNLWSTTVTDQLGLATNFTSGVVGVSLKDRASILPAGHNPTGAFWFDDTTGKFITSTYYTKELPKWVNDFNNKNVPAQLVANGWNTLLPINQYTESSEDNVEWEGLLGSKKTPTFPYTDLAKDYEAKKGLIRTTPFGNTLTLQMADAAIDGNQMGVDDITDFLTVNLASTDYVGHNFGPNSIEVEDTYLRLDRDLADFFNNLDKKVGKGNYLVFLSADHGAAHSVGFMQAHKMPTGFFVEDMKKEMNAKLKQKFGADNIIAAAMNYQVYFDRKVLADSKLELDDVRDYVMTELKKEPSVLYVLSTDEIWESSIPEPIKSRVINGYNWKRSGDIQIISKDGYLSAYSKKGTTHSVWNSYDSHIPLLFMGWGIKQGESNQPYHMTDIAPTVSSLLKIQFPSGAVGKPITEVIGRIEGRSAWSHPQFEK,713120.7393020473,121396.56876421002,10.99739354652636
T142V,MDIGIDSDPQKTNAVPRPKLVVGLVVDQMRWDYLYRYYSKYGEGGFKRMLNTGYSLNNVHIDYVPTVTAIGHTSIFTGSVPSIHGIAGNDWYDKELGKSVYCTSDETVQPVGTTSNSVGQHSPRNLWSTTVTDQLGLATNFVSKVVGVSLKDRASILPAGHNPTGAFWFDDTTGKFITSTYYTKELPKWVNDFNNKNVPAQLVANGWNTLLPINQYTESSEDNVEWEGLLGSKKTPTFPYTDLAKDYEAKKGLIRTTPFGNTLTLQMADAAIDGNQMGVDDITDFLTVNLASTDYVGHNFGPNSIEVEDTYLRLDRDLADFFNNLDKKVGKGNYLVFLSADHGAAHSVGFMQAHKMPTGFFVEDMKKEMNAKLKQKFGADNIIAAAMNYQVYFDRKVLADSKLELDDVRDYVMTELKKEPSVLYVLSTDEIWESSIPEPIKSRVINGYNWKRSGDIQIISKDGYLSAYSKKGTTHSVWNSYDSHIPLLFMGWGIKQGESNQPYHMTDIAPTVSSLLKIQFPSGAVGKPITEVIGRIEGRSAWSHPQFEK,2319707.169037762,553420.2136698978,10.719370015476892
R255V,MDIGIDSDPQKTNAVPRPKLVVGLVVDQMRWDYLYRYYSKYGEGGFKRMLNTGYSLNNVHIDYVPTVTAIGHTSIFTGSVPSIHGIAGNDWYDKELGKSVYCTSDETVQPVGTTSNSVGQHSPRNLWSTTVTDQLGLATNFTSKVVGVSLKDRASILPAGHNPTGAFWFDDTTGKFITSTYYTKELPKWVNDFNNKNVPAQLVANGWNTLLPINQYTESSEDNVEWEGLLGSKKTPTFPYTDLAKDYEAKKGLIVTTPFGNTLTLQMADAAIDGNQMGVDDITDFLTVNLASTDYVGHNFGPNSIEVEDTYLRLDRDLADFFNNLDKKVGKGNYLVFLSADHGAAHSVGFMQAHKMPTGFFVEDMKKEMNAKLKQKFGADNIIAAAMNYQVYFDRKVLADSKLELDDVRDYVMTELKKEPSVLYVLSTDEIWESSIPEPIKSRVINGYNWKRSGDIQIISKDGYLSAYSKKGTTHSVWNSYDSHIPLLFMGWGIKQGESNQPYHMTDIAPTVSSLLKIQFPSGAVGKPITEVIGRIEGRSAWSHPQFEK,1499272.461474325,143489.2823778379,15.013357296508692
S117G,MDIGIDSDPQKTNAVPRPKLVVGLVVDQMRWDYLYRYYSKYGEGGFKRMLNTGYSLNNVHIDYVPTVTAIGHTSIFTGSVPSIHGIAGNDWYDKELGKSVYCTSDETVQPVGTTSNGVGQHSPRNLWSTTVTDQLGLATNFTSKVVGVSLKDRASILPAGHNPTGAFWFDDTTGKFITSTYYTKELPKWVNDFNNKNVPAQLVANGWNTLLPINQYTESSEDNVEWEGLLGSKKTPTFPYTDLAKDYEAKKGLIRTTPFGNTLTLQMADAAIDGNQMGVDDITDFLTVNLASTDYVGHNFGPNSIEVEDTYLRLDRDLADFFNNLDKKVGKGNYLVFLSADHGAAHSVGFMQAHKMPTGFFVEDMKKEMNAKLKQKFGADNIIAAAMNYQVYFDRKVLADSKLELDDVRDYVMTELKKEPSVLYVLSTDEIWESSIPEPIKSRVINGYNWKRSGDIQIISKDGYLSAYSKKGTTHSVWNSYDSHIPLLFMGWGIKQGESNQPYHMTDIAPTVSSLLKIQFPSGAVGKPITEVIGRIEGRSAWSHPQFEK,1082037.6512403323,233175.10660664452,8.600774584446517
G359A,MDIGIDSDPQKTNAVPRPKLVVGLVVDQMRWDYLYRYYSKYGEGGFKRMLNTGYSLNNVHIDYVPTVTAIGHTSIFTGSVPSIHGIAGNDWYDKELGKSVYCTSDETVQPVGTTSNSVGQHSPRNLWSTTVTDQLGLATNFTSKVVGVSLKDRASILPAGHNPTGAFWFDDTTGKFITSTYYTKELPKWVNDFNNKNVPAQLVANGWNTLLPINQYTESSEDNVEWEGLLGSKKTPTFPYTDLAKDYEAKKGLIRTTPFGNTLTLQMADAAIDGNQMGVDDITDFLTVNLASTDYVGHNFGPNSIEVEDTYLRLDRDLADFFNNLDKKVGKGNYLVFLSADHGAAHSVGFMQAHKMPTAFFVEDMKKEMNAKLKQKFGADNIIAAAMNYQVYFDRKVLADSKLELDDVRDYVMTELKKEPSVLYVLSTDEIWESSIPEPIKSRVINGYNWKRSGDIQIISKDGYLSAYSKKGTTHSVWNSYDSHIPLLFMGWGIKQGESNQPYHMTDIAPTVSSLLKIQFPSGAVGKPITEVIGRIEGRSAWSHPQFEK,1179858.2410481889,295574.3850907209,11.184215198482692
K11G,MDIGIDSDPQGTNAVPRPKLVVGLVVDQMRWDYLYRYYSKYGEGGFKRMLNTGYSLNNVHIDYVPTVTAIGHTSIFTGSVPSIHGIAGNDWYDKELGKSVYCTSDETVQPVGTTSNSVGQHSPRNLWSTTVTDQLGLATNFTSKVVGVSLKDRASILPAGHNPTGAFWFDDTTGKFITSTYYTKELPKWVNDFNNKNVPAQLVANGWNTLLPINQYTESSEDNVEWEGLLGSKKTPTFPYTDLAKDYEAKKGLIRTTPFGNTLTLQMADAAIDGNQMGVDDITDFLTVNLASTDYVGHNFGPNSIEVEDTYLRLDRDLADFFNNLDKKVGKGNYLVFLSADHGAAHSVGFMQAHKMPTGFFVEDMKKEMNAKLKQKFGADNIIAAAMNYQVYFDRKVLADSKLELDDVRDYVMTELKKEPSVLYVLSTDEIWESSIPEPIKSRVINGYNWKRSGDIQIISKDGYLSAYSKKGTTHSVWNSYDSHIPLLFMGWGIKQGESNQPYHMTDIAPTVSSLLKIQFPSGAVGKPITEVIGRIEGRSAWSHPQFEK,918640.7669455732,312228.8297294836,12.065845286312229
I383V,MDIGIDSDPQKTNAVPRPKLVVGLVVDQMRWDYLYRYYSKYGEGGFKRMLNTGYSLNNVHIDYVPTVTAIGHTSIFTGSVPSIHGIAGNDWYDKELGKSVYCTSDETVQPVGTTSNSVGQHSPRNLWSTTVTDQLGLATNFTSKVVGVSLKDRASILPAGHNPTGAFWFDDTTGKFITSTYYTKELPKWVNDFNNKNVPAQLVANGWNTLLPINQYTESSEDNVEWEGLLGSKKTPTFPYTDLAKDYEAKKGLIRTTPFGNTLTLQMADAAIDGNQMGVDDITDFLTVNLASTDYVGHNFGPNSIEVEDTYLRLDRDLADFFNNLDKKVGKGNYLVFLSADHGAAHSVGFMQAHKMPTGFFVEDMKKEMNAKLKQKFGADNIVAAAMNYQVYFDRKVLADSKLELDDVRDYVMTELKKEPSVLYVLSTDEIWESSIPEPIKSRVINGYNWKRSGDIQIISKDGYLSAYSKKGTTHSVWNSYDSHIPLLFMGWGIKQGESNQPYHMTDIAPTVSSLLKIQFPSGAVGKPITEVIGRIEGRSAWSHPQFEK,1332172.060031884,230879.7800066009,12.763528602219454
M49G,MDIGIDSDPQKTNAVPRPKLVVGLVVDQMRWDYLYRYYSKYGEGGFKRGLNTGYSLNNVHIDYVPTVTAIGHTSIFTGSVPSIHGIAGNDWYDKELGKSVYCTSDETVQPVGTTSNSVGQHSPRNLWSTTVTDQLGLATNFTSKVVGVSLKDRASILPAGHNPTGAFWFDDTTGKFITSTYYTKELPKWVNDFNNKNVPAQLVANGWNTLLPINQYTESSEDNVEWEGLLGSKKTPTFPYTDLAKDYEAKKGLIRTTPFGNTLTLQMADAAIDGNQMGVDDITDFLTVNLASTDYVGHNFGPNSIEVEDTYLRLDRDLADFFNNLDKKVGKGNYLVFLSADHGAAHSVGFMQAHKMPTGFFVEDMKKEMNAKLKQKFGADNIIAAAMNYQVYFDRKVLADSKLELDDVRDYVMTELKKEPSVLYVLSTDEIWESSIPEPIKSRVINGYNWKRSGDIQIISKDGYLSAYSKKGTTHSVWNSYDSHIPLLFMGWGIKQGESNQPYHMTDIAPTVSSLLKIQFPSGAVGKPITEVIGRIEGRSAWSHPQFEK,1482077.3771176315,257975.699930396,12.155778835589071
L150V,MDIGIDSDPQKTNAVPRPKLVVGLVVDQMRWDYLYRYYSKYGEGGFKRMLNTGYSLNNVHIDYVPTVTAIGHTSIFTGSVPSIHGIAGNDWYDKELGKSVYCTSDETVQPVGTTSNSVGQHSPRNLWSTTVTDQLGLATNFTSKVVGVSVKDRASILPAGHNPTGAFWFDDTTGKFITSTYYTKELPKWVNDFNNKNVPAQLVANGWNTLLPINQYTESSEDNVEWEGLLGSKKTPTFPYTDLAKDYEAKKGLIRTTPFGNTLTLQMADAAIDGNQMGVDDITDFLTVNLASTDYVGHNFGPNSIEVEDTYLRLDRDLADFFNNLDKKVGKGNYLVFLSADHGAAHSVGFMQAHKMPTGFFVEDMKKEMNAKLKQKFGADNIIAAAMNYQVYFDRKVLADSKLELDDVRDYVMTELKKEPSVLYVLSTDEIWESSIPEPIKSRVINGYNWKRSGDIQIISKDGYLSAYSKKGTTHSVWNSYDSHIPLLFMGWGIKQGESNQPYHMTDIAPTVSSLLKIQFPSGAVGKPITEVIGRIEGRSAWSHPQFEK,1687126.0240688135,251602.30000795232,13.664838975382247
G343A,MDIGIDSDPQKTNAVPRPKLVVGLVVDQMRWDYLYRYYSKYGEGGFKRMLNTGYSLNNVHIDYVPTVTAIGHTSIFTGSVPSIHGIAGNDWYDKELGKSVYCTSDETVQPVGTTSNSVGQHSPRNLWSTTVTDQLGLATNFTSKVVGVSLKDRASILPAGHNPTGAFWFDDTTGKFITSTYYTKELPKWVNDFNNKNVPAQLVANGWNTLLPINQYTESSEDNVEWEGLLGSKKTPTFPYTDLAKDYEAKKGLIRTTPFGNTLTLQMADAAIDGNQMGVDDITDFLTVNLASTDYVGHNFGPNSIEVEDTYLRLDRDLADFFNNLDKKVGKGNYLVFLSADHAAAHSVGFMQAHKMPTGFFVEDMKKEMNAKLKQKFGADNIIAAAMNYQVYFDRKVLADSKLELDDVRDYVMTELKKEPSVLYVLSTDEIWESSIPEPIKSRVINGYNWKRSGDIQIISKDGYLSAYSKKGTTHSVWNSYDSHIPLLFMGWGIKQGESNQPYHMTDIAPTVSSLLKIQFPSGAVGKPITEVIGRIEGRSAWSHPQFEK,913913.1322270384,347852.53606386256,7.41923201143697
T130G,MDIGIDSDPQKTNAVPRPKLVVGLVVDQMRWDYLYRYYSKYGEGGFKRMLNTGYSLNNVHIDYVPTVTAIGHTSIFTGSVPSIHGIAGNDWYDKELGKSVYCTSDETVQPVGTTSNSVGQHSPRNLWSTGVTDQLGLATNFTSKVVGVSLKDRASILPAGHNPTGAFWFDDTTGKFITSTYYTKELPKWVNDFNNKNVPAQLVANGWNTLLPINQYTESSEDNVEWEGLLGSKKTPTFPYTDLAKDYEAKKGLIRTTPFGNTLTLQMADAAIDGNQMGVDDITDFLTVNLASTDYVGHNFGPNSIEVEDTYLRLDRDLADFFNNLDKKVGKGNYLVFLSADHGAAHSVGFMQAHKMPTGFFVEDMKKEMNAKLKQKFGADNIIAAAMNYQVYFDRKVLADSKLELDDVRDYVMTELKKEPSVLYVLSTDEIWESSIPEPIKSRVINGYNWKRSGDIQIISKDGYLSAYSKKGTTHSVWNSYDSHIPLLFMGWGIKQGESNQPYHMTDIAPTVSSLLKIQFPSGAVGKPITEVIGRIEGRSAWSHPQFEK,1430629.378921926,92954.3879856548,2.045280726019019
N299V,MDIGIDSDPQKTNAVPRPKLVVGLVVDQMRWDYLYRYYSKYGEGGFKRMLNTGYSLNNVHIDYVPTVTAIGHTSIFTGSVPSIHGIAGNDWYDKELGKSVYCTSDETVQPVGTTSNSVGQHSPRNLWSTTVTDQLGLATNFTSKVVGVSLKDRASILPAGHNPTGAFWFDDTTGKFITSTYYTKELPKWVNDFNNKNVPAQLVANGWNTLLPINQYTESSEDNVEWEGLLGSKKTPTFPYTDLAKDYEAKKGLIRTTPFGNTLTLQMADAAIDGNQMGVDDITDFLTVNLASTDYVGHVFGPNSIEVEDTYLRLDRDLADFFNNLDKKVGKGNYLVFLSADHGAAHSVGFMQAHKMPTGFFVEDMKKEMNAKLKQKFGADNIIAAAMNYQVYFDRKVLADSKLELDDVRDYVMTELKKEPSVLYVLSTDEIWESSIPEPIKSRVINGYNWKRSGDIQIISKDGYLSAYSKKGTTHSVWNSYDSHIPLLFMGWGIKQGESNQPYHMTDIAPTVSSLLKIQFPSGAVGKPITEVIGRIEGRSAWSHPQFEK,1380686.9063246625,371473.98295498337,10.969633601128246
A385V,MDIGIDSDPQKTNAVPRPKLVVGLVVDQMRWDYLYRYYSKYGEGGFKRMLNTGYSLNNVHIDYVPTVTAIGHTSIFTGSVPSIHGIAGNDWYDKELGKSVYCTSDETVQPVGTTSNSVGQHSPRNLWSTTVTDQLGLATNFTSKVVGVSLKDRASILPAGHNPTGAFWFDDTTGKFITSTYYTKELPKWVNDFNNKNVPAQLVANGWNTLLPINQYTESSEDNVEWEGLLGSKKTPTFPYTDLAKDYEAKKGLIRTTPFGNTLTLQMADAAIDGNQMGVDDITDFLTVNLASTDYVGHNFGPNSIEVEDTYLRLDRDLADFFNNLDKKVGKGNYLVFLSADHGAAHSVGFMQAHKMPTGFFVEDMKKEMNAKLKQKFGADNIIAVAMNYQVYFDRKVLADSKLELDDVRDYVMTELKKEPSVLYVLSTDEIWESSIPEPIKSRVINGYNWKRSGDIQIISKDGYLSAYSKKGTTHSVWNSYDSHIPLLFMGWGIKQGESNQPYHMTDIAPTVSSLLKIQFPSGAVGKPITEVIGRIEGRSAWSHPQFEK,271004.3049652181,106009.13874700593,11.349976248686067
V477G,MDIGIDSDPQKTNAVPRPKLVVGLVVDQMRWDYLYRYYSKYGEGGFKRMLNTGYSLNNVHIDYVPTVTAIGHTSIFTGSVPSIHGIAGNDWYDKELGKSVYCTSDETVQPVGTTSNSVGQHSPRNLWSTTVTDQLGLATNFTSKVVGVSLKDRASILPAGHNPTGAFWFDDTTGKFITSTYYTKELPKWVNDFNNKNVPAQLVANGWNTLLPINQYTESSEDNVEWEGLLGSKKTPTFPYTDLAKDYEAKKGLIRTTPFGNTLTLQMADAAIDGNQMGVDDITDFLTVNLASTDYVGHNFGPNSIEVEDTYLRLDRDLADFFNNLDKKVGKGNYLVFLSADHGAAHSVGFMQAHKMPTGFFVEDMKKEMNAKLKQKFGADNIIAAAMNYQVYFDRKVLADSKLELDDVRDYVMTELKKEPSVLYVLSTDEIWESSIPEPIKSRVINGYNWKRSGDIQIISKDGYLSAYSKKGTTHSGWNSYDSHIPLLFMGWGIKQGESNQPYHMTDIAPTVSSLLKIQFPSGAVGKPITEVIGRIEGRSAWSHPQFEK,1811460.5400656415,653725.9209992155,9.169102001445411
I254V,MDIGIDSDPQKTNAVPRPKLVVGLVVDQMRWDYLYRYYSKYGEGGFKRMLNTGYSLNNVHIDYVPTVTAIGHTSIFTGSVPSIHGIAGNDWYDKELGKSVYCTSDETVQPVGTTSNSVGQHSPRNLWSTTVTDQLGLATNFTSKVVGVSLKDRASILPAGHNPTGAFWFDDTTGKFITSTYYTKELPKWVNDFNNKNVPAQLVANGWNTLLPINQYTESSEDNVEWEGLLGSKKTPTFPYTDLAKDYEAKKGLVRTTPFGNTLTLQMADAAIDGNQMGVDDITDFLTVNLASTDYVGHNFGPNSIEVEDTYLRLDRDLADFFNNLDKKVGKGNYLVFLSADHGAAHSVGFMQAHKMPTGFFVEDMKKEMNAKLKQKFGADNIIAAAMNYQVYFDRKVLADSKLELDDVRDYVMTELKKEPSVLYVLSTDEIWESSIPEPIKSRVINGYNWKRSGDIQIISKDGYLSAYSKKGTTHSVWNSYDSHIPLLFMGWGIKQGESNQPYHMTDIAPTVSSLLKIQFPSGAVGKPITEVIGRIEGRSAWSHPQFEK,1258022.338353017,319652.03347829665,10.120561972875896
E430V,MDIGIDSDPQKTNAVPRPKLVVGLVVDQMRWDYLYRYYSKYGEGGFKRMLNTGYSLNNVHIDYVPTVTAIGHTSIFTGSVPSIHGIAGNDWYDKELGKSVYCTSDETVQPVGTTSNSVGQHSPRNLWSTTVTDQLGLATNFTSKVVGVSLKDRASILPAGHNPTGAFWFDDTTGKFITSTYYTKELPKWVNDFNNKNVPAQLVANGWNTLLPINQYTESSEDNVEWEGLLGSKKTPTFPYTDLAKDYEAKKGLIRTTPFGNTLTLQMADAAIDGNQMGVDDITDFLTVNLASTDYVGHNFGPNSIEVEDTYLRLDRDLADFFNNLDKKVGKGNYLVFLSADHGAAHSVGFMQAHKMPTGFFVEDMKKEMNAKLKQKFGADNIIAAAMNYQVYFDRKVLADSKLELDDVRDYVMTELKKEPSVLYVLSTDVIWESSIPEPIKSRVINGYNWKRSGDIQIISKDGYLSAYSKKGTTHSVWNSYDSHIPLLFMGWGIKQGESNQPYHMTDIAPTVSSLLKIQFPSGAVGKPITEVIGRIEGRSAWSHPQFEK,1279051.118820013,376844.450237183,8.985103236739901
V307A,MDIGIDSDPQKTNAVPRPKLVVGLVVDQMRWDYLYRYYSKYGEGGFKRMLNTGYSLNNVHIDYVPTVTAIGHTSIFTGSVPSIHGIAGNDWYDKELGKSVYCTSDETVQPVGTTSNSVGQHSPRNLWSTTVTDQLGLATNFTSKVVGVSLKDRASILPAGHNPTGAFWFDDTTGKFITSTYYTKELPKWVNDFNNKNVPAQLVANGWNTLLPINQYTESSEDNVEWEGLLGSKKTPTFPYTDLAKDYEAKKGLIRTTPFGNTLTLQMADAAIDGNQMGVDDITDFLTVNLASTDYVGHNFGPNSIEAEDTYLRLDRDLADFFNNLDKKVGKGNYLVFLSADHGAAHSVGFMQAHKMPTGFFVEDMKKEMNAKLKQKFGADNIIAAAMNYQVYFDRKVLADSKLELDDVRDYVMTELKKEPSVLYVLSTDEIWESSIPEPIKSRVINGYNWKRSGDIQIISKDGYLSAYSKKGTTHSVWNSYDSHIPLLFMGWGIKQGESNQPYHMTDIAPTVSSLLKIQFPSGAVGKPITEVIGRIEGRSAWSHPQFEK,1001617.4403165064,275978.0759823133,11.353025655750692
D320V,MDIGIDSDPQKTNAVPRPKLVVGLVVDQMRWDYLYRYYSKYGEGGFKRMLNTGYSLNNVHIDYVPTVTAIGHTSIFTGSVPSIHGIAGNDWYDKELGKSVYCTSDETVQPVGTTSNSVGQHSPRNLWSTTVTDQLGLATNFTSKVVGVSLKDRASILPAGHNPTGAFWFDDTTGKFITSTYYTKELPKWVNDFNNKNVPAQLVANGWNTLLPINQYTESSEDNVEWEGLLGSKKTPTFPYTDLAKDYEAKKGLIRTTPFGNTLTLQMADAAIDGNQMGVDDITDFLTVNLASTDYVGHNFGPNSIEVEDTYLRLDRDLAVFFNNLDKKVGKGNYLVFLSADHGAAHSVGFMQAHKMPTGFFVEDMKKEMNAKLKQKFGADNIIAAAMNYQVYFDRKVLADSKLELDDVRDYVMTELKKEPSVLYVLSTDEIWESSIPEPIKSRVINGYNWKRSGDIQIISKDGYLSAYSKKGTTHSVWNSYDSHIPLLFMGWGIKQGESNQPYHMTDIAPTVSSLLKIQFPSGAVGKPITEVIGRIEGRSAWSHPQFEK,705430.2672247945,216382.81134380944,8.197947290745173
M49V,MDIGIDSDPQKTNAVPRPKLVVGLVVDQMRWDYLYRYYSKYGEGGFKRVLNTGYSLNNVHIDYVPTVTAIGHTSIFTGSVPSIHGIAGNDWYDKELGKSVYCTSDETVQPVGTTSNSVGQHSPRNLWSTTVTDQLGLATNFTSKVVGVSLKDRASILPAGHNPTGAFWFDDTTGKFITSTYYTKELPKWVNDFNNKNVPAQLVANGWNTLLPINQYTESSEDNVEWEGLLGSKKTPTFPYTDLAKDYEAKKGLIRTTPFGNTLTLQMADAAIDGNQMGVDDITDFLTVNLASTDYVGHNFGPNSIEVEDTYLRLDRDLADFFNNLDKKVGKGNYLVFLSADHGAAHSVGFMQAHKMPTGFFVEDMKKEMNAKLKQKFGADNIIAAAMNYQVYFDRKVLADSKLELDDVRDYVMTELKKEPSVLYVLSTDEIWESSIPEPIKSRVINGYNWKRSGDIQIISKDGYLSAYSKKGTTHSVWNSYDSHIPLLFMGWGIKQGESNQPYHMTDIAPTVSSLLKIQFPSGAVGKPITEVIGRIEGRSAWSHPQFEK,864475.9176347556,205428.25893828296,9.64314937889046
P239G,MDIGIDSDPQKTNAVPRPKLVVGLVVDQMRWDYLYRYYSKYGEGGFKRMLNTGYSLNNVHIDYVPTVTAIGHTSIFTGSVPSIHGIAGNDWYDKELGKSVYCTSDETVQPVGTTSNSVGQHSPRNLWSTTVTDQLGLATNFTSKVVGVSLKDRASILPAGHNPTGAFWFDDTTGKFITSTYYTKELPKWVNDFNNKNVPAQLVANGWNTLLPINQYTESSEDNVEWEGLLGSKKTPTFGYTDLAKDYEAKKGLIRTTPFGNTLTLQMADAAIDGNQMGVDDITDFLTVNLASTDYVGHNFGPNSIEVEDTYLRLDRDLADFFNNLDKKVGKGNYLVFLSADHGAAHSVGFMQAHKMPTGFFVEDMKKEMNAKLKQKFGADNIIAAAMNYQVYFDRKVLADSKLELDDVRDYVMTELKKEPSVLYVLSTDEIWESSIPEPIKSRVINGYNWKRSGDIQIISKDGYLSAYSKKGTTHSVWNSYDSHIPLLFMGWGIKQGESNQPYHMTDIAPTVSSLLKIQFPSGAVGKPITEVIGRIEGRSAWSHPQFEK,1059432.8161316807,397464.5103652949,9.777301204318585
G97A,MDIGIDSDPQKTNAVPRPKLVVGLVVDQMRWDYLYRYYSKYGEGGFKRMLNTGYSLNNVHIDYVPTVTAIGHTSIFTGSVPSIHGIAGNDWYDKELAKSVYCTSDETVQPVGTTSNSVGQHSPRNLWSTTVTDQLGLATNFTSKVVGVSLKDRASILPAGHNPTGAFWFDDTTGKFITSTYYTKELPKWVNDFNNKNVPAQLVANGWNTLLPINQYTESSEDNVEWEGLLGSKKTPTFPYTDLAKDYEAKKGLIRTTPFGNTLTLQMADAAIDGNQMGVDDITDFLTVNLASTDYVGHNFGPNSIEVEDTYLRLDRDLADFFNNLDKKVGKGNYLVFLSADHGAAHSVGFMQAHKMPTGFFVEDMKKEMNAKLKQKFGADNIIAAAMNYQVYFDRKVLADSKLELDDVRDYVMTELKKEPSVLYVLSTDEIWESSIPEPIKSRVINGYNWKRSGDIQIISKDGYLSAYSKKGTTHSVWNSYDSHIPLLFMGWGIKQGESNQPYHMTDIAPTVSSLLKIQFPSGAVGKPITEVIGRIEGRSAWSHPQFEK,1072541.1137527395,182782.3674122692,11.967400465597477
T209V,MDIGIDSDPQKTNAVPRPKLVVGLVVDQMRWDYLYRYYSKYGEGGFKRMLNTGYSLNNVHIDYVPTVTAIGHTSIFTGSVPSIHGIAGNDWYDKELGKSVYCTSDETVQPVGTTSNSVGQHSPRNLWSTTVTDQLGLATNFTSKVVGVSLKDRASILPAGHNPTGAFWFDDTTGKFITSTYYTKELPKWVNDFNNKNVPAQLVANGWNVLLPINQYTESSEDNVEWEGLLGSKKTPTFPYTDLAKDYEAKKGLIRTTPFGNTLTLQMADAAIDGNQMGVDDITDFLTVNLASTDYVGHNFGPNSIEVEDTYLRLDRDLADFFNNLDKKVGKGNYLVFLSADHGAAHSVGFMQAHKMPTGFFVEDMKKEMNAKLKQKFGADNIIAAAMNYQVYFDRKVLADSKLELDDVRDYVMTELKKEPSVLYVLSTDEIWESSIPEPIKSRVINGYNWKRSGDIQIISKDGYLSAYSKKGTTHSVWNSYDSHIPLLFMGWGIKQGESNQPYHMTDIAPTVSSLLKIQFPSGAVGKPITEVIGRIEGRSAWSHPQFEK,1497985.774009203,404542.64383934665,10.939422692777454
F300V,MDIGIDSDPQKTNAVPRPKLVVGLVVDQMRWDYLYRYYSKYGEGGFKRMLNTGYSLNNVHIDYVPTVTAIGHTSIFTGSVPSIHGIAGNDWYDKELGKSVYCTSDETVQPVGTTSNSVGQHSPRNLWSTTVTDQLGLATNFTSKVVGVSLKDRASILPAGHNPTGAFWFDDTTGKFITSTYYTKELPKWVNDFNNKNVPAQLVANGWNTLLPINQYTESSEDNVEWEGLLGSKKTPTFPYTDLAKDYEAKKGLIRTTPFGNTLTLQMADAAIDGNQMGVDDITDFLTVNLASTDYVGHNVGPNSIEVEDTYLRLDRDLADFFNNLDKKVGKGNYLVFLSADHGAAHSVGFMQAHKMPTGFFVEDMKKEMNAKLKQKFGADNIIAAAMNYQVYFDRKVLADSKLELDDVRDYVMTELKKEPSVLYVLSTDEIWESSIPEPIKSRVINGYNWKRSGDIQIISKDGYLSAYSKKGTTHSVWNSYDSHIPLLFMGWGIKQGESNQPYHMTDIAPTVSSLLKIQFPSGAVGKPITEVIGRIEGRSAWSHPQFEK,1777083.0230681067,276168.724282103,7.17857356445727
Y54G,MDIGIDSDPQKTNAVPRPKLVVGLVVDQMRWDYLYRYYSKYGEGGFKRMLNTGGSLNNVHIDYVPTVTAIGHTSIFTGSVPSIHGIAGNDWYDKELGKSVYCTSDETVQPVGTTSNSVGQHSPRNLWSTTVTDQLGLATNFTSKVVGVSLKDRASILPAGHNPTGAFWFDDTTGKFITSTYYTKELPKWVNDFNNKNVPAQLVANGWNTLLPINQYTESSEDNVEWEGLLGSKKTPTFPYTDLAKDYEAKKGLIRTTPFGNTLTLQMADAAIDGNQMGVDDITDFLTVNLASTDYVGHNFGPNSIEVEDTYLRLDRDLADFFNNLDKKVGKGNYLVFLSADHGAAHSVGFMQAHKMPTGFFVEDMKKEMNAKLKQKFGADNIIAAAMNYQVYFDRKVLADSKLELDDVRDYVMTELKKEPSVLYVLSTDEIWESSIPEPIKSRVINGYNWKRSGDIQIISKDGYLSAYSKKGTTHSVWNSYDSHIPLLFMGWGIKQGESNQPYHMTDIAPTVSSLLKIQFPSGAVGKPITEVIGRIEGRSAWSHPQFEK,1563450.0074652885,441115.437559337,9.645812945249142
T428G,MDIGIDSDPQKTNAVPRPKLVVGLVVDQMRWDYLYRYYSKYGEGGFKRMLNTGYSLNNVHIDYVPTVTAIGHTSIFTGSVPSIHGIAGNDWYDKELGKSVYCTSDETVQPVGTTSNSVGQHSPRNLWSTTVTDQLGLATNFTSKVVGVSLKDRASILPAGHNPTGAFWFDDTTGKFITSTYYTKELPKWVNDFNNKNVPAQLVANGWNTLLPINQYTESSEDNVEWEGLLGSKKTPTFPYTDLAKDYEAKKGLIRTTPFGNTLTLQMADAAIDGNQMGVDDITDFLTVNLASTDYVGHNFGPNSIEVEDTYLRLDRDLADFFNNLDKKVGKGNYLVFLSADHGAAHSVGFMQAHKMPTGFFVEDMKKEMNAKLKQKFGADNIIAAAMNYQVYFDRKVLADSKLELDDVRDYVMTELKKEPSVLYVLSGDEIWESSIPEPIKSRVINGYNWKRSGDIQIISKDGYLSAYSKKGTTHSVWNSYDSHIPLLFMGWGIKQGESNQPYHMTDIAPTVSSLLKIQFPSGAVGKPITEVIGRIEGRSAWSHPQFEK,952145.6239998662,367679.33272950776,16.93089966993361
I156G,MDIGIDSDPQKTNAVPRPKLVVGLVVDQMRWDYLYRYYSKYGEGGFKRMLNTGYSLNNVHIDYVPTVTAIGHTSIFTGSVPSIHGIAGNDWYDKELGKSVYCTSDETVQPVGTTSNSVGQHSPRNLWSTTVTDQLGLATNFTSKVVGVSLKDRASGLPAGHNPTGAFWFDDTTGKFITSTYYTKELPKWVNDFNNKNVPAQLVANGWNTLLPINQYTESSEDNVEWEGLLGSKKTPTFPYTDLAKDYEAKKGLIRTTPFGNTLTLQMADAAIDGNQMGVDDITDFLTVNLASTDYVGHNFGPNSIEVEDTYLRLDRDLADFFNNLDKKVGKGNYLVFLSADHGAAHSVGFMQAHKMPTGFFVEDMKKEMNAKLKQKFGADNIIAAAMNYQVYFDRKVLADSKLELDDVRDYVMTELKKEPSVLYVLSTDEIWESSIPEPIKSRVINGYNWKRSGDIQIISKDGYLSAYSKKGTTHSVWNSYDSHIPLLFMGWGIKQGESNQPYHMTDIAPTVSSLLKIQFPSGAVGKPITEVIGRIEGRSAWSHPQFEK,1025959.8725464726,347616.74873803754,13.018039682694004
N51V,MDIGIDSDPQKTNAVPRPKLVVGLVVDQMRWDYLYRYYSKYGEGGFKRMLVTGYSLNNVHIDYVPTVTAIGHTSIFTGSVPSIHGIAGNDWYDKELGKSVYCTSDETVQPVGTTSNSVGQHSPRNLWSTTVTDQLGLATNFTSKVVGVSLKDRASILPAGHNPTGAFWFDDTTGKFITSTYYTKELPKWVNDFNNKNVPAQLVANGWNTLLPINQYTESSEDNVEWEGLLGSKKTPTFPYTDLAKDYEAKKGLIRTTPFGNTLTLQMADAAIDGNQMGVDDITDFLTVNLASTDYVGHNFGPNSIEVEDTYLRLDRDLADFFNNLDKKVGKGNYLVFLSADHGAAHSVGFMQAHKMPTGFFVEDMKKEMNAKLKQKFGADNIIAAAMNYQVYFDRKVLADSKLELDDVRDYVMTELKKEPSVLYVLSTDEIWESSIPEPIKSRVINGYNWKRSGDIQIISKDGYLSAYSKKGTTHSVWNSYDSHIPLLFMGWGIKQGESNQPYHMTDIAPTVSSLLKIQFPSGAVGKPITEVIGRIEGRSAWSHPQFEK,685544.8874979487,269483.1806213416,8.707892431920735
V15G,MDIGIDSDPQKTNAGPRPKLVVGLVVDQMRWDYLYRYYSKYGEGGFKRMLNTGYSLNNVHIDYVPTVTAIGHTSIFTGSVPSIHGIAGNDWYDKELGKSVYCTSDETVQPVGTTSNSVGQHSPRNLWSTTVTDQLGLATNFTSKVVGVSLKDRASILPAGHNPTGAFWFDDTTGKFITSTYYTKELPKWVNDFNNKNVPAQLVANGWNTLLPINQYTESSEDNVEWEGLLGSKKTPTFPYTDLAKDYEAKKGLIRTTPFGNTLTLQMADAAIDGNQMGVDDITDFLTVNLASTDYVGHNFGPNSIEVEDTYLRLDRDLADFFNNLDKKVGKGNYLVFLSADHGAAHSVGFMQAHKMPTGFFVEDMKKEMNAKLKQKFGADNIIAAAMNYQVYFDRKVLADSKLELDDVRDYVMTELKKEPSVLYVLSTDEIWESSIPEPIKSRVINGYNWKRSGDIQIISKDGYLSAYSKKGTTHSVWNSYDSHIPLLFMGWGIKQGESNQPYHMTDIAPTVSSLLKIQFPSGAVGKPITEVIGRIEGRSAWSHPQFEK,993808.2572947666,321437.3546890987,13.397367091736358
Y182V,MDIGIDSDPQKTNAVPRPKLVVGLVVDQMRWDYLYRYYSKYGEGGFKRMLNTGYSLNNVHIDYVPTVTAIGHTSIFTGSVPSIHGIAGNDWYDKELGKSVYCTSDETVQPVGTTSNSVGQHSPRNLWSTTVTDQLGLATNFTSKVVGVSLKDRASILPAGHNPTGAFWFDDTTGKFITSTYVTKELPKWVNDFNNKNVPAQLVANGWNTLLPINQYTESSEDNVEWEGLLGSKKTPTFPYTDLAKDYEAKKGLIRTTPFGNTLTLQMADAAIDGNQMGVDDITDFLTVNLASTDYVGHNFGPNSIEVEDTYLRLDRDLADFFNNLDKKVGKGNYLVFLSADHGAAHSVGFMQAHKMPTGFFVEDMKKEMNAKLKQKFGADNIIAAAMNYQVYFDRKVLADSKLELDDVRDYVMTELKKEPSVLYVLSTDEIWESSIPEPIKSRVINGYNWKRSGDIQIISKDGYLSAYSKKGTTHSVWNSYDSHIPLLFMGWGIKQGESNQPYHMTDIAPTVSSLLKIQFPSGAVGKPITEVIGRIEGRSAWSHPQFEK,1182595.8429615442,686499.2049614874,10.915075958045255
P110G,MDIGIDSDPQKTNAVPRPKLVVGLVVDQMRWDYLYRYYSKYGEGGFKRMLNTGYSLNNVHIDYVPTVTAIGHTSIFTGSVPSIHGIAGNDWYDKELGKSVYCTSDETVQGVGTTSNSVGQHSPRNLWSTTVTDQLGLATNFTSKVVGVSLKDRASILPAGHNPTGAFWFDDTTGKFITSTYYTKELPKWVNDFNNKNVPAQLVANGWNTLLPINQYTESSEDNVEWEGLLGSKKTPTFPYTDLAKDYEAKKGLIRTTPFGNTLTLQMADAAIDGNQMGVDDITDFLTVNLASTDYVGHNFGPNSIEVEDTYLRLDRDLADFFNNLDKKVGKGNYLVFLSADHGAAHSVGFMQAHKMPTGFFVEDMKKEMNAKLKQKFGADNIIAAAMNYQVYFDRKVLADSKLELDDVRDYVMTELKKEPSVLYVLSTDEIWESSIPEPIKSRVINGYNWKRSGDIQIISKDGYLSAYSKKGTTHSVWNSYDSHIPLLFMGWGIKQGESNQPYHMTDIAPTVSSLLKIQFPSGAVGKPITEVIGRIEGRSAWSHPQFEK,1460178.867925007,377398.7522215943,11.651814311332492
D455G,MDIGIDSDPQKTNAVPRPKLVVGLVVDQMRWDYLYRYYSKYGEGGFKRMLNTGYSLNNVHIDYVPTVTAIGHTSIFTGSVPSIHGIAGNDWYDKELGKSVYCTSDETVQPVGTTSNSVGQHSPRNLWSTTVTDQLGLATNFTSKVVGVSLKDRASILPAGHNPTGAFWFDDTTGKFITSTYYTKELPKWVNDFNNKNVPAQLVANGWNTLLPINQYTESSEDNVEWEGLLGSKKTPTFPYTDLAKDYEAKKGLIRTTPFGNTLTLQMADAAIDGNQMGVDDITDFLTVNLASTDYVGHNFGPNSIEVEDTYLRLDRDLADFFNNLDKKVGKGNYLVFLSADHGAAHSVGFMQAHKMPTGFFVEDMKKEMNAKLKQKFGADNIIAAAMNYQVYFDRKVLADSKLELDDVRDYVMTELKKEPSVLYVLSTDEIWESSIPEPIKSRVINGYNWKRSGGIQIISKDGYLSAYSKKGTTHSVWNSYDSHIPLLFMGWGIKQGESNQPYHMTDIAPTVSSLLKIQFPSGAVGKPITEVIGRIEGRSAWSHPQFEK,468833.6203481316,721290.8742786342,3.696142823555798
A399V,MDIGIDSDPQKTNAVPRPKLVVGLVVDQMRWDYLYRYYSKYGEGGFKRMLNTGYSLNNVHIDYVPTVTAIGHTSIFTGSVPSIHGIAGNDWYDKELGKSVYCTSDETVQPVGTTSNSVGQHSPRNLWSTTVTDQLGLATNFTSKVVGVSLKDRASILPAGHNPTGAFWFDDTTGKFITSTYYTKELPKWVNDFNNKNVPAQLVANGWNTLLPINQYTESSEDNVEWEGLLGSKKTPTFPYTDLAKDYEAKKGLIRTTPFGNTLTLQMADAAIDGNQMGVDDITDFLTVNLASTDYVGHNFGPNSIEVEDTYLRLDRDLADFFNNLDKKVGKGNYLVFLSADHGAAHSVGFMQAHKMPTGFFVEDMKKEMNAKLKQKFGADNIIAAAMNYQVYFDRKVLVDSKLELDDVRDYVMTELKKEPSVLYVLSTDEIWESSIPEPIKSRVINGYNWKRSGDIQIISKDGYLSAYSKKGTTHSVWNSYDSHIPLLFMGWGIKQGESNQPYHMTDIAPTVSSLLKIQFPSGAVGKPITEVIGRIEGRSAWSHPQFEK,1421309.669913314,321530.99267856893,10.326035558958212
K331V,MDIGIDSDPQKTNAVPRPKLVVGLVVDQMRWDYLYRYYSKYGEGGFKRMLNTGYSLNNVHIDYVPTVTAIGHTSIFTGSVPSIHGIAGNDWYDKELGKSVYCTSDETVQPVGTTSNSVGQHSPRNLWSTTVTDQLGLATNFTSKVVGVSLKDRASILPAGHNPTGAFWFDDTTGKFITSTYYTKELPKWVNDFNNKNVPAQLVANGWNTLLPINQYTESSEDNVEWEGLLGSKKTPTFPYTDLAKDYEAKKGLIRTTPFGNTLTLQMADAAIDGNQMGVDDITDFLTVNLASTDYVGHNFGPNSIEVEDTYLRLDRDLADFFNNLDKKVGVGNYLVFLSADHGAAHSVGFMQAHKMPTGFFVEDMKKEMNAKLKQKFGADNIIAAAMNYQVYFDRKVLADSKLELDDVRDYVMTELKKEPSVLYVLSTDEIWESSIPEPIKSRVINGYNWKRSGDIQIISKDGYLSAYSKKGTTHSVWNSYDSHIPLLFMGWGIKQGESNQPYHMTDIAPTVSSLLKIQFPSGAVGKPITEVIGRIEGRSAWSHPQFEK,1466353.6674936037,350256.98773545853,9.439571795175238
D394V,MDIGIDSDPQKTNAVPRPKLVVGLVVDQMRWDYLYRYYSKYGEGGFKRMLNTGYSLNNVHIDYVPTVTAIGHTSIFTGSVPSIHGIAGNDWYDKELGKSVYCTSDETVQPVGTTSNSVGQHSPRNLWSTTVTDQLGLATNFTSKVVGVSLKDRASILPAGHNPTGAFWFDDTTGKFITSTYYTKELPKWVNDFNNKNVPAQLVANGWNTLLPINQYTESSEDNVEWEGLLGSKKTPTFPYTDLAKDYEAKKGLIRTTPFGNTLTLQMADAAIDGNQMGVDDITDFLTVNLASTDYVGHNFGPNSIEVEDTYLRLDRDLADFFNNLDKKVGKGNYLVFLSADHGAAHSVGFMQAHKMPTGFFVEDMKKEMNAKLKQKFGADNIIAAAMNYQVYFVRKVLADSKLELDDVRDYVMTELKKEPSVLYVLSTDEIWESSIPEPIKSRVINGYNWKRSGDIQIISKDGYLSAYSKKGTTHSVWNSYDSHIPLLFMGWGIKQGESNQPYHMTDIAPTVSSLLKIQFPSGAVGKPITEVIGRIEGRSAWSHPQFEK,2101712.382231022,225480.10598426333,26.09406500277368
D242V,MDIGIDSDPQKTNAVPRPKLVVGLVVDQMRWDYLYRYYSKYGEGGFKRMLNTGYSLNNVHIDYVPTVTAIGHTSIFTGSVPSIHGIAGNDWYDKELGKSVYCTSDETVQPVGTTSNSVGQHSPRNLWSTTVTDQLGLATNFTSKVVGVSLKDRASILPAGHNPTGAFWFDDTTGKFITSTYYTKELPKWVNDFNNKNVPAQLVANGWNTLLPINQYTESSEDNVEWEGLLGSKKTPTFPYTVLAKDYEAKKGLIRTTPFGNTLTLQMADAAIDGNQMGVDDITDFLTVNLASTDYVGHNFGPNSIEVEDTYLRLDRDLADFFNNLDKKVGKGNYLVFLSADHGAAHSVGFMQAHKMPTGFFVEDMKKEMNAKLKQKFGADNIIAAAMNYQVYFDRKVLADSKLELDDVRDYVMTELKKEPSVLYVLSTDEIWESSIPEPIKSRVINGYNWKRSGDIQIISKDGYLSAYSKKGTTHSVWNSYDSHIPLLFMGWGIKQGESNQPYHMTDIAPTVSSLLKIQFPSGAVGKPITEVIGRIEGRSAWSHPQFEK,1064185.8506719072,251520.71154298837,12.153035910930834
V198A,MDIGIDSDPQKTNAVPRPKLVVGLVVDQMRWDYLYRYYSKYGEGGFKRMLNTGYSLNNVHIDYVPTVTAIGHTSIFTGSVPSIHGIAGNDWYDKELGKSVYCTSDETVQPVGTTSNSVGQHSPRNLWSTTVTDQLGLATNFTSKVVGVSLKDRASILPAGHNPTGAFWFDDTTGKFITSTYYTKELPKWVNDFNNKNAPAQLVANGWNTLLPINQYTESSEDNVEWEGLLGSKKTPTFPYTDLAKDYEAKKGLIRTTPFGNTLTLQMADAAIDGNQMGVDDITDFLTVNLASTDYVGHNFGPNSIEVEDTYLRLDRDLADFFNNLDKKVGKGNYLVFLSADHGAAHSVGFMQAHKMPTGFFVEDMKKEMNAKLKQKFGADNIIAAAMNYQVYFDRKVLADSKLELDDVRDYVMTELKKEPSVLYVLSTDEIWESSIPEPIKSRVINGYNWKRSGDIQIISKDGYLSAYSKKGTTHSVWNSYDSHIPLLFMGWGIKQGESNQPYHMTDIAPTVSSLLKIQFPSGAVGKPITEVIGRIEGRSAWSHPQFEK,1209268.6808608428,258362.12241620783,11.530808369794036
Y38G,MDIGIDSDPQKTNAVPRPKLVVGLVVDQMRWDYLYRYGSKYGEGGFKRMLNTGYSLNNVHIDYVPTVTAIGHTSIFTGSVPSIHGIAGNDWYDKELGKSVYCTSDETVQPVGTTSNSVGQHSPRNLWSTTVTDQLGLATNFTSKVVGVSLKDRASILPAGHNPTGAFWFDDTTGKFITSTYYTKELPKWVNDFNNKNVPAQLVANGWNTLLPINQYTESSEDNVEWEGLLGSKKTPTFPYTDLAKDYEAKKGLIRTTPFGNTLTLQMADAAIDGNQMGVDDITDFLTVNLASTDYVGHNFGPNSIEVEDTYLRLDRDLADFFNNLDKKVGKGNYLVFLSADHGAAHSVGFMQAHKMPTGFFVEDMKKEMNAKLKQKFGADNIIAAAMNYQVYFDRKVLADSKLELDDVRDYVMTELKKEPSVLYVLSTDEIWESSIPEPIKSRVINGYNWKRSGDIQIISKDGYLSAYSKKGTTHSVWNSYDSHIPLLFMGWGIKQGESNQPYHMTDIAPTVSSLLKIQFPSGAVGKPITEVIGRIEGRSAWSHPQFEK,305704.09185666335,110504.7649263469,10.646479839406778
